Time,Open,High,Low,Latest,Change,%Change,Volume
2026-03-23,0.03716,0.03716,0.03716,0.03716,0.00029,+0.79%,0
2026-03-19,0.03687,0.03687,0.03687,0.03687,0,0.00%,0
2026-03-17,0.03687,0.03687,0.03687,0.03687,0.00001,+0.03%,0
2026-03-16,0.03686,0.03686,0.03686,0.03686,0.00003,+0.08%,0
2026-03-13,0.03683,0.03683,0.03683,0.03683,0.00009,+0.24%,0
2026-03-12,0.03674,0.03674,0.03674,0.03674,0.00003,+0.08%,0
2026-03-11,0.03671,0.03671,0.03671,0.03671,-0.00004,-0.11%,0
2026-03-10,0.03675,0.03675,0.03675,0.03675,0.00013,+0.35%,0
2026-03-09,0.03662,0.03662,0.03662,0.03662,-0.00007,-0.19%,0
2026-03-06,0.03669,0.03669,0.03669,0.03669,0,0.00%,0
2026-03-05,0.03669,0.03669,0.03669,0.03669,0,0.00%,0
2026-03-04,0.03669,0.03669,0.03669,0.03669,0.00001,+0.03%,0
2026-03-03,0.03668,0.03668,0.03668,0.03668,0.00011,+0.30%,0
2026-03-02,0.03657,0.03657,0.03657,0.03657,-0.00009,-0.25%,0
2026-02-27,0.03666,0.03666,0.03666,0.03666,-0.00001,-0.03%,0
2026-02-26,0.03667,0.03667,0.03667,0.03667,-0.00006,-0.16%,0
2026-02-25,0.03673,0.03673,0.03673,0.03673,0,0.00%,0
2026-02-24,0.03673,0.03673,0.03673,0.03673,0.00004,+0.11%,0
2026-02-23,0.03669,0.03669,0.03669,0.03669,0.00004,+0.11%,0
2026-02-20,0.03665,0.03665,0.03665,0.03665,0.00001,+0.03%,0
2026-02-19,0.03664,0.03664,0.03664,0.03664,0.00008,+0.22%,0
2026-02-18,0.03656,0.03656,0.03656,0.03656,0.00004,+0.11%,0
2026-02-17,0.03652,0.03652,0.03652,0.03652,-0.00003,-0.08%,0
2026-02-13,0.03655,0.03655,0.03655,0.03655,0.00003,+0.08%,0
2026-02-12,0.03652,0.03652,0.03652,0.03652,0.00019,+0.52%,0
2026-02-11,0.03633,0.03633,0.03633,0.03633,-0.00006,-0.16%,0
2026-02-10,0.03639,0.03639,0.03639,0.03639,-0.00004,-0.11%,0
2026-02-09,0.03643,0.03643,0.03643,0.03643,0.00003,+0.08%,0
2026-02-06,0.0364,0.0364,0.0364,0.0364,-0.0002,-0.55%,0
2026-02-05,0.0366,0.0366,0.0366,0.0366,-0.00006,-0.16%,0
2026-02-04,0.03666,0.03666,0.03666,0.03666,0.00003,+0.08%,0
2026-02-03,0.03663,0.03663,0.03663,0.03663,0.00002,+0.05%,0
2026-02-02,0.03661,0.03661,0.03661,0.03661,0.00001,+0.03%,0
2026-01-30,0.0366,0.0366,0.0366,0.0366,-0.00004,-0.11%,0
2026-01-29,0.03664,0.03664,0.03664,0.03664,-0.00003,-0.08%,0
2026-01-28,0.03667,0.03667,0.03667,0.03667,-0.00004,-0.11%,0
2026-01-27,0.03671,0.03671,0.03671,0.03671,0,0.00%,0
2026-01-26,0.03671,0.03671,0.03671,0.03671,0.00001,+0.03%,0
2026-01-23,0.0367,0.0367,0.0367,0.0367,0.00002,+0.05%,0
2026-01-22,0.03668,0.03668,0.03668,0.03668,-0.00003,-0.08%,0
2026-01-21,0.03671,0.03671,0.03671,0.03671,0.00002,+0.05%,0
2026-01-20,0.03669,0.03669,0.03669,0.03669,-0.00001,-0.03%,0
2026-01-16,0.0367,0.0367,0.0367,0.0367,0.00002,+0.05%,0
2026-01-15,0.03668,0.03668,0.03668,0.03668,-0.00003,-0.08%,0
2026-01-14,0.03671,0.03671,0.03671,0.03671,-0.00001,-0.03%,0
2026-01-13,0.03672,0.03672,0.03672,0.03672,0.00005,+0.14%,0
2026-01-12,0.03667,0.03667,0.03667,0.03667,0.00015,+0.41%,0
2026-01-09,0.03652,0.03652,0.03652,0.03652,0.00002,+0.05%,0
2026-01-08,0.0365,0.0365,0.0365,0.0365,0.00002,+0.05%,0
2026-01-07,0.03648,0.03648,0.03648,0.03648,0.00002,+0.05%,0
2026-01-06,0.03646,0.03646,0.03646,0.03646,0,0.00%,0
2026-01-05,0.03646,0.03646,0.03646,0.03646,-0.00004,-0.11%,0
2026-01-02,0.0365,0.0365,0.0365,0.0365,-0.00002,-0.05%,0
2025-12-31,0.03652,0.03652,0.03652,0.03652,-0.00009,-0.25%,0
2025-12-30,0.03661,0.03661,0.03661,0.03661,-0.00011,-0.30%,0
2025-12-29,0.03672,0.03672,0.03672,0.03672,-0.00014,-0.38%,0
2025-12-26,0.03686,0.03686,0.03686,0.03686,-0.00004,-0.11%,0
2025-12-24,0.0369,0.0369,0.0369,0.0369,0.00001,+0.03%,0
2025-12-23,0.03689,0.03689,0.03689,0.03689,0,0.00%,0
2025-12-22,0.03689,0.03689,0.03689,0.03689,0.00004,+0.11%,0
2025-12-19,0.03685,0.03685,0.03685,0.03685,-0.0001,-0.27%,0
2025-12-18,0.03695,0.03695,0.03695,0.03695,-0.00006,-0.16%,0
2025-12-17,0.03701,0.03701,0.03701,0.03701,0,0.00%,0
2025-12-16,0.03701,0.03701,0.03701,0.03701,-0.00004,-0.11%,0
2025-12-15,0.03705,0.03705,0.03705,0.03705,-0.00001,-0.03%,0
2025-12-12,0.03706,0.03706,0.03706,0.03706,-0.00017,-0.46%,0
2025-12-11,0.03723,0.03723,0.03723,0.03723,-0.0001,-0.27%,0
2025-12-10,0.03733,0.03733,0.03733,0.03733,-0.00003,-0.08%,0
2025-12-09,0.03736,0.03736,0.03736,0.03736,-0.00002,-0.05%,0
2025-12-08,0.03738,0.03738,0.03738,0.03738,0,0.00%,0
2025-12-05,0.03738,0.03738,0.03738,0.03738,0,0.00%,0
2025-12-04,0.03738,0.03738,0.03738,0.03738,-0.00022,-0.59%,0
2025-12-03,0.0376,0.0376,0.0376,0.0376,-0.00013,-0.34%,0
2025-12-01,0.03773,0.03773,0.03773,0.03773,-0.00014,-0.37%,0
2025-11-28,0.03787,0.03787,0.03787,0.03787,-0.00005,-0.13%,0
2025-11-26,0.03792,0.03792,0.03792,0.03792,-0.0003,-0.78%,0
2025-11-25,0.03822,0.03822,0.03822,0.03822,-0.00013,-0.34%,0
2025-11-24,0.03835,0.03835,0.03835,0.03835,-0.00044,-1.13%,0
2025-11-21,0.03879,0.03879,0.03879,0.03879,0.00002,+0.05%,0
2025-11-20,0.03877,0.03877,0.03877,0.03877,0.00008,+0.21%,0
2025-11-19,0.03869,0.03869,0.03869,0.03869,-0.0002,-0.51%,0
2025-11-18,0.03889,0.03889,0.03889,0.03889,0.00011,+0.28%,0
2025-11-17,0.03878,0.03878,0.03878,0.03878,0.00003,+0.08%,0
2025-11-14,0.03875,0.03875,0.03875,0.03875,0.00023,+0.60%,0
2025-11-13,0.03852,0.03852,0.03852,0.03852,-0.00001,-0.03%,0
2025-11-12,0.03853,0.03853,0.03853,0.03853,0.00012,+0.31%,0
2025-11-10,0.03841,0.03841,0.03841,0.03841,-0.00003,-0.08%,0
2025-11-07,0.03844,0.03844,0.03844,0.03844,-0.00021,-0.54%,0
2025-11-06,0.03865,0.03865,0.03865,0.03865,-0.00005,-0.13%,0
2025-11-05,0.0387,0.0387,0.0387,0.0387,-0.00017,-0.44%,0
2025-11-04,0.03887,0.03887,0.03887,0.03887,-0.00014,-0.36%,0
2025-11-03,0.03901,0.03901,0.03901,0.03901,0.00012,+0.31%,0
2025-10-31,0.03889,0.03889,0.03889,0.03889,0.00035,+0.91%,0
2025-10-30,0.03854,0.03854,0.03854,0.03854,0.00014,+0.36%,0
2025-10-29,0.0384,0.0384,0.0384,0.0384,-0.00019,-0.49%,0
2025-10-24,0.03859,0.03859,0.03859,0.03859,0.00001,+0.03%,0
2025-10-23,0.03858,0.03858,0.03858,0.03858,-0.00007,-0.18%,0
2025-10-22,0.03865,0.03865,0.03865,0.03865,0.00005,+0.13%,0
2025-10-21,0.0386,0.0386,0.0386,0.0386,0.00003,+0.08%,0
2025-10-20,0.03857,0.03857,0.03857,0.03857,-0.00013,-0.34%,0
2025-10-17,0.0387,0.0387,0.0387,0.0387,-0.00014,-0.36%,0
2025-10-16,0.03884,0.03884,0.03884,0.03884,0.00002,+0.05%,0
2025-10-15,0.03882,0.03882,0.03882,0.03882,-0.00012,-0.31%,0
2025-10-14,0.03894,0.03894,0.03894,0.03894,-0.0001,-0.26%,0
2025-10-10,0.03904,0.03904,0.03904,0.03904,-0.00008,-0.20%,0
2025-10-09,0.03912,0.03912,0.03912,0.03912,-0.00015,-0.38%,0
2025-10-08,0.03927,0.03927,0.03927,0.03927,-0.00008,-0.20%,0
2025-10-07,0.03935,0.03935,0.03935,0.03935,-0.00002,-0.05%,0
2025-10-06,0.03937,0.03937,0.03937,0.03937,0.00002,+0.05%,0
2025-10-03,0.03935,0.03935,0.03935,0.03935,0.00001,+0.03%,0
2025-10-02,0.03934,0.03934,0.03934,0.03934,-0.00023,-0.58%,0
2025-10-01,0.03957,0.03957,0.03957,0.03957,-0.00019,-0.48%,0
2025-09-30,0.03976,0.03976,0.03976,0.03976,-0.00009,-0.23%,0
2025-09-29,0.03985,0.03985,0.03985,0.03985,-0.00017,-0.42%,0
2025-09-26,0.04002,0.04002,0.04002,0.04002,0.00012,+0.30%,0
2025-09-25,0.0399,0.0399,0.0399,0.0399,-0.00008,-0.20%,0
2025-09-24,0.03998,0.03998,0.03998,0.03998,-0.00002,-0.05%,0
2025-09-23,0.04,0.04,0.04,0.04,-0.00003,-0.07%,0
2025-09-22,0.04003,0.04003,0.04003,0.04003,-0.0001,-0.25%,0
2025-09-19,0.04013,0.04013,0.04013,0.04013,0.0001,+0.25%,0
2025-09-18,0.04003,0.04003,0.04003,0.04003,-0.0002,-0.50%,0
2025-09-17,0.04023,0.04023,0.04023,0.04023,-0.00003,-0.07%,0
2025-09-16,0.04026,0.04026,0.04026,0.04026,0.00003,+0.07%,0
2025-09-15,0.04023,0.04023,0.04023,0.04023,0.00002,+0.05%,0
2025-09-12,0.04021,0.04021,0.04021,0.04021,-0.00017,-0.42%,0
2025-09-11,0.04038,0.04038,0.04038,0.04038,-0.0002,-0.49%,0
2025-09-10,0.04058,0.04058,0.04058,0.04058,0.00002,+0.05%,0
2025-09-09,0.04056,0.04056,0.04056,0.04056,-0.00014,-0.34%,0
2025-09-08,0.0407,0.0407,0.0407,0.0407,-0.00053,-1.29%,0
2025-09-05,0.04123,0.04123,0.04123,0.04123,-0.00008,-0.19%,0
2025-09-04,0.04131,0.04131,0.04131,0.04131,-0.00023,-0.55%,0
2025-09-03,0.04154,0.04154,0.04154,0.04154,-0.00006,-0.14%,0
2025-09-02,0.0416,0.0416,0.0416,0.0416,-0.00011,-0.26%,0
2025-08-29,0.04171,0.04171,0.04171,0.04171,0,0.00%,0
2025-08-28,0.04171,0.04171,0.04171,0.04171,-0.00028,-0.67%,0
2025-08-27,0.04199,0.04199,0.04199,0.04199,-0.00006,-0.14%,0
2025-08-26,0.04205,0.04205,0.04205,0.04205,0.00007,+0.17%,0
2025-08-25,0.04198,0.04198,0.04198,0.04198,-0.00025,-0.59%,0
2025-08-22,0.04223,0.04223,0.04223,0.04223,0.00027,+0.64%,0
2025-08-21,0.04196,0.04196,0.04196,0.04196,-0.00008,-0.19%,0
2025-08-20,0.04204,0.04204,0.04204,0.04204,-0.00011,-0.26%,0
2025-08-19,0.04215,0.04215,0.04215,0.04215,0.00012,+0.29%,0
2025-08-18,0.04203,0.04203,0.04203,0.04203,0.00008,+0.19%,0
2025-08-15,0.04195,0.04195,0.04195,0.04195,0.0001,+0.24%,0
2025-08-14,0.04185,0.04185,0.04185,0.04185,-0.00026,-0.62%,0
2025-08-13,0.04211,0.04211,0.04211,0.04211,-0.00022,-0.52%,0
2025-08-12,0.04233,0.04233,0.04233,0.04233,0.00005,+0.12%,0
2025-08-11,0.04228,0.04228,0.04228,0.04228,0.00002,+0.05%,0
2025-08-08,0.04226,0.04226,0.04226,0.04226,0,0.00%,0
2025-08-07,0.04226,0.04226,0.04226,0.04226,-0.00008,-0.19%,0
2025-08-06,0.04234,0.04234,0.04234,0.04234,-0.00008,-0.19%,0
2025-08-05,0.04242,0.04242,0.04242,0.04242,-0.00013,-0.31%,0
2025-08-04,0.04255,0.04255,0.04255,0.04255,-0.00066,-1.53%,0
2025-08-01,0.04321,0.04321,0.04321,0.04321,0.0002,+0.47%,0
2025-07-31,0.04301,0.04301,0.04301,0.04301,0.00005,+0.12%,0
2025-07-30,0.04296,0.04296,0.04296,0.04296,-0.00012,-0.28%,0
2025-07-29,0.04308,0.04308,0.04308,0.04308,-0.00002,-0.05%,0
2025-07-28,0.0431,0.0431,0.0431,0.0431,-0.00004,-0.09%,0
2025-07-25,0.04314,0.04314,0.04314,0.04314,0,0.00%,0
2025-07-24,0.04314,0.04314,0.04314,0.04314,-0.00004,-0.09%,0
2025-07-23,0.04318,0.04318,0.04318,0.04318,-0.00001,-0.02%,0
2025-07-22,0.04319,0.04319,0.04319,0.04319,0,0.00%,0
2025-07-21,0.04319,0.04319,0.04319,0.04319,-0.00013,-0.30%,0
2025-07-18,0.04332,0.04332,0.04332,0.04332,0.00006,+0.14%,0
2025-07-17,0.04326,0.04326,0.04326,0.04326,-0.00003,-0.07%,0
2025-07-16,0.04329,0.04329,0.04329,0.04329,0.00007,+0.16%,0
2025-07-15,0.04322,0.04322,0.04322,0.04322,0.00004,+0.09%,0
2025-07-14,0.04318,0.04318,0.04318,0.04318,0,0.00%,0
2025-07-11,0.04318,0.04318,0.04318,0.04318,-0.00002,-0.05%,0
2025-07-10,0.0432,0.0432,0.0432,0.0432,-0.00009,-0.21%,0
2025-07-09,0.04329,0.04329,0.04329,0.04329,0,0.00%,0
2025-07-08,0.04329,0.04329,0.04329,0.04329,0.00009,+0.21%,0
2025-07-07,0.0432,0.0432,0.0432,0.0432,0.00041,+0.96%,0
2025-07-03,0.04279,0.04279,0.04279,0.04279,-0.00007,-0.16%,0
2025-07-02,0.04286,0.04286,0.04286,0.04286,-0.00012,-0.28%,0
2025-07-01,0.04298,0.04298,0.04298,0.04298,0.00006,+0.14%,0
2025-06-30,0.04292,0.04292,0.04292,0.04292,0.00001,+0.02%,0
2025-06-27,0.04291,0.04291,0.04291,0.04291,-0.00005,-0.12%,0
2025-06-26,0.04296,0.04296,0.04296,0.04296,-0.00006,-0.14%,0
2025-06-25,0.04302,0.04302,0.04302,0.04302,0,0.00%,0
2025-06-24,0.04302,0.04302,0.04302,0.04302,-0.00015,-0.35%,0
2025-06-23,0.04317,0.04317,0.04317,0.04317,-0.00004,-0.09%,0
2025-06-20,0.04321,0.04321,0.04321,0.04321,-0.00003,-0.07%,0
2025-06-18,0.04324,0.04324,0.04324,0.04324,0.00005,+0.12%,0
2025-06-17,0.04319,0.04319,0.04319,0.04319,0.00006,+0.14%,0
2025-06-16,0.04313,0.04313,0.04313,0.04313,0.00003,+0.07%,0
2025-06-13,0.0431,0.0431,0.0431,0.0431,-0.00008,-0.19%,0
2025-06-12,0.04318,0.04318,0.04318,0.04318,-0.00005,-0.12%,0
2025-06-11,0.04323,0.04323,0.04323,0.04323,-0.00001,-0.02%,0
2025-06-10,0.04324,0.04324,0.04324,0.04324,0.00001,+0.02%,0
2025-06-09,0.04323,0.04323,0.04323,0.04323,0.00016,+0.37%,0
2025-06-06,0.04307,0.04307,0.04307,0.04307,-0.00003,-0.07%,0
2025-06-05,0.0431,0.0431,0.0431,0.0431,-0.00006,-0.14%,0
2025-06-04,0.04316,0.04316,0.04316,0.04316,-0.00002,-0.05%,0
2025-06-03,0.04318,0.04318,0.04318,0.04318,-0.00002,-0.05%,0
2025-06-02,0.0432,0.0432,0.0432,0.0432,-0.00004,-0.09%,0
2025-05-30,0.04324,0.04324,0.04324,0.04324,-0.00006,-0.14%,0
2025-05-29,0.0433,0.0433,0.0433,0.0433,-0.00003,-0.07%,0
2025-05-28,0.04333,0.04333,0.04333,0.04333,0.00004,+0.09%,0
2025-05-27,0.04329,0.04329,0.04329,0.04329,-0.00001,-0.02%,0
2025-05-23,0.0433,0.0433,0.0433,0.0433,0,0.00%,0
2025-05-22,0.0433,0.0433,0.0433,0.0433,0.00001,+0.02%,0
2025-05-21,0.04329,0.04329,0.04329,0.04329,0.00003,+0.07%,0
2025-05-20,0.04326,0.04326,0.04326,0.04326,0.00005,+0.12%,0
2025-05-19,0.04321,0.04321,0.04321,0.04321,-0.00001,-0.02%,0
2025-05-16,0.04322,0.04322,0.04322,0.04322,-0.00002,-0.05%,0
2025-05-15,0.04324,0.04324,0.04324,0.04324,-0.00001,-0.02%,0
2025-05-14,0.04325,0.04325,0.04325,0.04325,-0.00001,-0.02%,0
2025-05-13,0.04326,0.04326,0.04326,0.04326,0.00018,+0.42%,0
2025-05-12,0.04308,0.04308,0.04308,0.04308,0,0.00%,0
2025-05-09,0.04308,0.04308,0.04308,0.04308,0.00008,+0.19%,0
2025-05-08,0.043,0.043,0.043,0.043,-0.00007,-0.16%,0
2025-05-06,0.04307,0.04307,0.04307,0.04307,0.00008,+0.19%,0
2025-05-05,0.04299,0.04299,0.04299,0.04299,0.00038,+0.89%,0
2025-05-02,0.04261,0.04261,0.04261,0.04261,0.00001,+0.02%,0
2025-05-01,0.0426,0.0426,0.0426,0.0426,-0.00006,-0.14%,0
2025-04-30,0.04266,0.04266,0.04266,0.04266,-0.0001,-0.23%,0
2025-04-29,0.04276,0.04276,0.04276,0.04276,-0.00004,-0.09%,0
2025-04-28,0.0428,0.0428,0.0428,0.0428,0,0.00%,0
2025-04-25,0.0428,0.0428,0.0428,0.0428,-0.00003,-0.07%,0
2025-04-24,0.04283,0.04283,0.04283,0.04283,0.00001,+0.02%,0
2025-04-23,0.04282,0.04282,0.04282,0.04282,0.00007,+0.16%,0
2025-04-22,0.04275,0.04275,0.04275,0.04275,-0.00004,-0.09%,0
2025-04-21,0.04279,0.04279,0.04279,0.04279,0.00007,+0.16%,0
2025-04-17,0.04272,0.04272,0.04272,0.04272,0.00002,+0.05%,0
2025-04-16,0.0427,0.0427,0.0427,0.0427,-0.0001,-0.23%,0
2025-04-15,0.0428,0.0428,0.0428,0.0428,0.00019,+0.45%,0
2025-04-14,0.04261,0.04261,0.04261,0.04261,0.00005,+0.12%,0
2025-04-11,0.04256,0.04256,0.04256,0.04256,0.00014,+0.33%,0
2025-04-10,0.04242,0.04242,0.04242,0.04242,0.00012,+0.28%,0
2025-04-09,0.0423,0.0423,0.0423,0.0423,0.0002,+0.48%,0
2025-04-08,0.0421,0.0421,0.0421,0.0421,0.00002,+0.05%,0
2025-04-07,0.04208,0.04208,0.04208,0.04208,-0.00051,-1.20%,0
2025-04-04,0.04259,0.04259,0.04259,0.04259,-0.00026,-0.61%,0
2025-04-03,0.04285,0.04285,0.04285,0.04285,0.00008,+0.19%,0
2025-04-02,0.04277,0.04277,0.04277,0.04277,-0.00004,-0.09%,0
2025-04-01,0.04281,0.04281,0.04281,0.04281,-0.00007,-0.16%,0
2025-03-31,0.04288,0.04288,0.04288,0.04288,-0.0001,-0.23%,0
2025-03-28,0.04298,0.04298,0.04298,0.04298,-0.00001,-0.02%,0
2025-03-27,0.04299,0.04299,0.04299,0.04299,-0.00004,-0.09%,0
2025-03-26,0.04303,0.04303,0.04303,0.04303,0,0.00%,0
2025-03-25,0.04303,0.04303,0.04303,0.04303,0,0.00%,0
2025-03-20,0.04303,0.04303,0.04303,0.04303,-0.00002,-0.05%,0
2025-03-19,0.04305,0.04305,0.04305,0.04305,0,0.00%,0
2025-03-18,0.04305,0.04305,0.04305,0.04305,0.0001,+0.23%,0
2025-03-17,0.04295,0.04295,0.04295,0.04295,0,0.00%,0
2025-03-14,0.04295,0.04295,0.04295,0.04295,-0.00004,-0.09%,0
2025-03-13,0.04299,0.04299,0.04299,0.04299,0.0001,+0.23%,0
2025-03-12,0.04289,0.04289,0.04289,0.04289,-0.00008,-0.19%,0
2025-03-11,0.04297,0.04297,0.04297,0.04297,-0.00002,-0.05%,0
2025-03-10,0.04299,0.04299,0.04299,0.04299,0.00007,+0.16%,0
2025-03-07,0.04292,0.04292,0.04292,0.04292,-0.00003,-0.07%,0
2025-03-06,0.04295,0.04295,0.04295,0.04295,0.00009,+0.21%,0
2025-03-05,0.04286,0.04286,0.04286,0.04286,-0.00014,-0.33%,0
2025-03-04,0.043,0.043,0.043,0.043,-0.0001,-0.23%,0
2025-03-03,0.0431,0.0431,0.0431,0.0431,-0.00007,-0.16%,0
2025-02-28,0.04317,0.04317,0.04317,0.04317,-0.00001,-0.02%,0
2025-02-27,0.04318,0.04318,0.04318,0.04318,0,0.00%,0
2025-02-24,0.04318,0.04318,0.04318,0.04318,-0.00003,-0.07%,0
2025-02-21,0.04321,0.04321,0.04321,0.04321,-0.00008,-0.18%,0
2025-02-20,0.04329,0.04329,0.04329,0.04329,-0.00001,-0.02%,0
2025-02-19,0.0433,0.0433,0.0433,0.0433,0.00008,+0.19%,0
2025-02-18,0.04322,0.04322,0.04322,0.04322,-0.00001,-0.02%,0
2025-02-14,0.04323,0.04323,0.04323,0.04323,0,0.00%,0
2025-02-13,0.04323,0.04323,0.04323,0.04323,0.00005,+0.12%,0
2025-02-12,0.04318,0.04318,0.04318,0.04318,0.00003,+0.07%,0
2025-02-11,0.04315,0.04315,0.04315,0.04315,0.00013,+0.30%,0
2025-02-05,0.04302,0.04302,0.04302,0.04302,-0.00001,-0.02%,0
2025-02-03,0.04303,0.04303,0.04303,0.04303,0.00012,+0.28%,0
2025-01-29,0.04291,0.04291,0.04291,0.04291,0.00004,+0.09%,0
2025-01-28,0.04287,0.04287,0.04287,0.04287,-0.00007,-0.16%,0
2025-01-27,0.04294,0.04294,0.04294,0.04294,-0.00006,-0.14%,0
2025-01-24,0.043,0.043,0.043,0.043,0,0.00%,0
2025-01-23,0.043,0.043,0.043,0.043,0.00003,+0.07%,0
2025-01-22,0.04297,0.04297,0.04297,0.04297,0.00007,+0.16%,0
2025-01-21,0.0429,0.0429,0.0429,0.0429,0,0.00%,0
2025-01-17,0.0429,0.0429,0.0429,0.0429,-0.00003,-0.07%,0
2025-01-16,0.04293,0.04293,0.04293,0.04293,-0.0001,-0.23%,0
2025-01-15,0.04303,0.04303,0.04303,0.04303,-0.00005,-0.12%,0
2025-01-14,0.04308,0.04308,0.04308,0.04308,0.00006,+0.14%,0
2025-01-13,0.04302,0.04302,0.04302,0.04302,0.00015,+0.35%,0
2025-01-10,0.04287,0.04287,0.04287,0.04287,-0.00002,-0.05%,0
2025-01-09,0.04289,0.04289,0.04289,0.04289,0,0.00%,0
2025-01-08,0.04289,0.04289,0.04289,0.04289,0.00004,+0.09%,0
2025-01-07,0.04285,0.04285,0.04285,0.04285,-0.00003,-0.07%,0
2025-01-06,0.04288,0.04288,0.04288,0.04288,-0.00006,-0.14%,0
2025-01-03,0.04294,0.04294,0.04294,0.04294,-0.00002,-0.05%,0
2025-01-02,0.04296,0.04296,0.04296,0.04296,-0.00009,-0.21%,0
2024-12-31,0.04305,0.04305,0.04305,0.04305,-0.00005,-0.12%,0
2024-12-30,0.0431,0.0431,0.0431,0.0431,-0.00019,-0.44%,0
2024-12-27,0.04329,0.04329,0.04329,0.04329,0.00004,+0.09%,0
2024-12-26,0.04325,0.04325,0.04325,0.04325,-0.00002,-0.05%,0
2024-12-24,0.04327,0.04327,0.04327,0.04327,0.00001,+0.02%,0
2024-12-23,0.04326,0.04326,0.04326,0.04326,-0.00001,-0.02%,0
2024-12-20,0.04327,0.04327,0.04327,0.04327,-0.0001,-0.23%,0
2024-12-19,0.04337,0.04337,0.04337,0.04337,-0.00017,-0.39%,0
2024-12-18,0.04354,0.04354,0.04354,0.04354,0.00001,+0.02%,0
2024-12-17,0.04353,0.04353,0.04353,0.04353,0.00002,+0.05%,0
2024-12-16,0.04351,0.04351,0.04351,0.04351,0.00002,+0.05%,0
2024-12-13,0.04349,0.04349,0.04349,0.04349,-0.0001,-0.23%,0
2024-12-12,0.04359,0.04359,0.04359,0.04359,-0.00036,-0.82%,0
2024-12-11,0.04395,0.04395,0.04395,0.04395,0.00003,+0.07%,0
2024-12-10,0.04392,0.04392,0.04392,0.04392,-0.00004,-0.09%,0
2024-12-09,0.04396,0.04396,0.04396,0.04396,-0.00031,-0.70%,0
2024-12-06,0.04427,0.04427,0.04427,0.04427,-0.00001,-0.02%,0
2024-12-05,0.04428,0.04428,0.04428,0.04428,-0.00016,-0.36%,0
2024-12-04,0.04444,0.04444,0.04444,0.04444,-0.00028,-0.63%,0
2024-12-03,0.04472,0.04472,0.04472,0.04472,0.00007,+0.16%,0
2024-12-02,0.04465,0.04465,0.04465,0.04465,-0.00001,-0.02%,0
2024-11-29,0.04466,0.04466,0.04466,0.04466,-0.00033,-0.73%,0
2024-11-27,0.04499,0.04499,0.04499,0.04499,-0.00015,-0.33%,0
2024-11-26,0.04514,0.04514,0.04514,0.04514,-0.00007,-0.15%,0
2024-11-25,0.04521,0.04521,0.04521,0.04521,0,0.00%,0
2024-11-22,0.04521,0.04521,0.04521,0.04521,0,0.00%,0
2024-11-21,0.04521,0.04521,0.04521,0.04521,0.00007,+0.16%,0
2024-11-20,0.04514,0.04514,0.04514,0.04514,-0.00006,-0.13%,0
2024-11-19,0.0452,0.0452,0.0452,0.0452,-0.00001,-0.02%,0
2024-11-18,0.04521,0.04521,0.04521,0.04521,0.0003,+0.67%,0
2024-11-15,0.04491,0.04491,0.04491,0.04491,0.00006,+0.13%,0
2024-11-14,0.04485,0.04485,0.04485,0.04485,-0.00039,-0.86%,0
2024-11-13,0.04524,0.04524,0.04524,0.04524,0.00007,+0.15%,0
2024-11-12,0.04517,0.04517,0.04517,0.04517,0.00001,+0.02%,0
2024-11-08,0.04516,0.04516,0.04516,0.04516,-0.00006,-0.13%,0
2024-11-07,0.04522,0.04522,0.04522,0.04522,0,0.00%,0
2024-11-06,0.04522,0.04522,0.04522,0.04522,-0.00001,-0.02%,0
2024-11-05,0.04523,0.04523,0.04523,0.04523,-0.00009,-0.20%,0
2024-11-04,0.04532,0.04532,0.04532,0.04532,-0.00022,-0.48%,0
2024-11-01,0.04554,0.04554,0.04554,0.04554,-0.00005,-0.11%,0
2024-10-31,0.04559,0.04559,0.04559,0.04559,-0.00012,-0.26%,0
2024-10-30,0.04571,0.04571,0.04571,0.04571,-0.00014,-0.31%,0
2024-10-29,0.04585,0.04585,0.04585,0.04585,-0.00004,-0.09%,0
2024-10-28,0.04589,0.04589,0.04589,0.04589,-0.00016,-0.35%,0
2024-10-25,0.04605,0.04605,0.04605,0.04605,-0.00012,-0.26%,0
2024-10-24,0.04617,0.04617,0.04617,0.04617,-0.00009,-0.19%,0
2024-10-23,0.04626,0.04626,0.04626,0.04626,-0.00009,-0.19%,0
2024-10-22,0.04635,0.04635,0.04635,0.04635,0.00009,+0.19%,0
2024-10-21,0.04626,0.04626,0.04626,0.04626,-0.00006,-0.13%,0
2024-10-18,0.04632,0.04632,0.04632,0.04632,0.00015,+0.32%,0
2024-10-17,0.04617,0.04617,0.04617,0.04617,-0.00015,-0.32%,0
2024-10-16,0.04632,0.04632,0.04632,0.04632,-0.00016,-0.34%,0
2024-10-15,0.04648,0.04648,0.04648,0.04648,0.00001,+0.02%,0
2024-10-11,0.04647,0.04647,0.04647,0.04647,-0.00009,-0.19%,0
2024-10-10,0.04656,0.04656,0.04656,0.04656,-0.00002,-0.04%,0
2024-10-09,0.04658,0.04658,0.04658,0.04658,-0.00018,-0.38%,0
2024-10-08,0.04676,0.04676,0.04676,0.04676,0.00039,+0.84%,0
2024-10-07,0.04637,0.04637,0.04637,0.04637,0.00053,+1.16%,0
2024-10-04,0.04584,0.04584,0.04584,0.04584,-0.00006,-0.13%,0
2024-10-03,0.0459,0.0459,0.0459,0.0459,-0.00008,-0.17%,0
2024-10-02,0.04598,0.04598,0.04598,0.04598,-0.00011,-0.24%,0
2024-10-01,0.04609,0.04609,0.04609,0.04609,0.00017,+0.37%,0
2024-09-30,0.04592,0.04592,0.04592,0.04592,-0.00001,-0.02%,0
2024-09-27,0.04593,0.04593,0.04593,0.04593,-0.00011,-0.24%,0
2024-09-26,0.04604,0.04604,0.04604,0.04604,-0.00039,-0.84%,0
2024-09-25,0.04643,0.04643,0.04643,0.04643,-0.00016,-0.34%,0
2024-09-24,0.04659,0.04659,0.04659,0.04659,-0.00009,-0.19%,0
2024-09-23,0.04668,0.04668,0.04668,0.04668,-0.00023,-0.49%,0
2024-09-20,0.04691,0.04691,0.04691,0.04691,-0.00062,-1.30%,0
2024-09-19,0.04753,0.04753,0.04753,0.04753,-0.00061,-1.27%,0
2024-09-18,0.04814,0.04814,0.04814,0.04814,-0.00006,-0.12%,0
2024-09-17,0.0482,0.0482,0.0482,0.0482,-0.00043,-0.88%,0
2024-09-16,0.04863,0.04863,0.04863,0.04863,-0.00078,-1.58%,0
2024-09-13,0.04941,0.04941,0.04941,0.04941,-0.00006,-0.12%,0
2024-09-12,0.04947,0.04947,0.04947,0.04947,0.00016,+0.32%,0
2024-09-11,0.04931,0.04931,0.04931,0.04931,-0.00018,-0.36%,0
2024-09-10,0.04949,0.04949,0.04949,0.04949,0.00024,+0.49%,0
2024-09-09,0.04925,0.04925,0.04925,0.04925,-0.00014,-0.28%,0
2024-09-06,0.04939,0.04939,0.04939,0.04939,-0.00007,-0.14%,0
2024-09-05,0.04946,0.04946,0.04946,0.04946,-0.00048,-0.96%,0
2024-09-04,0.04994,0.04994,0.04994,0.04994,-0.00018,-0.36%,0
2024-09-03,0.05012,0.05012,0.05012,0.05012,-0.00005,-0.10%,0
2024-08-30,0.05017,0.05017,0.05017,0.05017,0.00001,+0.02%,0
2024-08-29,0.05016,0.05016,0.05016,0.05016,-0.00041,-0.81%,0
2024-08-28,0.05057,0.05057,0.05057,0.05057,-0.00005,-0.10%,0
2024-08-27,0.05062,0.05062,0.05062,0.05062,0.00001,+0.02%,0
2024-08-26,0.05061,0.05061,0.05061,0.05061,-0.0001,-0.20%,0
2024-08-22,0.05071,0.05071,0.05071,0.05071,-0.00031,-0.61%,0
2024-08-21,0.05102,0.05102,0.05102,0.05102,-0.00019,-0.37%,0
2024-08-20,0.05121,0.05121,0.05121,0.05121,-0.00005,-0.10%,0
2024-08-19,0.05126,0.05126,0.05126,0.05126,-0.00002,-0.04%,0
2024-08-16,0.05128,0.05128,0.05128,0.05128,0.00026,+0.51%,0
2024-08-15,0.05102,0.05102,0.05102,0.05102,0.00006,+0.12%,0
2024-08-14,0.05096,0.05096,0.05096,0.05096,-0.00022,-0.43%,0
2024-08-13,0.05118,0.05118,0.05118,0.05118,0.00002,+0.04%,0
2024-08-12,0.05116,0.05116,0.05116,0.05116,0.00003,+0.06%,0
2024-08-09,0.05113,0.05113,0.05113,0.05113,0.0001,+0.20%,0
2024-08-08,0.05103,0.05103,0.05103,0.05103,-0.00001,-0.02%,0
2024-08-07,0.05104,0.05104,0.05104,0.05104,0.00047,+0.93%,0
2024-08-06,0.05057,0.05057,0.05057,0.05057,-0.00075,-1.46%,0
2024-08-05,0.05132,0.05132,0.05132,0.05132,-0.00096,-1.84%,0
2024-08-02,0.05228,0.05228,0.05228,0.05228,-0.00014,-0.27%,0
2024-08-01,0.05242,0.05242,0.05242,0.05242,0.00001,+0.02%,0
2024-07-31,0.05241,0.05241,0.05241,0.05241,-0.00007,-0.13%,0
2024-07-30,0.05248,0.05248,0.05248,0.05248,-0.00004,-0.08%,0
2024-07-29,0.05252,0.05252,0.05252,0.05252,-0.00003,-0.06%,0
2024-07-26,0.05255,0.05255,0.05255,0.05255,-0.00009,-0.17%,0
2024-07-25,0.05264,0.05264,0.05264,0.05264,-0.00015,-0.28%,0
2024-07-24,0.05279,0.05279,0.05279,0.05279,-0.00006,-0.11%,0
2024-07-23,0.05285,0.05285,0.05285,0.05285,0.00002,+0.04%,0
2024-07-22,0.05283,0.05283,0.05283,0.05283,0,0.00%,0
2024-07-19,0.05283,0.05283,0.05283,0.05283,0.00001,+0.02%,0
2024-07-18,0.05282,0.05282,0.05282,0.05282,0.00002,+0.04%,0
2024-07-17,0.0528,0.0528,0.0528,0.0528,0.00001,+0.02%,0
2024-07-16,0.05279,0.05279,0.05279,0.05279,-0.00007,-0.13%,0
2024-07-15,0.05286,0.05286,0.05286,0.05286,0,0.00%,0
2024-07-12,0.05286,0.05286,0.05286,0.05286,-0.00015,-0.28%,0
2024-07-11,0.05301,0.05301,0.05301,0.05301,-0.00003,-0.06%,0
2024-07-10,0.05304,0.05304,0.05304,0.05304,0,0.00%,0
2024-07-09,0.05304,0.05304,0.05304,0.05304,-0.00001,-0.02%,0
2024-07-08,0.05305,0.05305,0.05305,0.05305,-0.00002,-0.04%,0
2024-07-05,0.05307,0.05307,0.05307,0.05307,-0.00007,-0.13%,0
2024-07-03,0.05314,0.05314,0.05314,0.05314,-0.00004,-0.08%,0
2024-07-02,0.05318,0.05318,0.05318,0.05318,-0.00003,-0.06%,0
2024-07-01,0.05321,0.05321,0.05321,0.05321,-0.00004,-0.08%,0
2024-06-28,0.05325,0.05325,0.05325,0.05325,-0.00007,-0.13%,0
2024-06-27,0.05332,0.05332,0.05332,0.05332,-0.00003,-0.06%,0
2024-06-26,0.05335,0.05335,0.05335,0.05335,-0.00004,-0.07%,0
2024-06-25,0.05339,0.05339,0.05339,0.05339,-0.00002,-0.04%,0
2024-06-24,0.05341,0.05341,0.05341,0.05341,-0.00004,-0.07%,0
2024-06-21,0.05345,0.05345,0.05345,0.05345,-0.00002,-0.04%,0
2024-06-20,0.05347,0.05347,0.05347,0.05347,0,0.00%,0
2024-06-18,0.05347,0.05347,0.05347,0.05347,0.00003,+0.06%,0
2024-06-17,0.05344,0.05344,0.05344,0.05344,0,0.00%,0
2024-06-14,0.05344,0.05344,0.05344,0.05344,0.00005,+0.09%,0
2024-06-13,0.05339,0.05339,0.05339,0.05339,-0.00008,-0.15%,0
2024-06-12,0.05347,0.05347,0.05347,0.05347,0,0.00%,0
2024-06-11,0.05347,0.05347,0.05347,0.05347,0.00004,+0.07%,0
2024-06-10,0.05343,0.05343,0.05343,0.05343,0.00009,+0.17%,0
2024-06-07,0.05334,0.05334,0.05334,0.05334,0,0.00%,0
2024-06-06,0.05334,0.05334,0.05334,0.05334,-0.00003,-0.06%,0
2024-06-05,0.05337,0.05337,0.05337,0.05337,-0.00002,-0.04%,0
2024-06-04,0.05339,0.05339,0.05339,0.05339,-0.00001,-0.02%,0
2024-06-03,0.0534,0.0534,0.0534,0.0534,-0.00003,-0.06%,0
2024-05-31,0.05343,0.05343,0.05343,0.05343,-0.00003,-0.06%,0
2024-05-30,0.05346,0.05346,0.05346,0.05346,-0.00001,-0.02%,0
2024-05-29,0.05347,0.05347,0.05347,0.05347,0.00001,+0.02%,0
2024-05-28,0.05346,0.05346,0.05346,0.05346,0.00003,+0.06%,0
2024-05-24,0.05343,0.05343,0.05343,0.05343,0.00007,+0.13%,0
2024-05-23,0.05336,0.05336,0.05336,0.05336,0.00005,+0.09%,0
2024-05-22,0.05331,0.05331,0.05331,0.05331,0.00001,+0.02%,0
2024-05-21,0.0533,0.0533,0.0533,0.0533,0.00003,+0.06%,0
2024-05-20,0.05327,0.05327,0.05327,0.05327,0.00001,+0.02%,0
2024-05-17,0.05326,0.05326,0.05326,0.05326,0,0.00%,0
2024-05-16,0.05326,0.05326,0.05326,0.05326,-0.00003,-0.06%,0
2024-05-15,0.05329,0.05329,0.05329,0.05329,0.00002,+0.04%,0
2024-05-14,0.05327,0.05327,0.05327,0.05327,0.00005,+0.09%,0
2024-05-13,0.05322,0.05322,0.05322,0.05322,0,0.00%,0
2024-05-10,0.05322,0.05322,0.05322,0.05322,-0.00002,-0.04%,0
2024-05-09,0.05324,0.05324,0.05324,0.05324,-0.00002,-0.04%,0
2024-05-08,0.05326,0.05326,0.05326,0.05326,0.00003,+0.06%,0
2024-05-07,0.05323,0.05323,0.05323,0.05323,0.00002,+0.04%,0
2024-05-06,0.05321,0.05321,0.05321,0.05321,-0.00007,-0.13%,0
2024-05-03,0.05328,0.05328,0.05328,0.05328,-0.00008,-0.15%,0
2024-05-02,0.05336,0.05336,0.05336,0.05336,0.00003,+0.06%,0
2024-05-01,0.05333,0.05333,0.05333,0.05333,0.00005,+0.09%,0
2024-04-30,0.05328,0.05328,0.05328,0.05328,0.00001,+0.02%,0
2024-04-29,0.05327,0.05327,0.05327,0.05327,-0.00003,-0.06%,0
2024-04-26,0.0533,0.0533,0.0533,0.0533,0.00005,+0.09%,0
2024-04-25,0.05325,0.05325,0.05325,0.05325,0,0.00%,0
2024-04-24,0.05325,0.05325,0.05325,0.05325,0.00001,+0.02%,0
2024-04-23,0.05324,0.05324,0.05324,0.05324,0.00001,+0.02%,0
2024-04-22,0.05323,0.05323,0.05323,0.05323,-0.00003,-0.06%,0
2024-04-19,0.05326,0.05326,0.05326,0.05326,0.00001,+0.02%,0
2024-04-18,0.05325,0.05325,0.05325,0.05325,-0.00002,-0.04%,0
2024-04-17,0.05327,0.05327,0.05327,0.05327,0,0.00%,0
2024-04-16,0.05327,0.05327,0.05327,0.05327,0.0001,+0.19%,0
2024-04-15,0.05317,0.05317,0.05317,0.05317,-0.00011,-0.21%,0
2024-04-12,0.05328,0.05328,0.05328,0.05328,-0.00001,-0.02%,0
2024-04-11,0.05329,0.05329,0.05329,0.05329,0.0003,+0.57%,0
2024-04-10,0.05299,0.05299,0.05299,0.05299,-0.00007,-0.13%,0
2024-04-09,0.05306,0.05306,0.05306,0.05306,0.00009,+0.17%,0
2024-04-08,0.05297,0.05297,0.05297,0.05297,-0.00005,-0.09%,0
2024-04-04,0.05302,0.05302,0.05302,0.05302,-0.00004,-0.08%,0
2024-04-03,0.05306,0.05306,0.05306,0.05306,-0.00002,-0.04%,0
2024-04-02,0.05308,0.05308,0.05308,0.05308,0.00006,+0.11%,0
2024-04-01,0.05302,0.05302,0.05302,0.05302,0.00004,+0.08%,0
2024-03-28,0.05298,0.05298,0.05298,0.05298,-0.00004,-0.08%,0
2024-03-27,0.05302,0.05302,0.05302,0.05302,-0.00007,-0.13%,0
2024-03-26,0.05309,0.05309,0.05309,0.05309,0.00001,+0.02%,0
2024-03-25,0.05308,0.05308,0.05308,0.05308,-0.00005,-0.09%,0
2024-03-22,0.05313,0.05313,0.05313,0.05313,-0.00007,-0.13%,0
2024-03-21,0.0532,0.0532,0.0532,0.0532,-0.00008,-0.15%,0
2024-03-20,0.05328,0.05328,0.05328,0.05328,-0.00002,-0.04%,0
2024-03-14,0.0533,0.0533,0.0533,0.0533,0.00001,+0.02%,0
2024-03-13,0.05329,0.05329,0.05329,0.05329,0.00004,+0.08%,0
2024-03-12,0.05325,0.05325,0.05325,0.05325,0.0001,+0.19%,0
2024-03-11,0.05315,0.05315,0.05315,0.05315,-0.00006,-0.11%,0
2024-03-08,0.05321,0.05321,0.05321,0.05321,0,0.00%,0
2024-03-07,0.05321,0.05321,0.05321,0.05321,-0.00004,-0.08%,0
2024-03-06,0.05325,0.05325,0.05325,0.05325,-0.00001,-0.02%,0
2024-03-05,0.05326,0.05326,0.05326,0.05326,0.00002,+0.04%,0
2024-03-04,0.05324,0.05324,0.05324,0.05324,-0.00007,-0.13%,0
2024-03-01,0.05331,0.05331,0.05331,0.05331,-0.00002,-0.04%,0
2024-02-29,0.05333,0.05333,0.05333,0.05333,-0.00008,-0.15%,0
2024-02-28,0.05341,0.05341,0.05341,0.05341,-0.00002,-0.04%,0
2024-02-27,0.05343,0.05343,0.05343,0.05343,0.00005,+0.09%,0
2024-02-26,0.05338,0.05338,0.05338,0.05338,0.00007,+0.13%,0
2024-02-23,0.05331,0.05331,0.05331,0.05331,0.00007,+0.13%,0
2024-02-22,0.05324,0.05324,0.05324,0.05324,0.00002,+0.04%,0
2024-02-21,0.05322,0.05322,0.05322,0.05322,-0.00004,-0.08%,0
2024-02-20,0.05326,0.05326,0.05326,0.05326,0.00012,+0.23%,0
2024-02-16,0.05314,0.05314,0.05314,0.05314,-0.00005,-0.09%,0
2024-02-15,0.05319,0.05319,0.05319,0.05319,-0.00007,-0.13%,0
2024-02-14,0.05326,0.05326,0.05326,0.05326,0.00019,+0.36%,0
2024-02-13,0.05307,0.05307,0.05307,0.05307,0.00001,+0.02%,0
2024-02-12,0.05306,0.05306,0.05306,0.05306,-0.00003,-0.06%,0
2024-02-09,0.05309,0.05309,0.05309,0.05309,0.00008,+0.15%,0
2024-02-08,0.05301,0.05301,0.05301,0.05301,-0.00013,-0.24%,0
2024-02-07,0.05314,0.05314,0.05314,0.05314,-0.00009,-0.17%,0
2024-02-06,0.05323,0.05323,0.05323,0.05323,0.00007,+0.13%,0
2024-02-05,0.05316,0.05316,0.05316,0.05316,0.00025,+0.47%,0
2024-02-02,0.05291,0.05291,0.05291,0.05291,0.00018,+0.34%,0
2024-02-01,0.05273,0.05273,0.05273,0.05273,-0.00042,-0.79%,0
2024-01-31,0.05315,0.05315,0.05315,0.05315,0.00009,+0.17%,0
2024-01-30,0.05306,0.05306,0.05306,0.05306,-0.00007,-0.13%,0
2024-01-29,0.05313,0.05313,0.05313,0.05313,-0.00004,-0.08%,0
2024-01-26,0.05317,0.05317,0.05317,0.05317,-0.00003,-0.06%,0
2024-01-25,0.0532,0.0532,0.0532,0.0532,-0.00004,-0.08%,0
2024-01-24,0.05324,0.05324,0.05324,0.05324,-0.00001,-0.02%,0
2024-01-23,0.05325,0.05325,0.05325,0.05325,0.00006,+0.11%,0
2024-01-22,0.05319,0.05319,0.05319,0.05319,0.00003,+0.06%,0
2024-01-19,0.05316,0.05316,0.05316,0.05316,-0.00002,-0.04%,0
2024-01-18,0.05318,0.05318,0.05318,0.05318,0.00008,+0.15%,0
2024-01-17,0.0531,0.0531,0.0531,0.0531,-0.00006,-0.11%,0
2024-01-12,0.05316,0.05316,0.05316,0.05316,0.00002,+0.04%,0
2024-01-11,0.05314,0.05314,0.05314,0.05314,-0.00013,-0.24%,0
2024-01-10,0.05327,0.05327,0.05327,0.05327,0.00004,+0.08%,0
2024-01-09,0.05323,0.05323,0.05323,0.05323,-0.00003,-0.06%,0
2024-01-08,0.05326,0.05326,0.05326,0.05326,-0.00003,-0.06%,0
2024-01-05,0.05329,0.05329,0.05329,0.05329,0,0.00%,0
2024-01-04,0.05329,0.05329,0.05329,0.05329,-0.00001,-0.02%,0
2024-01-03,0.0533,0.0533,0.0533,0.0533,0.00003,+0.06%,0
2024-01-02,0.05327,0.05327,0.05327,0.05327,-0.00004,-0.08%,0
2023-12-29,0.05331,0.05331,0.05331,0.05331,0.00001,+0.02%,0
2023-12-28,0.0533,0.0533,0.0533,0.0533,-0.00018,-0.34%,0
2023-12-27,0.05348,0.05348,0.05348,0.05348,0,0.00%,0
2023-12-26,0.05348,0.05348,0.05348,0.05348,-0.00003,-0.06%,0
2023-12-22,0.05351,0.05351,0.05351,0.05351,-0.00009,-0.17%,0
2023-12-21,0.0536,0.0536,0.0536,0.0536,-0.00011,-0.20%,0
2023-12-20,0.05371,0.05371,0.05371,0.05371,-0.00004,-0.07%,0
2023-12-19,0.05375,0.05375,0.05375,0.05375,0.00005,+0.09%,0
2023-12-18,0.0537,0.0537,0.0537,0.0537,0.00006,+0.11%,0
2023-12-15,0.05364,0.05364,0.05364,0.05364,-0.00014,-0.26%,0
2023-12-14,0.05378,0.05378,0.05378,0.05378,-0.00007,-0.13%,0
2023-12-13,0.05385,0.05385,0.05385,0.05385,-0.00001,-0.02%,0
2023-12-12,0.05386,0.05386,0.05386,0.05386,0.00007,+0.13%,0
2023-12-11,0.05379,0.05379,0.05379,0.05379,0.00013,+0.24%,0
2023-12-08,0.05366,0.05366,0.05366,0.05366,-0.00006,-0.11%,0
2023-12-07,0.05372,0.05372,0.05372,0.05372,-0.00008,-0.15%,0
2023-12-06,0.0538,0.0538,0.0538,0.0538,0.00004,+0.07%,0
2023-12-05,0.05376,0.05376,0.05376,0.05376,0.00013,+0.24%,0
2023-12-04,0.05363,0.05363,0.05363,0.05363,-0.00012,-0.22%,0
2023-12-01,0.05375,0.05375,0.05375,0.05375,0.00006,+0.11%,0
2023-11-30,0.05369,0.05369,0.05369,0.05369,-0.00008,-0.15%,0
2023-11-29,0.05377,0.05377,0.05377,0.05377,-0.00011,-0.20%,0
2023-11-28,0.05388,0.05388,0.05388,0.05388,-0.00005,-0.09%,0
2023-11-27,0.05393,0.05393,0.05393,0.05393,0.00006,+0.11%,0
2023-11-24,0.05387,0.05387,0.05387,0.05387,0.00007,+0.13%,0
2023-11-22,0.0538,0.0538,0.0538,0.0538,0.00002,+0.04%,0
2023-11-21,0.05378,0.05378,0.05378,0.05378,0.00006,+0.11%,0
2023-11-20,0.05372,0.05372,0.05372,0.05372,0.00005,+0.09%,0
2023-11-17,0.05367,0.05367,0.05367,0.05367,0,0.00%,0
2023-11-16,0.05367,0.05367,0.05367,0.05367,-0.00002,-0.04%,0
2023-11-15,0.05369,0.05369,0.05369,0.05369,-0.00021,-0.39%,0
2023-11-14,0.0539,0.0539,0.0539,0.0539,0.0001,+0.19%,0
2023-11-13,0.0538,0.0538,0.0538,0.0538,0.00002,+0.04%,0
2023-11-10,0.05378,0.05378,0.05378,0.05378,0.00007,+0.13%,0
2023-11-09,0.05371,0.05371,0.05371,0.05371,0.00002,+0.04%,0
2023-11-08,0.05369,0.05369,0.05369,0.05369,0.00003,+0.06%,0
2023-11-07,0.05366,0.05366,0.05366,0.05366,-0.00002,-0.04%,0
2023-11-06,0.05368,0.05368,0.05368,0.05368,-0.00012,-0.22%,0
2023-11-03,0.0538,0.0538,0.0538,0.0538,-0.00013,-0.24%,0
2023-11-02,0.05393,0.05393,0.05393,0.05393,0.00001,+0.02%,0
2023-11-01,0.05392,0.05392,0.05392,0.05392,0.00009,+0.17%,0
2023-10-31,0.05383,0.05383,0.05383,0.05383,0.00006,+0.11%,0
2023-10-30,0.05377,0.05377,0.05377,0.05377,-0.00006,-0.11%,0
2023-10-27,0.05383,0.05383,0.05383,0.05383,-0.00007,-0.13%,0
2023-10-26,0.0539,0.0539,0.0539,0.0539,0.00003,+0.06%,0
2023-10-25,0.05387,0.05387,0.05387,0.05387,0.00007,+0.13%,0
2023-10-24,0.0538,0.0538,0.0538,0.0538,0.00002,+0.04%,0
2023-10-23,0.05378,0.05378,0.05378,0.05378,-0.0002,-0.37%,0
2023-10-20,0.05398,0.05398,0.05398,0.05398,-0.00014,-0.26%,0
2023-10-19,0.05412,0.05412,0.05412,0.05412,-0.00004,-0.07%,0
2023-10-18,0.05416,0.05416,0.05416,0.05416,0.00019,+0.35%,0
2023-10-17,0.05397,0.05397,0.05397,0.05397,0.00002,+0.04%,0
2023-10-16,0.05395,0.05395,0.05395,0.05395,-0.00008,-0.15%,0
2023-10-13,0.05403,0.05403,0.05403,0.05403,0.00009,+0.17%,0
2023-10-11,0.05394,0.05394,0.05394,0.05394,-0.00032,-0.59%,0
2023-10-10,0.05426,0.05426,0.05426,0.05426,0.00019,+0.35%,0
2023-10-06,0.05407,0.05407,0.05407,0.05407,0.00001,+0.02%,0
2023-10-05,0.05406,0.05406,0.05406,0.05406,-0.00008,-0.15%,0
2023-10-03,0.05414,0.05414,0.05414,0.05414,0.00026,+0.48%,0
2023-10-02,0.05388,0.05388,0.05388,0.05388,-0.00007,-0.13%,0
2023-09-28,0.05395,0.05395,0.05395,0.05395,0.00005,+0.09%,0
2023-09-27,0.0539,0.0539,0.0539,0.0539,0.00004,+0.07%,0
2023-09-26,0.05386,0.05386,0.05386,0.05386,-0.00005,-0.09%,0
2023-09-25,0.05391,0.05391,0.05391,0.05391,-0.00009,-0.17%,0
2023-09-22,0.054,0.054,0.054,0.054,0,0.00%,0
2023-09-21,0.054,0.054,0.054,0.054,0.00004,+0.07%,0
2023-09-20,0.05396,0.05396,0.05396,0.05396,-0.00001,-0.02%,0
2023-09-19,0.05397,0.05397,0.05397,0.05397,-0.00001,-0.02%,0
2023-09-18,0.05398,0.05398,0.05398,0.05398,-0.00004,-0.07%,0
2023-09-15,0.05402,0.05402,0.05402,0.05402,-0.00008,-0.15%,0
2023-09-14,0.0541,0.0541,0.0541,0.0541,0.00001,+0.02%,0
2023-09-13,0.05409,0.05409,0.05409,0.05409,0.00001,+0.02%,0
2023-09-12,0.05408,0.05408,0.05408,0.05408,0.00003,+0.06%,0
2023-09-11,0.05405,0.05405,0.05405,0.05405,-0.00005,-0.09%,0
2023-09-08,0.0541,0.0541,0.0541,0.0541,-0.00001,-0.02%,0
2023-09-07,0.05411,0.05411,0.05411,0.05411,0.00013,+0.24%,0
2023-09-06,0.05398,0.05398,0.05398,0.05398,0.00007,+0.13%,0
2023-09-05,0.05391,0.05391,0.05391,0.05391,-0.00011,-0.20%,0
2023-09-01,0.05402,0.05402,0.05402,0.05402,0.00001,+0.02%,0
2023-08-31,0.05401,0.05401,0.05401,0.05401,-0.00009,-0.17%,0
2023-08-30,0.0541,0.0541,0.0541,0.0541,-0.00013,-0.24%,0
2023-08-29,0.05423,0.05423,0.05423,0.05423,0.00006,+0.11%,0
2023-08-28,0.05417,0.05417,0.05417,0.05417,0.00013,+0.24%,0
2023-08-25,0.05404,0.05404,0.05404,0.05404,0.00016,+0.30%,0
2023-08-24,0.05388,0.05388,0.05388,0.05388,-0.00003,-0.06%,0
2023-08-23,0.05391,0.05391,0.05391,0.05391,0.00008,+0.15%,0
2023-08-22,0.05383,0.05383,0.05383,0.05383,0.00006,+0.11%,0
2023-08-21,0.05377,0.05377,0.05377,0.05377,-0.00006,-0.11%,0
2023-08-18,0.05383,0.05383,0.05383,0.05383,0.00003,+0.06%,0
2023-08-17,0.0538,0.0538,0.0538,0.0538,0.00001,+0.02%,0
2023-08-16,0.05379,0.05379,0.05379,0.05379,0.00003,+0.06%,0
2023-08-15,0.05376,0.05376,0.05376,0.05376,0.00004,+0.07%,0
2023-08-14,0.05372,0.05372,0.05372,0.05372,0.00007,+0.13%,0
2023-08-11,0.05365,0.05365,0.05365,0.05365,-0.00004,-0.07%,0
2023-08-10,0.05369,0.05369,0.05369,0.05369,0.00002,+0.04%,0
2023-08-09,0.05367,0.05367,0.05367,0.05367,0.00002,+0.04%,0
2023-08-08,0.05365,0.05365,0.05365,0.05365,-0.00002,-0.04%,0
2023-08-07,0.05367,0.05367,0.05367,0.05367,-0.00004,-0.07%,0
2023-08-04,0.05371,0.05371,0.05371,0.05371,0.00001,+0.02%,0
2023-08-03,0.0537,0.0537,0.0537,0.0537,0.00001,+0.02%,0
2023-08-02,0.05369,0.05369,0.05369,0.05369,0.00003,+0.06%,0
2023-08-01,0.05366,0.05366,0.05366,0.05366,0.00001,+0.02%,0
2023-07-31,0.05365,0.05365,0.05365,0.05365,-0.00007,-0.13%,0
2023-07-28,0.05372,0.05372,0.05372,0.05372,0.00003,+0.06%,0
2023-07-27,0.05369,0.05369,0.05369,0.05369,0.00003,+0.06%,0
2023-07-26,0.05366,0.05366,0.05366,0.05366,0.00009,+0.17%,0
2023-07-25,0.05357,0.05357,0.05357,0.05357,0.00006,+0.11%,0
2023-07-24,0.05351,0.05351,0.05351,0.05351,0,0.00%,0
2023-07-21,0.05351,0.05351,0.05351,0.05351,0.00005,+0.09%,0
2023-07-20,0.05346,0.05346,0.05346,0.05346,0.00013,+0.24%,0
2023-07-19,0.05333,0.05333,0.05333,0.05333,0.00007,+0.13%,0
2023-07-18,0.05326,0.05326,0.05326,0.05326,0.00006,+0.11%,0
2023-07-17,0.0532,0.0532,0.0532,0.0532,0.0001,+0.19%,0
2023-07-14,0.0531,0.0531,0.0531,0.0531,0.00002,+0.04%,0
2023-07-13,0.05308,0.05308,0.05308,0.05308,-0.00003,-0.06%,0
2023-07-12,0.05311,0.05311,0.05311,0.05311,0.0001,+0.19%,0
2023-07-11,0.05301,0.05301,0.05301,0.05301,0.00001,+0.02%,0
2023-07-10,0.053,0.053,0.053,0.053,0.00001,+0.02%,0
2023-07-07,0.05299,0.05299,0.05299,0.05299,0.00018,+0.34%,0
2023-07-06,0.05281,0.05281,0.05281,0.05281,0.00004,+0.08%,0
2023-07-05,0.05277,0.05277,0.05277,0.05277,0.00008,+0.15%,0
2023-07-03,0.05269,0.05269,0.05269,0.05269,0.00001,+0.02%,0
2023-06-30,0.05268,0.05268,0.05268,0.05268,0.00021,+0.40%,0
2023-06-29,0.05247,0.05247,0.05247,0.05247,0.00005,+0.10%,0
2023-06-28,0.05242,0.05242,0.05242,0.05242,0.00003,+0.06%,0
2023-06-27,0.05239,0.05239,0.05239,0.05239,0.00004,+0.08%,0
2023-06-26,0.05235,0.05235,0.05235,0.05235,-0.00004,-0.08%,0
2023-06-23,0.05239,0.05239,0.05239,0.05239,-0.00007,-0.13%,0
2023-06-22,0.05246,0.05246,0.05246,0.05246,0.00017,+0.33%,0
2023-06-21,0.05229,0.05229,0.05229,0.05229,0.00009,+0.17%,0
2023-06-20,0.0522,0.0522,0.0522,0.0522,0.00013,+0.25%,0
2023-06-16,0.05207,0.05207,0.05207,0.05207,-0.00009,-0.17%,0
2023-06-15,0.05216,0.05216,0.05216,0.05216,-0.00002,-0.04%,0
2023-06-14,0.05218,0.05218,0.05218,0.05218,-0.00036,-0.69%,0
2023-06-13,0.05254,0.05254,0.05254,0.05254,0.00005,+0.10%,0
2023-06-12,0.05249,0.05249,0.05249,0.05249,0.00008,+0.15%,0
2023-06-09,0.05241,0.05241,0.05241,0.05241,-0.0001,-0.19%,0
2023-06-08,0.05251,0.05251,0.05251,0.05251,0.00013,+0.25%,0
2023-06-07,0.05238,0.05238,0.05238,0.05238,-0.00001,-0.02%,0
2023-06-06,0.05239,0.05239,0.05239,0.05239,-0.00014,-0.27%,0
2023-06-05,0.05253,0.05253,0.05253,0.05253,0.00023,+0.44%,0
2023-06-02,0.0523,0.0523,0.0523,0.0523,-0.00046,-0.87%,0
2023-06-01,0.05276,0.05276,0.05276,0.05276,-0.00017,-0.32%,0
2023-05-31,0.05293,0.05293,0.05293,0.05293,0.00016,+0.30%,0
2023-05-30,0.05277,0.05277,0.05277,0.05277,0.00013,+0.25%,0
2023-05-26,0.05264,0.05264,0.05264,0.05264,0.00039,+0.75%,0
2023-05-25,0.05225,0.05225,0.05225,0.05225,0.00033,+0.64%,0
2023-05-24,0.05192,0.05192,0.05192,0.05192,0.00026,+0.50%,0
2023-05-23,0.05166,0.05166,0.05166,0.05166,0.00015,+0.29%,0
2023-05-22,0.05151,0.05151,0.05151,0.05151,-0.00013,-0.25%,0
2023-05-19,0.05164,0.05164,0.05164,0.05164,0.00035,+0.68%,0
2023-05-18,0.05129,0.05129,0.05129,0.05129,0.00017,+0.33%,0
2023-05-17,0.05112,0.05112,0.05112,0.05112,0.00014,+0.27%,0
2023-05-16,0.05098,0.05098,0.05098,0.05098,0.00008,+0.16%,0
2023-05-15,0.0509,0.0509,0.0509,0.0509,0.00023,+0.45%,0
2023-05-12,0.05067,0.05067,0.05067,0.05067,-0.00019,-0.37%,0
2023-05-11,0.05086,0.05086,0.05086,0.05086,-0.00012,-0.24%,0
2023-05-10,0.05098,0.05098,0.05098,0.05098,0.00014,+0.28%,0
2023-05-09,0.05084,0.05084,0.05084,0.05084,0.00012,+0.24%,0
2023-05-08,0.05072,0.05072,0.05072,0.05072,0.00033,+0.65%,0
2023-05-05,0.05039,0.05039,0.05039,0.05039,-0.00034,-0.67%,0
2023-05-04,0.05073,0.05073,0.05073,0.05073,0.00013,+0.26%,0
2023-05-03,0.0506,0.0506,0.0506,0.0506,-0.00051,-1.00%,0
2023-05-02,0.05111,0.05111,0.05111,0.05111,0.00022,+0.43%,0
2023-05-01,0.05089,0.05089,0.05089,0.05089,0.00008,+0.16%,0
2023-04-28,0.05081,0.05081,0.05081,0.05081,0.00038,+0.75%,0
2023-04-27,0.05043,0.05043,0.05043,0.05043,-0.00002,-0.04%,0
2023-04-26,0.05045,0.05045,0.05045,0.05045,-0.00034,-0.67%,0
2023-04-25,0.05079,0.05079,0.05079,0.05079,0.00011,+0.22%,0
2023-04-24,0.05068,0.05068,0.05068,0.05068,0,0.00%,0
2023-04-21,0.05068,0.05068,0.05068,0.05068,-0.00003,-0.06%,0
2023-04-20,0.05071,0.05071,0.05071,0.05071,0.00016,+0.32%,0
2023-04-19,0.05055,0.05055,0.05055,0.05055,0.00006,+0.12%,0
2023-04-18,0.05049,0.05049,0.05049,0.05049,0.00021,+0.42%,0
2023-04-17,0.05028,0.05028,0.05028,0.05028,0.00046,+0.92%,0
2023-04-14,0.04982,0.04982,0.04982,0.04982,-0.00004,-0.08%,0
2023-04-13,0.04986,0.04986,0.04986,0.04986,-0.00004,-0.08%,0
2023-04-12,0.0499,0.0499,0.0499,0.0499,0.00013,+0.26%,0
2023-04-11,0.04977,0.04977,0.04977,0.04977,0.00018,+0.36%,0
2023-04-10,0.04959,0.04959,0.04959,0.04959,0.00055,+1.12%,0
2023-04-07,0.04904,0.04904,0.04904,0.04904,0.00009,+0.18%,0
2023-04-06,0.04895,0.04895,0.04895,0.04895,-0.00022,-0.45%,0
2023-04-05,0.04917,0.04917,0.04917,0.04917,-0.0002,-0.41%,0
2023-04-04,0.04937,0.04937,0.04937,0.04937,0.00016,+0.33%,0
2023-04-03,0.04921,0.04921,0.04921,0.04921,0.00012,+0.24%,0
2023-03-31,0.04909,0.04909,0.04909,0.04909,0.00019,+0.39%,0
2023-03-30,0.0489,0.0489,0.0489,0.0489,-0.00008,-0.16%,0
2023-03-29,0.04898,0.04898,0.04898,0.04898,0.00007,+0.14%,0
2023-03-28,0.04891,0.04891,0.04891,0.04891,0.00084,+1.75%,0
2023-03-27,0.04807,0.04807,0.04807,0.04807,-0.00069,-1.42%,0
2023-03-24,0.04876,0.04876,0.04876,0.04876,-0.00022,-0.45%,0
2023-03-23,0.04898,0.04898,0.04898,0.04898,0.00018,+0.37%,0
2023-03-22,0.0488,0.0488,0.0488,0.0488,0.00056,+1.16%,0
2023-03-21,0.04824,0.04824,0.04824,0.04824,0.00007,+0.15%,0
2023-03-20,0.04817,0.04817,0.04817,0.04817,-0.00037,-0.76%,0
2023-03-17,0.04854,0.04854,0.04854,0.04854,0.00124,+2.62%,0
2023-03-16,0.0473,0.0473,0.0473,0.0473,-0.00147,-3.01%,0
2023-03-15,0.04877,0.04877,0.04877,0.04877,0.00134,+2.83%,0
2023-03-14,0.04743,0.04743,0.04743,0.04743,-0.0029,-5.76%,0
2023-03-13,0.05033,0.05033,0.05033,0.05033,-0.00087,-1.70%,0
2023-03-10,0.0512,0.0512,0.0512,0.0512,0.00013,+0.25%,0
2023-03-09,0.05107,0.05107,0.05107,0.05107,0.00067,+1.33%,0
2023-03-08,0.0504,0.0504,0.0504,0.0504,0.00083,+1.67%,0
2023-03-07,0.04957,0.04957,0.04957,0.04957,0.00015,+0.30%,0
2023-03-06,0.04942,0.04942,0.04942,0.04942,0.00002,+0.04%,0
2023-03-03,0.0494,0.0494,0.0494,0.0494,0.00011,+0.22%,0
2023-03-02,0.04929,0.04929,0.04929,0.04929,0.00023,+0.47%,0
2023-03-01,0.04906,0.04906,0.04906,0.04906,0.00012,+0.25%,0
2023-02-28,0.04894,0.04894,0.04894,0.04894,-0.00012,-0.24%,0
2023-02-27,0.04906,0.04906,0.04906,0.04906,0.00015,+0.31%,0
2023-02-24,0.04891,0.04891,0.04891,0.04891,0.00018,+0.37%,0
2023-02-23,0.04873,0.04873,0.04873,0.04873,0.00026,+0.54%,0
2023-02-22,0.04847,0.04847,0.04847,0.04847,0.00019,+0.39%,0
2023-02-21,0.04828,0.04828,0.04828,0.04828,0.00017,+0.35%,0
2023-02-17,0.04811,0.04811,0.04811,0.04811,0.00007,+0.15%,0
2023-02-16,0.04804,0.04804,0.04804,0.04804,0.00029,+0.61%,0
2023-02-15,0.04775,0.04775,0.04775,0.04775,0.00006,+0.13%,0
2023-02-14,0.04769,0.04769,0.04769,0.04769,0.00008,+0.17%,0
2023-02-13,0.04761,0.04761,0.04761,0.04761,0.00005,+0.11%,0
2023-02-10,0.04756,0.04756,0.04756,0.04756,0.00003,+0.06%,0
2023-02-09,0.04753,0.04753,0.04753,0.04753,0.00025,+0.53%,0
2023-02-08,0.04728,0.04728,0.04728,0.04728,0.00005,+0.11%,0
2023-02-07,0.04723,0.04723,0.04723,0.04723,0.00016,+0.34%,0
2023-02-06,0.04707,0.04707,0.04707,0.04707,0.00015,+0.32%,0
2023-02-03,0.04692,0.04692,0.04692,0.04692,-0.00005,-0.11%,0
2023-02-02,0.04697,0.04697,0.04697,0.04697,0.00013,+0.28%,0
2023-02-01,0.04684,0.04684,0.04684,0.04684,-0.00001,-0.02%,0
2023-01-31,0.04685,0.04685,0.04685,0.04685,0.00003,+0.06%,0
2023-01-30,0.04682,0.04682,0.04682,0.04682,0.00006,+0.13%,0
2023-01-27,0.04676,0.04676,0.04676,0.04676,0.00006,+0.13%,0
2023-01-26,0.0467,0.0467,0.0467,0.0467,0.00001,+0.02%,0
2023-01-25,0.04669,0.04669,0.04669,0.04669,0.00003,+0.06%,0
2023-01-24,0.04666,0.04666,0.04666,0.04666,0.00007,+0.15%,0
2023-01-23,0.04659,0.04659,0.04659,0.04659,0,0.00%,0
2023-01-20,0.04659,0.04659,0.04659,0.04659,0.00005,+0.11%,0
2023-01-19,0.04654,0.04654,0.04654,0.04654,0.00015,+0.32%,0
2023-01-18,0.04639,0.04639,0.04639,0.04639,0.00006,+0.13%,0
2023-01-17,0.04633,0.04633,0.04633,0.04633,0.00001,+0.02%,0
2023-01-13,0.04632,0.04632,0.04632,0.04632,-0.00026,-0.56%,0
2023-01-12,0.04658,0.04658,0.04658,0.04658,0.00024,+0.52%,0
2023-01-11,0.04634,0.04634,0.04634,0.04634,0.00009,+0.19%,0
2023-01-10,0.04625,0.04625,0.04625,0.04625,-0.0001,-0.22%,0
2023-01-09,0.04635,0.04635,0.04635,0.04635,-0.00021,-0.45%,0
2023-01-06,0.04656,0.04656,0.04656,0.04656,0.00031,+0.67%,0
2023-01-05,0.04625,0.04625,0.04625,0.04625,0.00021,+0.46%,0
2023-01-04,0.04604,0.04604,0.04604,0.04604,0.00001,+0.02%,0
2023-01-03,0.04603,0.04603,0.04603,0.04603,0.00015,+0.33%,0
2022-12-30,0.04588,0.04588,0.04588,0.04588,-0.00005,-0.11%,0
2022-12-29,0.04593,0.04593,0.04593,0.04593,0.00013,+0.28%,0
2022-12-28,0.0458,0.0458,0.0458,0.0458,0.00019,+0.42%,0
2022-12-27,0.04561,0.04561,0.04561,0.04561,0.00011,+0.24%,0
2022-12-23,0.0455,0.0455,0.0455,0.0455,0.00009,+0.20%,0
2022-12-22,0.04541,0.04541,0.04541,0.04541,0.0001,+0.22%,0
2022-12-21,0.04531,0.04531,0.04531,0.04531,0.00007,+0.15%,0
2022-12-20,0.04524,0.04524,0.04524,0.04524,0.00017,+0.38%,0
2022-12-19,0.04507,0.04507,0.04507,0.04507,0.00002,+0.04%,0
2022-12-16,0.04505,0.04505,0.04505,0.04505,-0.00004,-0.09%,0
2022-12-15,0.04509,0.04509,0.04509,0.04509,0.0001,+0.22%,0
2022-12-14,0.04499,0.04499,0.04499,0.04499,-0.00029,-0.64%,0
2022-12-13,0.04528,0.04528,0.04528,0.04528,0.0002,+0.44%,0
2022-12-12,0.04508,0.04508,0.04508,0.04508,0.00012,+0.27%,0
2022-12-09,0.04496,0.04496,0.04496,0.04496,0.00004,+0.09%,0
2022-12-08,0.04492,0.04492,0.04492,0.04492,0.00022,+0.49%,0
2022-12-07,0.0447,0.0447,0.0447,0.0447,0.0001,+0.22%,0
2022-12-06,0.0446,0.0446,0.0446,0.0446,0.00012,+0.27%,0
2022-12-05,0.04448,0.04448,0.04448,0.04448,0.00016,+0.36%,0
2022-12-02,0.04432,0.04432,0.04432,0.04432,-0.00019,-0.43%,0
2022-12-01,0.04451,0.04451,0.04451,0.04451,0.00038,+0.86%,0
2022-11-30,0.04413,0.04413,0.04413,0.04413,0.00009,+0.20%,0
2022-11-29,0.04404,0.04404,0.04404,0.04404,0.00005,+0.11%,0
2022-11-28,0.04399,0.04399,0.04399,0.04399,-0.00012,-0.27%,0
2022-11-25,0.04411,0.04411,0.04411,0.04411,0.00017,+0.39%,0
2022-11-23,0.04394,0.04394,0.04394,0.04394,0.00035,+0.80%,0
2022-11-22,0.04359,0.04359,0.04359,0.04359,0.00039,+0.90%,0
2022-11-21,0.0432,0.0432,0.0432,0.0432,0.00019,+0.44%,0
2022-11-18,0.04301,0.04301,0.04301,0.04301,0.00017,+0.40%,0
2022-11-17,0.04284,0.04284,0.04284,0.04284,0.00015,+0.35%,0
2022-11-16,0.04269,0.04269,0.04269,0.04269,0.00022,+0.52%,0
2022-11-15,0.04247,0.04247,0.04247,0.04247,0.00022,+0.52%,0
2022-11-14,0.04225,0.04225,0.04225,0.04225,-0.0004,-0.94%,0
2022-11-10,0.04265,0.04265,0.04265,0.04265,0.00007,+0.16%,0
2022-11-09,0.04258,0.04258,0.04258,0.04258,0.00038,+0.90%,0
2022-11-08,0.0422,0.0422,0.0422,0.0422,0.0001,+0.24%,0
2022-11-07,0.0421,0.0421,0.0421,0.0421,0.00004,+0.10%,0
2022-11-04,0.04206,0.04206,0.04206,0.04206,0.00022,+0.53%,0
2022-11-03,0.04184,0.04184,0.04184,0.04184,0.00018,+0.43%,0
2022-11-02,0.04166,0.04166,0.04166,0.04166,0.00025,+0.60%,0
2022-11-01,0.04141,0.04141,0.04141,0.04141,0.00032,+0.78%,0
2022-10-31,0.04109,0.04109,0.04109,0.04109,0.00021,+0.51%,0
2022-10-28,0.04088,0.04088,0.04088,0.04088,-0.00006,-0.15%,0
2022-10-27,0.04094,0.04094,0.04094,0.04094,0.00017,+0.42%,0
2022-10-26,0.04077,0.04077,0.04077,0.04077,0.00023,+0.57%,0
2022-10-25,0.04054,0.04054,0.04054,0.04054,0.00009,+0.22%,0
2022-10-24,0.04045,0.04045,0.04045,0.04045,-0.00015,-0.37%,0
2022-10-21,0.0406,0.0406,0.0406,0.0406,0.00022,+0.54%,0
2022-10-20,0.04038,0.04038,0.04038,0.04038,0.0005,+1.25%,0
2022-10-19,0.03988,0.03988,0.03988,0.03988,0.00025,+0.63%,0
2022-10-18,0.03963,0.03963,0.03963,0.03963,0.00008,+0.20%,0
2022-10-17,0.03955,0.03955,0.03955,0.03955,0.00026,+0.66%,0
2022-10-14,0.03929,0.03929,0.03929,0.03929,0.00065,+1.68%,0
2022-10-13,0.03864,0.03864,0.03864,0.03864,0.00037,+0.97%,0
2022-10-12,0.03827,0.03827,0.03827,0.03827,0.00043,+1.14%,0
2022-10-11,0.03784,0.03784,0.03784,0.03784,0.00045,+1.20%,0
2022-10-07,0.03739,0.03739,0.03739,0.03739,0.00017,+0.46%,0
2022-10-06,0.03722,0.03722,0.03722,0.03722,0.00056,+1.53%,0
2022-10-05,0.03666,0.03666,0.03666,0.03666,0.00054,+1.50%,0
2022-10-04,0.03612,0.03612,0.03612,0.03612,0.00015,+0.42%,0
2022-10-03,0.03597,0.03597,0.03597,0.03597,0.00004,+0.11%,0
2022-09-30,0.03593,0.03593,0.03593,0.03593,0.00034,+0.96%,0
2022-09-29,0.03559,0.03559,0.03559,0.03559,0.00006,+0.17%,0
2022-09-28,0.03553,0.03553,0.03553,0.03553,-0.00012,-0.34%,0
2022-09-27,0.03565,0.03565,0.03565,0.03565,0.00022,+0.62%,0
2022-09-26,0.03543,0.03543,0.03543,0.03543,0.00024,+0.68%,0
2022-09-23,0.03519,0.03519,0.03519,0.03519,-0.00021,-0.59%,0
2022-09-22,0.0354,0.0354,0.0354,0.0354,0.00041,+1.17%,0
2022-09-21,0.03499,0.03499,0.03499,0.03499,0.0001,+0.29%,0
2022-09-20,0.03489,0.03489,0.03489,0.03489,0.00022,+0.63%,0
2022-09-19,0.03467,0.03467,0.03467,0.03467,0.0002,+0.58%,0
2022-09-16,0.03447,0.03447,0.03447,0.03447,0.00002,+0.06%,0
2022-09-15,0.03445,0.03445,0.03445,0.03445,0.00105,+3.14%,0
2022-09-14,0.0334,0.0334,0.0334,0.0334,0.00134,+4.18%,0
2022-09-13,0.03206,0.03206,0.03206,0.03206,0.00047,+1.49%,0
2022-09-09,0.03159,0.03159,0.03159,0.03159,0.00025,+0.80%,0
2022-09-08,0.03134,0.03134,0.03134,0.03134,0.00069,+2.25%,0
2022-09-07,0.03065,0.03065,0.03065,0.03065,0.00044,+1.46%,0
2022-09-06,0.03021,0.03021,0.03021,0.03021,-0.00026,-0.85%,0
2022-09-02,0.03047,0.03047,0.03047,0.03047,0.00026,+0.86%,0
2022-09-01,0.03021,0.03021,0.03021,0.03021,0.00046,+1.55%,0
2022-08-31,0.02975,0.02975,0.02975,0.02975,0.00028,+0.95%,0
2022-08-30,0.02947,0.02947,0.02947,0.02947,0.00044,+1.52%,0
2022-08-29,0.02903,0.02903,0.02903,0.02903,-0.00003,-0.10%,0
2022-08-26,0.02906,0.02906,0.02906,0.02906,0.00013,+0.45%,0
2022-08-25,0.02893,0.02893,0.02893,0.02893,0.00043,+1.51%,0
2022-08-24,0.0285,0.0285,0.0285,0.0285,0.0001,+0.35%,0
2022-08-23,0.0284,0.0284,0.0284,0.0284,0.00028,+1.00%,0
2022-08-22,0.02812,0.02812,0.02812,0.02812,0.00031,+1.11%,0
2022-08-19,0.02781,0.02781,0.02781,0.02781,-0.00019,-0.68%,0
2022-08-18,0.028,0.028,0.028,0.028,0.00037,+1.34%,0
2022-08-17,0.02763,0.02763,0.02763,0.02763,0.00026,+0.95%,0
2022-08-16,0.02737,0.02737,0.02737,0.02737,0.00011,+0.40%,0
2022-08-15,0.02726,0.02726,0.02726,0.02726,0.00018,+0.66%,0
2022-08-12,0.02708,0.02708,0.02708,0.02708,-0.00004,-0.15%,0
2022-08-11,0.02712,0.02712,0.02712,0.02712,-0.00031,-1.13%,0
2022-08-10,0.02743,0.02743,0.02743,0.02743,0.00013,+0.48%,0
2022-08-09,0.0273,0.0273,0.0273,0.0273,0.00037,+1.37%,0
2022-08-08,0.02693,0.02693,0.02693,0.02693,0.00057,+2.16%,0
2022-08-05,0.02636,0.02636,0.02636,0.02636,-0.00002,-0.08%,0
2022-08-04,0.02638,0.02638,0.02638,0.02638,0.00045,+1.74%,0
2022-08-03,0.02593,0.02593,0.02593,0.02593,0.00028,+1.09%,0
2022-08-02,0.02565,0.02565,0.02565,0.02565,0.00008,+0.31%,0
2022-08-01,0.02557,0.02557,0.02557,0.02557,0.00014,+0.55%,0
2022-07-29,0.02543,0.02543,0.02543,0.02543,-0.00032,-1.24%,0
2022-07-28,0.02575,0.02575,0.02575,0.02575,-0.00002,-0.08%,0
2022-07-27,0.02577,0.02577,0.02577,0.02577,0.00013,+0.51%,0
2022-07-26,0.02564,0.02564,0.02564,0.02564,0.00035,+1.38%,0
2022-07-25,0.02529,0.02529,0.02529,0.02529,-0.0003,-1.17%,0
2022-07-22,0.02559,0.02559,0.02559,0.02559,0.00018,+0.71%,0
2022-07-21,0.02541,0.02541,0.02541,0.02541,0.00035,+1.40%,0
2022-07-20,0.02506,0.02506,0.02506,0.02506,0.00033,+1.33%,0
2022-07-19,0.02473,0.02473,0.02473,0.02473,-0.00004,-0.16%,0
2022-07-18,0.02477,0.02477,0.02477,0.02477,-0.00076,-2.98%,0
2022-07-15,0.02553,0.02553,0.02553,0.02553,0.00072,+2.90%,0
2022-07-14,0.02481,0.02481,0.02481,0.02481,0.00153,+6.57%,0
2022-07-13,0.02328,0.02328,0.02328,0.02328,0.0003,+1.31%,0
2022-07-12,0.02298,0.02298,0.02298,0.02298,0.00022,+0.97%,0
2022-07-11,0.02276,0.02276,0.02276,0.02276,0.00034,+1.52%,0
2022-07-08,0.02242,0.02242,0.02242,0.02242,0.00049,+2.23%,0
2022-07-07,0.02193,0.02193,0.02193,0.02193,0.00027,+1.25%,0
2022-07-06,0.02166,0.02166,0.02166,0.02166,0.00059,+2.80%,0
2022-07-05,0.02107,0.02107,0.02107,0.02107,-0.00003,-0.14%,0
2022-07-01,0.0211,0.0211,0.0211,0.0211,-0.00007,-0.33%,0
2022-06-30,0.02117,0.02117,0.02117,0.02117,0.00063,+3.07%,0
2022-06-28,0.02054,0.02054,0.02054,0.02054,0.00024,+1.18%,0
2022-06-27,0.0203,0.0203,0.0203,0.0203,0.00021,+1.05%,0
2022-06-24,0.02009,0.02009,0.02009,0.02009,-0.00004,-0.20%,0
2022-06-23,0.02013,0.02013,0.02013,0.02013,0.00009,+0.45%,0
2022-06-22,0.02004,0.02004,0.02004,0.02004,0.00047,+2.40%,0
2022-06-21,0.01957,0.01957,0.01957,0.01957,0.00023,+1.19%,0
2022-06-17,0.01934,0.01934,0.01934,0.01934,-0.0001,-0.51%,0
2022-06-16,0.01944,0.01944,0.01944,0.01944,0.00058,+3.08%,0
2022-06-15,0.01886,0.01886,0.01886,0.01886,0.0021,+12.53%,0
2022-06-14,0.01676,0.01676,0.01676,0.01676,0.00079,+4.95%,0
2022-06-13,0.01597,0.01597,0.01597,0.01597,0.00042,+2.70%,0
2022-06-10,0.01555,0.01555,0.01555,0.01555,0.00014,+0.91%,0
2022-06-09,0.01541,0.01541,0.01541,0.01541,0.00025,+1.65%,0
2022-06-08,0.01516,0.01516,0.01516,0.01516,0.0002,+1.34%,0
2022-06-07,0.01496,0.01496,0.01496,0.01496,0.00015,+1.01%,0
2022-06-06,0.01481,0.01481,0.01481,0.01481,0.00009,+0.61%,0
2022-06-03,0.01472,0.01472,0.01472,0.01472,0.00012,+0.82%,0
2022-06-02,0.0146,0.0146,0.0146,0.0146,0.00027,+1.88%,0
2022-06-01,0.01433,0.01433,0.01433,0.01433,0.00028,+1.99%,0
2022-05-31,0.01405,0.01405,0.01405,0.01405,0.00005,+0.36%,0
2022-05-27,0.014,0.014,0.014,0.014,0.00003,+0.21%,0
2022-05-26,0.01397,0.01397,0.01397,0.01397,0.00026,+1.90%,0
2022-05-25,0.01371,0.01371,0.01371,0.01371,0.00013,+0.96%,0
2022-05-24,0.01358,0.01358,0.01358,0.01358,0.00016,+1.19%,0
2022-05-23,0.01342,0.01342,0.01342,0.01342,0.00011,+0.83%,0
2022-05-20,0.01331,0.01331,0.01331,0.01331,0.00001,+0.08%,0
2022-05-19,0.0133,0.0133,0.0133,0.0133,0.00019,+1.45%,0
2022-05-18,0.01311,0.01311,0.01311,0.01311,0.00037,+2.90%,0
2022-05-17,0.01274,0.01274,0.01274,0.01274,0.00006,+0.47%,0
2022-05-16,0.01268,0.01268,0.01268,0.01268,0.00029,+2.34%,0
2022-05-13,0.01239,0.01239,0.01239,0.01239,-0.00013,-1.04%,0
2022-05-12,0.01252,0.01252,0.01252,0.01252,0.00036,+2.96%,0
2022-05-11,0.01216,0.01216,0.01216,0.01216,0.00019,+1.59%,0
2022-05-10,0.01197,0.01197,0.01197,0.01197,-0.00002,-0.17%,0
2022-05-09,0.01199,0.01199,0.01199,0.01199,0.00011,+0.93%,0
2022-05-06,0.01188,0.01188,0.01188,0.01188,-0.00013,-1.08%,0
2022-05-05,0.01201,0.01201,0.01201,0.01201,0.0002,+1.69%,0
2022-05-04,0.01181,0.01181,0.01181,0.01181,0.00025,+2.16%,0
2022-05-03,0.01156,0.01156,0.01156,0.01156,0.00002,+0.17%,0
2022-05-02,0.01154,0.01154,0.01154,0.01154,0.00042,+3.78%,0
2022-04-29,0.01112,0.01112,0.01112,0.01112,0.00038,+3.54%,0
2022-04-28,0.01074,0.01074,0.01074,0.01074,0.00049,+4.78%,0
2022-04-27,0.01025,0.01025,0.01025,0.01025,0.00019,+1.89%,0
2022-04-26,0.01006,0.01006,0.01006,0.01006,-0.00019,-1.85%,0
2022-04-25,0.01025,0.01025,0.01025,0.01025,0.00041,+4.17%,0
2022-04-22,0.00984,0.00984,0.00984,0.00984,0.00035,+3.69%,0
2022-04-21,0.00949,0.00949,0.00949,0.00949,0.00044,+4.86%,0
2022-04-20,0.00905,0.00905,0.00905,0.00905,0.00018,+2.03%,0
2022-04-19,0.00887,0.00887,0.00887,0.00887,0.00014,+1.60%,0
2022-04-18,0.00873,0.00873,0.00873,0.00873,0.00022,+2.59%,0
2022-04-14,0.00851,0.00851,0.00851,0.00851,0.00005,+0.59%,0
2022-04-13,0.00846,0.00846,0.00846,0.00846,0.00032,+3.93%,0
2022-04-12,0.00814,0.00814,0.00814,0.00814,0.00014,+1.75%,0
2022-04-11,0.008,0.008,0.008,0.008,0.00016,+2.04%,0
2022-04-08,0.00784,0.00784,0.00784,0.00784,0.00015,+1.95%,0
2022-04-07,0.00769,0.00769,0.00769,0.00769,0.00035,+4.77%,0
2022-04-06,0.00734,0.00734,0.00734,0.00734,0.00021,+2.95%,0
2022-04-05,0.00713,0.00713,0.00713,0.00713,0.00015,+2.15%,0
2022-04-04,0.00698,0.00698,0.00698,0.00698,0.00025,+3.71%,0
2022-04-01,0.00673,0.00673,0.00673,0.00673,-0.00002,-0.30%,0
2022-03-31,0.00675,0.00675,0.00675,0.00675,0.00024,+3.69%,0
2022-03-30,0.00651,0.00651,0.00651,0.00651,0,0.00%,0
2022-03-29,0.00651,0.00651,0.00651,0.00651,0.0001,+1.56%,0
2022-03-28,0.00641,0.00641,0.00641,0.00641,0.00017,+2.72%,0
2022-03-25,0.00624,0.00624,0.00624,0.00624,0.00008,+1.30%,0
2022-03-24,0.00616,0.00616,0.00616,0.00616,0.00009,+1.48%,0
2022-03-23,0.00607,0.00607,0.00607,0.00607,0.00045,+8.01%,0
2022-03-22,0.00562,0.00562,0.00562,0.00562,0.00031,+5.84%,0
2022-03-21,0.00531,0.00531,0.00531,0.00531,0.00015,+2.91%,0
2022-03-18,0.00516,0.00516,0.00516,0.00516,-0.00034,-6.18%,0
2022-03-17,0.0055,0.0055,0.0055,0.0055,0.0001,+1.85%,0
2022-03-16,0.0054,0.0054,0.0054,0.0054,0.00025,+4.85%,0
2022-03-15,0.00515,0.00515,0.00515,0.00515,0.00035,+7.29%,0
2022-03-14,0.0048,0.0048,0.0048,0.0048,0.00002,+0.42%,0
2022-03-11,0.00478,0.00478,0.00478,0.00478,0.00013,+2.80%,0
2022-03-10,0.00465,0.00465,0.00465,0.00465,0.00028,+6.41%,0
2022-03-09,0.00437,0.00437,0.00437,0.00437,0.00008,+1.86%,0
2022-03-08,0.00429,0.00429,0.00429,0.00429,0.00021,+5.15%,0
2022-03-07,0.00408,0.00408,0.00408,0.00408,-0.00001,-0.24%,0
2022-03-04,0.00409,0.00409,0.00409,0.00409,-0.00001,-0.24%,0
2022-03-03,0.0041,0.0041,0.0041,0.0041,0.00039,+10.51%,0
2022-03-02,0.00371,0.00371,0.00371,0.00371,-0.00012,-3.13%,0
2022-03-01,0.00383,0.00383,0.00383,0.00383,-0.00028,-6.81%,0
2022-02-28,0.00411,0.00411,0.00411,0.00411,0.00034,+9.02%,0
2022-02-25,0.00377,0.00377,0.00377,0.00377,-0.00049,-11.50%,0
2022-02-24,0.00426,0.00426,0.00426,0.00426,0.00039,+10.08%,0
2022-02-23,0.00387,0.00387,0.00387,0.00387,0.0002,+5.45%,0
2022-02-22,0.00367,0.00367,0.00367,0.00367,-0.00004,-1.08%,0
2022-02-18,0.00371,0.00371,0.00371,0.00371,-0.00021,-5.36%,0
2022-02-17,0.00392,0.00392,0.00392,0.00392,0.00015,+3.98%,0
2022-02-16,0.00377,0.00377,0.00377,0.00377,-0.00003,-0.79%,0
2022-02-15,0.0038,0.0038,0.0038,0.0038,0.00004,+1.06%,0
2022-02-14,0.00376,0.00376,0.00376,0.00376,0.00001,+0.27%,0
2022-02-11,0.00375,0.00375,0.00375,0.00375,0.00075,+25.00%,0
2022-02-10,0.003,0.003,0.003,0.003,0.00026,+9.49%,0
2022-02-09,0.00274,0.00274,0.00274,0.00274,0.00006,+2.24%,0
2022-02-08,0.00268,0.00268,0.00268,0.00268,0.00004,+1.52%,0
2022-02-07,0.00264,0.00264,0.00264,0.00264,0.00034,+14.78%,0
2022-02-04,0.0023,0.0023,0.0023,0.0023,0.0001,+4.55%,0
2022-02-03,0.0022,0.0022,0.0022,0.0022,0.00013,+6.28%,0
2022-02-02,0.00207,0.00207,0.00207,0.00207,-0.00002,-0.96%,0
2022-02-01,0.00209,0.00209,0.00209,0.00209,0.00007,+3.47%,0
2022-01-31,0.00202,0.00202,0.00202,0.00202,-0.00002,-0.98%,0
2022-01-28,0.00204,0.00204,0.00204,0.00204,0.00025,+13.97%,0
2022-01-27,0.00179,0.00179,0.00179,0.00179,0.00007,+4.07%,0
2022-01-26,0.00172,0.00172,0.00172,0.00172,0.00007,+4.24%,0
2022-01-25,0.00165,0.00165,0.00165,0.00165,-0.00002,-1.20%,0
2022-01-24,0.00167,0.00167,0.00167,0.00167,-0.00004,-2.34%,0
2022-01-21,0.00171,0.00171,0.00171,0.00171,0,0.00%,0
2022-01-20,0.00171,0.00171,0.00171,0.00171,0.00011,+6.88%,0
2022-01-19,0.0016,0.0016,0.0016,0.0016,0.00018,+12.68%,0
2022-01-18,0.00142,0.00142,0.00142,0.00142,0.00005,+3.65%,0
2022-01-14,0.00137,0.00137,0.00137,0.00137,0.00006,+4.58%,0
2022-01-13,0.00131,0.00131,0.00131,0.00131,0.00007,+5.65%,0
2022-01-12,0.00124,0.00124,0.00124,0.00124,-0.00001,-0.80%,0
2022-01-11,0.00125,0.00125,0.00125,0.00125,0.00008,+6.84%,0
2022-01-10,0.00117,0.00117,0.00117,0.00117,0.00002,+1.74%,0
2022-01-07,0.00115,0.00115,0.00115,0.00115,0.00011,+10.58%,0
2022-01-06,0.00104,0.00104,0.00104,0.00104,0.00011,+11.83%,0
2022-01-05,0.00093,0.00093,0.00093,0.00093,0,0.00%,0
2022-01-04,0.00093,0.00093,0.00093,0.00093,0.00002,+2.20%,0
2022-01-03,0.00091,0.00091,0.00091,0.00091,0,0.00%,0
2021-12-31,0.00091,0.00091,0.00091,0.00091,-0.00002,-2.15%,0
2021-12-30,0.00093,0.00093,0.00093,0.00093,0.00011,+13.41%,0
2021-12-29,0.00082,0.00082,0.00082,0.00082,0.00003,+3.80%,0
2021-12-28,0.00079,0.00079,0.00079,0.00079,0,0.00%,0
2021-12-27,0.00079,0.00079,0.00079,0.00079,0.00004,+5.33%,0
2021-12-23,0.00075,0.00075,0.00075,0.00075,-0.00001,-1.32%,0
2021-12-22,0.00076,0.00076,0.00076,0.00076,0.00009,+13.43%,0
2021-12-21,0.00067,0.00067,0.00067,0.00067,0.00002,+3.08%,0
2021-12-20,0.00065,0.00065,0.00065,0.00065,0.00001,+1.56%,0
2021-12-17,0.00064,0.00064,0.00064,0.00064,-0.00007,-9.86%,0
2021-12-16,0.00071,0.00071,0.00071,0.00071,0.00004,+5.97%,0
2021-12-15,0.00067,0.00067,0.00067,0.00067,0.00005,+8.06%,0
2021-12-14,0.00062,0.00062,0.00062,0.00062,0.00003,+5.08%,0
2021-12-13,0.00059,0.00059,0.00059,0.00059,0,0.00%,0
2021-12-10,0.00059,0.00059,0.00059,0.00059,0,0.00%,0
2021-12-09,0.00059,0.00059,0.00059,0.00059,0.00001,+1.72%,0
2021-12-08,0.00058,0.00058,0.00058,0.00058,0.00001,+1.75%,0
2021-12-07,0.00057,0.00057,0.00057,0.00057,0.00001,+1.79%,0
2021-12-06,0.00056,0.00056,0.00056,0.00056,0.00001,+1.82%,0
2021-12-03,0.00055,0.00055,0.00055,0.00055,-0.00001,-1.79%,0
2021-12-02,0.00056,0.00056,0.00056,0.00056,0.00002,+3.70%,0
2021-12-01,0.00054,0.00054,0.00054,0.00054,0,0.00%,0
2021-11-30,0.00054,0.00054,0.00054,0.00054,0,0.00%,0
2021-11-29,0.00054,0.00054,0.00054,0.00054,-0.00002,-3.57%,0
2021-11-26,0.00056,0.00056,0.00056,0.00056,0,0.00%,0
2021-11-24,0.00056,0.00056,0.00056,0.00056,0.00002,+3.70%,0
2021-11-23,0.00054,0.00054,0.00054,0.00054,0.00002,+3.85%,0
2021-11-22,0.00052,0.00052,0.00052,0.00052,-0.00001,-1.89%,0
2021-11-19,0.00053,0.00053,0.00053,0.00053,0,0.00%,0
2021-11-18,0.00053,0.00053,0.00053,0.00053,0,0.00%,0
2021-11-17,0.00053,0.00053,0.00053,0.00053,0.00002,+3.92%,0
2021-11-16,0.00051,0.00051,0.00051,0.00051,0.00001,+2.00%,0
2021-11-15,0.0005,0.0005,0.0005,0.0005,0,0.00%,0
2021-11-12,0.0005,0.0005,0.0005,0.0005,0.00004,+8.70%,0
2021-11-10,0.00046,0.00046,0.00046,0.00046,0,0.00%,0
2021-11-09,0.00046,0.00046,0.00046,0.00046,0.00001,+2.22%,0
2021-11-08,0.00045,0.00045,0.00045,0.00045,0.00001,+2.27%,0
2021-11-05,0.00044,0.00044,0.00044,0.00044,-0.00002,-4.35%,0
2021-11-04,0.00046,0.00046,0.00046,0.00046,-0.00002,-4.17%,0
2021-11-03,0.00048,0.00048,0.00048,0.00048,0,0.00%,0
2021-11-02,0.00048,0.00048,0.00048,0.00048,0,0.00%,0
2021-11-01,0.00048,0.00048,0.00048,0.00048,0,0.00%,0
2021-10-29,0.00048,0.00048,0.00048,0.00048,0,0.00%,0
2021-10-28,0.00048,0.00048,0.00048,0.00048,0.00001,+2.13%,0
2021-10-27,0.00047,0.00047,0.00047,0.00047,-0.00001,-2.08%,0
2021-10-26,0.00048,0.00048,0.00048,0.00048,0.00003,+6.67%,0
2021-10-25,0.00045,0.00045,0.00045,0.00045,-0.00002,-4.26%,0
2021-10-22,0.00047,0.00047,0.00047,0.00047,0.00002,+4.44%,0
2021-10-21,0.00045,0.00045,0.00045,0.00045,-0.00007,-13.46%,0
2021-10-20,0.00052,0.00052,0.00052,0.00052,-0.00002,-3.70%,0
2021-10-19,0.00054,0.00054,0.00054,0.00054,0,0.00%,0
2021-10-18,0.00054,0.00054,0.00054,0.00054,0.00001,+1.89%,0
2021-10-15,0.00053,0.00053,0.00053,0.00053,-0.00001,-1.85%,0
2021-10-14,0.00054,0.00054,0.00054,0.00054,-0.00001,-1.82%,0
2021-10-13,0.00055,0.00055,0.00055,0.00055,0.00001,+1.85%,0
2021-10-12,0.00054,0.00054,0.00054,0.00054,-0.00001,-1.82%,0
2021-10-08,0.00055,0.00055,0.00055,0.00055,0,0.00%,0
2021-10-07,0.00055,0.00055,0.00055,0.00055,-0.00002,-3.51%,0
2021-10-06,0.00057,0.00057,0.00057,0.00057,0,0.00%,0
2021-10-05,0.00057,0.00057,0.00057,0.00057,0,0.00%,0
2021-10-04,0.00057,0.00057,0.00057,0.00057,0.00002,+3.64%,0
2021-10-01,0.00055,0.00055,0.00055,0.00055,-0.00002,-3.51%,0
2021-09-30,0.00057,0.00057,0.00057,0.00057,-0.00004,-6.56%,0
2021-09-29,0.00061,0.00061,0.00061,0.00061,0.00002,+3.39%,0
2021-09-28,0.00059,0.00059,0.00059,0.00059,0.00001,+1.72%,0
2021-09-27,0.00058,0.00058,0.00058,0.00058,0,0.00%,0
2021-09-24,0.00058,0.00058,0.00058,0.00058,0.00001,+1.75%,0
2021-09-23,0.00057,0.00057,0.00057,0.00057,-0.00001,-1.72%,0
2021-09-22,0.00058,0.00058,0.00058,0.00058,-0.00001,-1.69%,0
2021-09-21,0.00059,0.00059,0.00059,0.00059,-0.00001,-1.67%,0
2021-09-20,0.0006,0.0006,0.0006,0.0006,0,0.00%,0
2021-09-17,0.0006,0.0006,0.0006,0.0006,0.00003,+5.26%,0
2021-09-16,0.00057,0.00057,0.00057,0.00057,0.00004,+7.55%,0
2021-09-15,0.00053,0.00053,0.00053,0.00053,0.00001,+1.92%,0
2021-09-14,0.00052,0.00052,0.00052,0.00052,0,0.00%,0
2021-09-13,0.00052,0.00052,0.00052,0.00052,0,0.00%,0
2021-09-10,0.00052,0.00052,0.00052,0.00052,0,0.00%,0
2021-09-09,0.00052,0.00052,0.00052,0.00052,0,0.00%,0
2021-09-08,0.00052,0.00052,0.00052,0.00052,-0.00001,-1.89%,0
2021-09-07,0.00053,0.00053,0.00053,0.00053,0.00001,+1.92%,0
2021-09-03,0.00052,0.00052,0.00052,0.00052,0.00001,+1.96%,0
2021-09-02,0.00051,0.00051,0.00051,0.00051,0.00001,+2.00%,0
2021-09-01,0.0005,0.0005,0.0005,0.0005,0,0.00%,0
2021-08-31,0.0005,0.0005,0.0005,0.0005,0,0.00%,0
2021-08-30,0.0005,0.0005,0.0005,0.0005,-0.00003,-5.66%,0
2021-08-27,0.00053,0.00053,0.00053,0.00053,0,0.00%,0
2021-08-26,0.00053,0.00053,0.00053,0.00053,0.00002,+3.92%,0
2021-08-25,0.00051,0.00051,0.00051,0.00051,0.00001,+2.00%,0
2021-08-24,0.0005,0.0005,0.0005,0.0005,0,0.00%,0
2021-08-23,0.0005,0.0005,0.0005,0.0005,0,0.00%,0
2021-08-20,0.0005,0.0005,0.0005,0.0005,0,0.00%,0
2021-08-19,0.0005,0.0005,0.0005,0.0005,0,0.00%,0
2021-08-18,0.0005,0.0005,0.0005,0.0005,-0.00001,-1.96%,0
2021-08-17,0.00051,0.00051,0.00051,0.00051,-0.00001,-1.92%,0
2021-08-16,0.00052,0.00052,0.00052,0.00052,0.00003,+6.12%,0
2021-08-13,0.00049,0.00049,0.00049,0.00049,-0.00001,-2.00%,0
2021-08-12,0.0005,0.0005,0.0005,0.0005,0,0.00%,0
2021-08-11,0.0005,0.0005,0.0005,0.0005,0.00001,+2.04%,0
2021-08-10,0.00049,0.00049,0.00049,0.00049,-0.00001,-2.00%,0
2021-08-09,0.0005,0.0005,0.0005,0.0005,0.00002,+4.17%,0
2021-08-06,0.00048,0.00048,0.00048,0.00048,0,0.00%,0
2021-08-05,0.00048,0.00048,0.00048,0.00048,0,0.00%,0
2021-08-04,0.00048,0.00048,0.00048,0.00048,0,0.00%,0
2021-08-03,0.00048,0.00048,0.00048,0.00048,0,0.00%,0
2021-08-02,0.00048,0.00048,0.00048,0.00048,0,0.00%,0
2021-07-30,0.00048,0.00048,0.00048,0.00048,-0.00001,-2.04%,0
2021-07-29,0.00049,0.00049,0.00049,0.00049,0.00001,+2.08%,0
2021-07-28,0.00048,0.00048,0.00048,0.00048,0.00001,+2.13%,0
2021-07-27,0.00047,0.00047,0.00047,0.00047,-0.00002,-4.08%,0
2021-07-26,0.00049,0.00049,0.00049,0.00049,0.00001,+2.08%,0
2021-07-23,0.00048,0.00048,0.00048,0.00048,-0.00001,-2.04%,0
2021-07-22,0.00049,0.00049,0.00049,0.00049,0.00001,+2.08%,0
2021-07-21,0.00048,0.00048,0.00048,0.00048,0,0.00%,0
2021-07-20,0.00048,0.00048,0.00048,0.00048,0,0.00%,0
2021-07-19,0.00048,0.00048,0.00048,0.00048,0,0.00%,0
2021-07-16,0.00048,0.00048,0.00048,0.00048,0,0.00%,0
2021-07-15,0.00048,0.00048,0.00048,0.00048,0,0.00%,0
2021-07-14,0.00048,0.00048,0.00048,0.00048,0,0.00%,0
2021-07-13,0.00048,0.00048,0.00048,0.00048,0,0.00%,0
2021-07-12,0.00048,0.00048,0.00048,0.00048,0,0.00%,0
2021-07-09,0.00048,0.00048,0.00048,0.00048,0,0.00%,0
2021-07-08,0.00048,0.00048,0.00048,0.00048,0,0.00%,0
2021-07-07,0.00048,0.00048,0.00048,0.00048,0,0.00%,0
2021-07-06,0.00048,0.00048,0.00048,0.00048,0.00001,+2.13%,0
2021-07-02,0.00047,0.00047,0.00047,0.00047,0,0.00%,0
2021-07-01,0.00047,0.00047,0.00047,0.00047,0,0.00%,0
2021-06-30,0.00047,0.00047,0.00047,0.00047,-0.00001,-2.08%,0
2021-06-29,0.00048,0.00048,0.00048,0.00048,0.00001,+2.13%,0
2021-06-28,0.00047,0.00047,0.00047,0.00047,0.00001,+2.17%,0
2021-06-25,0.00046,0.00046,0.00046,0.00046,0,0.00%,0
2021-06-24,0.00046,0.00046,0.00046,0.00046,0.00002,+4.55%,0
2021-06-23,0.00044,0.00044,0.00044,0.00044,-0.00006,-12.00%,0
2021-06-22,0.0005,0.0005,0.0005,0.0005,0.00001,+2.04%,0
2021-06-21,0.00049,0.00049,0.00049,0.00049,0.00001,+2.08%,0
2021-06-18,0.00048,0.00048,0.00048,0.00048,0.00005,+11.63%,0
2021-06-17,0.00043,0.00043,0.00043,0.00043,0.00011,+34.38%,0
2021-06-16,0.00032,0.00032,0.00032,0.00032,0.00001,+3.23%,0
2021-06-15,0.00031,0.00031,0.00031,0.00031,0.00005,+19.23%,0
2021-06-14,0.00026,0.00026,0.00026,0.00026,-0.00001,-3.70%,0
2021-06-11,0.00027,0.00027,0.00027,0.00027,-0.00001,-3.57%,0
2021-06-10,0.00028,0.00028,0.00028,0.00028,-0.00001,-3.45%,0
2021-06-09,0.00029,0.00029,0.00029,0.00029,0,0.00%,0
2021-06-08,0.00029,0.00029,0.00029,0.00029,0,0.00%,0
2021-06-07,0.00029,0.00029,0.00029,0.00029,0,0.00%,0
2021-06-04,0.00029,0.00029,0.00029,0.00029,-0.00001,-3.33%,0
2021-06-03,0.0003,0.0003,0.0003,0.0003,0.00002,+7.14%,0
2021-06-02,0.00028,0.00028,0.00028,0.00028,0.00002,+7.69%,0
2021-06-01,0.00026,0.00026,0.00026,0.00026,0,0.00%,0
2021-05-28,0.00026,0.00026,0.00026,0.00026,0.00001,+4.00%,0
2021-05-27,0.00025,0.00025,0.00025,0.00025,-0.00002,-7.41%,0
2021-05-26,0.00027,0.00027,0.00027,0.00027,-0.00001,-3.57%,0
2021-05-25,0.00028,0.00028,0.00028,0.00028,0,0.00%,0
2021-05-24,0.00028,0.00028,0.00028,0.00028,0,0.00%,0
2021-05-21,0.00028,0.00028,0.00028,0.00028,0.00001,+3.70%,0
2021-05-20,0.00027,0.00027,0.00027,0.00027,0.00002,+8.00%,0
2021-05-19,0.00025,0.00025,0.00025,0.00025,-0.00001,-3.85%,0
2021-05-18,0.00026,0.00026,0.00026,0.00026,-0.00001,-3.70%,0
2021-05-17,0.00027,0.00027,0.00027,0.00027,-0.00001,-3.57%,0
2021-05-14,0.00028,0.00028,0.00028,0.00028,0,0.00%,0
2021-05-13,0.00028,0.00028,0.00028,0.00028,0,0.00%,0
2021-05-12,0.00028,0.00028,0.00028,0.00028,0.00002,+7.69%,0
2021-05-11,0.00026,0.00026,0.00026,0.00026,-0.00003,-10.34%,0
2021-05-10,0.00029,0.00029,0.00029,0.00029,-0.00001,-3.33%,0
2021-05-07,0.0003,0.0003,0.0003,0.0003,-0.00005,-14.29%,0
2021-05-06,0.00035,0.00035,0.00035,0.00035,-0.00001,-2.78%,0
2021-05-05,0.00036,0.00036,0.00036,0.00036,0.00001,+2.86%,0
2021-05-04,0.00035,0.00035,0.00035,0.00035,0.00002,+6.06%,0
2021-05-03,0.00033,0.00033,0.00033,0.00033,0.00002,+6.45%,0
2021-04-30,0.00031,0.00031,0.00031,0.00031,0.00001,+3.33%,0
2021-04-29,0.0003,0.0003,0.0003,0.0003,-0.00001,-3.23%,0
2021-04-28,0.00031,0.00031,0.00031,0.00031,0,0.00%,0
2021-04-27,0.00031,0.00031,0.00031,0.00031,0,0.00%,0
2021-04-26,0.00031,0.00031,0.00031,0.00031,0,0.00%,0
2021-04-23,0.00031,0.00031,0.00031,0.00031,0,0.00%,0
2021-04-22,0.00031,0.00031,0.00031,0.00031,0.00001,+3.33%,0
2021-04-21,0.0003,0.0003,0.0003,0.0003,0,0.00%,0
2021-04-20,0.0003,0.0003,0.0003,0.0003,-0.00003,-9.09%,0
2021-04-19,0.00033,0.00033,0.00033,0.00033,-0.00002,-5.71%,0
2021-04-16,0.00035,0.00035,0.00035,0.00035,0.00002,+6.06%,0
2021-04-15,0.00033,0.00033,0.00033,0.00033,0.00002,+6.45%,0
2021-04-14,0.00031,0.00031,0.00031,0.00031,0.00001,+3.33%,0
2021-04-13,0.0003,0.0003,0.0003,0.0003,0,0.00%,0
2021-04-12,0.0003,0.0003,0.0003,0.0003,0.00003,+11.11%,0
2021-04-09,0.00027,0.00027,0.00027,0.00027,0.00001,+3.85%,0
2021-04-08,0.00026,0.00026,0.00026,0.00026,0.00004,+18.18%,0
2021-04-07,0.00022,0.00022,0.00022,0.00022,0.00002,+10.00%,0
2021-04-06,0.0002,0.0002,0.0002,0.0002,0,0.00%,0
2021-04-05,0.0002,0.0002,0.0002,0.0002,0,0.00%,0
2021-04-02,0.0002,0.0002,0.0002,0.0002,0.00001,+5.26%,0
2021-04-01,0.00019,0.00019,0.00019,0.00019,-0.00003,-13.64%,0
2021-03-31,0.00022,0.00022,0.00022,0.00022,-0.00001,-4.35%,0
2021-03-30,0.00023,0.00023,0.00023,0.00023,0.00002,+9.52%,0
2021-03-29,0.00021,0.00021,0.00021,0.00021,0.00002,+10.53%,0
2021-03-26,0.00019,0.00019,0.00019,0.00019,-0.00001,-5.00%,0
2021-03-25,0.0002,0.0002,0.0002,0.0002,0.00001,+5.26%,0
2021-03-24,0.00019,0.00019,0.00019,0.00019,0.00003,+18.75%,0
2021-03-23,0.00016,0.00016,0.00016,0.00016,-0.00004,-20.00%,0
2021-03-22,0.0002,0.0002,0.0002,0.0002,-0.00007,-25.93%,0
2021-03-19,0.00027,0.00027,0.00027,0.00027,-0.00008,-22.86%,0
2021-03-18,0.00035,0.00035,0.00035,0.00035,-0.00001,-2.78%,0
2021-03-17,0.00036,0.00036,0.00036,0.00036,0.00001,+2.86%,0
2021-03-16,0.00035,0.00035,0.00035,0.00035,-0.00001,-2.78%,0
2021-03-15,0.00036,0.00036,0.00036,0.00036,-0.00005,-12.20%,0
2021-03-12,0.00041,0.00041,0.00041,0.00041,-0.00001,-2.38%,0
2021-03-11,0.00042,0.00042,0.00042,0.00042,0.00003,+7.69%,0
2021-03-10,0.00039,0.00039,0.00039,0.00039,0.00001,+2.63%,0
2021-03-09,0.00038,0.00038,0.00038,0.00038,-0.00006,-13.64%,0
2021-03-08,0.00044,0.00044,0.00044,0.00044,0,0.00%,0
2021-03-05,0.00044,0.00044,0.00044,0.00044,-0.00002,-4.35%,0
2021-03-04,0.00046,0.00046,0.00046,0.00046,0,0.00%,0
2021-03-03,0.00046,0.00046,0.00046,0.00046,0.00003,+6.98%,0
2021-03-02,0.00043,0.00043,0.00043,0.00043,-0.00001,-2.27%,0
2021-03-01,0.00044,0.00044,0.00044,0.00044,-0.00006,-12.00%,0
2021-02-26,0.0005,0.0005,0.0005,0.0005,0.00005,+11.11%,0
2021-02-25,0.00045,0.00045,0.00045,0.00045,0.00006,+15.38%,0
2021-02-24,0.00039,0.00039,0.00039,0.00039,0.00005,+14.71%,0
2021-02-23,0.00034,0.00034,0.00034,0.00034,0.00001,+3.03%,0
2021-02-22,0.00033,0.00033,0.00033,0.00033,-0.00002,-5.71%,0
2021-02-19,0.00035,0.00035,0.00035,0.00035,-0.00001,-2.78%,0
2021-02-18,0.00036,0.00036,0.00036,0.00036,0,0.00%,0
2021-02-17,0.00036,0.00036,0.00036,0.00036,0.00001,+2.86%,0
2021-02-16,0.00035,0.00035,0.00035,0.00035,-0.00002,-5.41%,0
2021-02-12,0.00037,0.00037,0.00037,0.00037,0,0.00%,0
2021-02-11,0.00037,0.00037,0.00037,0.00037,0.00001,+2.78%,0
2021-02-10,0.00036,0.00036,0.00036,0.00036,0.00002,+5.88%,0
2021-02-09,0.00034,0.00034,0.00034,0.00034,0.00001,+3.03%,0
2021-02-08,0.00033,0.00033,0.00033,0.00033,-0.00004,-10.81%,0
2021-02-05,0.00037,0.00037,0.00037,0.00037,-0.00007,-15.91%,0
2021-02-04,0.00044,0.00044,0.00044,0.00044,0,0.00%,0
2021-02-03,0.00044,0.00044,0.00044,0.00044,0.00003,+7.32%,0
2021-02-02,0.00041,0.00041,0.00041,0.00041,0.00001,+2.50%,0
2021-02-01,0.0004,0.0004,0.0004,0.0004,-0.00007,-14.89%,0
2021-01-29,0.00047,0.00047,0.00047,0.00047,0.00003,+6.82%,0
2021-01-28,0.00044,0.00044,0.00044,0.00044,-0.00003,-6.38%,0
2021-01-27,0.00047,0.00047,0.00047,0.00047,-0.00008,-14.55%,0
2021-01-26,0.00055,0.00055,0.00055,0.00055,-0.00002,-3.51%,0
2021-01-25,0.00057,0.00057,0.00057,0.00057,-0.00001,-1.72%,0
2021-01-22,0.00058,0.00058,0.00058,0.00058,-0.00005,-7.94%,0
2021-01-21,0.00063,0.00063,0.00063,0.00063,-0.00004,-5.97%,0
2021-01-20,0.00067,0.00067,0.00067,0.00067,-0.00001,-1.47%,0
2021-01-19,0.00068,0.00068,0.00068,0.00068,-0.00001,-1.45%,0
2021-01-15,0.00069,0.00069,0.00069,0.00069,0.00001,+1.47%,0
2021-01-14,0.00068,0.00068,0.00068,0.00068,-0.00002,-2.86%,0
2021-01-13,0.0007,0.0007,0.0007,0.0007,0.00004,+6.06%,0
2021-01-12,0.00066,0.00066,0.00066,0.00066,-0.00003,-4.35%,0
2021-01-11,0.00069,0.00069,0.00069,0.00069,-0.00001,-1.43%,0
2021-01-08,0.0007,0.0007,0.0007,0.0007,-0.00001,-1.41%,0
2021-01-07,0.00071,0.00071,0.00071,0.00071,0.00004,+5.97%,0
2021-01-06,0.00067,0.00067,0.00067,0.00067,0.00004,+6.35%,0
2021-01-05,0.00063,0.00063,0.00063,0.00063,0,0.00%,0
2021-01-04,0.00063,0.00063,0.00063,0.00063,-0.00002,-3.08%,0
2020-12-31,0.00065,0.00065,0.00065,0.00065,-0.00002,-2.99%,0
2020-12-30,0.00067,0.00067,0.00067,0.00067,-0.00001,-1.47%,0
2020-12-29,0.00068,0.00068,0.00068,0.00068,0.00001,+1.49%,0
2020-12-28,0.00067,0.00067,0.00067,0.00067,0,0.00%,0
2020-12-24,0.00067,0.00067,0.00067,0.00067,0,0.00%,0
2020-12-23,0.00067,0.00067,0.00067,0.00067,0.00002,+3.08%,0
2020-12-22,0.00065,0.00065,0.00065,0.00065,0.00001,+1.56%,0
2020-12-21,0.00064,0.00064,0.00064,0.00064,-0.00005,-7.25%,0
2020-12-18,0.00069,0.00069,0.00069,0.00069,0.00005,+7.81%,0
2020-12-17,0.00064,0.00064,0.00064,0.00064,0.00003,+4.92%,0
2020-12-16,0.00061,0.00061,0.00061,0.00061,0.00001,+1.67%,0
2020-12-15,0.0006,0.0006,0.0006,0.0006,0.00002,+3.45%,0
2020-12-14,0.00058,0.00058,0.00058,0.00058,-0.00004,-6.45%,0
2020-12-11,0.00062,0.00062,0.00062,0.00062,0.00002,+3.33%,0
2020-12-10,0.0006,0.0006,0.0006,0.0006,-0.00003,-4.76%,0
2020-12-09,0.00063,0.00063,0.00063,0.00063,0,0.00%,0
2020-12-08,0.00063,0.00063,0.00063,0.00063,-0.00006,-8.70%,0
2020-12-07,0.00069,0.00069,0.00069,0.00069,-0.00002,-2.82%,0
2020-12-04,0.00071,0.00071,0.00071,0.00071,0,0.00%,0
2020-12-03,0.00071,0.00071,0.00071,0.00071,0.00001,+1.43%,0
2020-12-02,0.0007,0.0007,0.0007,0.0007,-0.00001,-1.41%,0
2020-12-01,0.00071,0.00071,0.00071,0.00071,-0.00001,-1.39%,0
2020-11-30,0.00072,0.00072,0.00072,0.00072,0,0.00%,0
2020-11-27,0.00072,0.00072,0.00072,0.00072,0.00001,+1.41%,0
2020-11-25,0.00071,0.00071,0.00071,0.00071,0.00002,+2.90%,0
2020-11-24,0.00069,0.00069,0.00069,0.00069,-0.00001,-1.43%,0
2020-11-23,0.0007,0.0007,0.0007,0.0007,-0.00007,-9.09%,0
2020-11-20,0.00077,0.00077,0.00077,0.00077,-0.00004,-4.94%,0
2020-11-19,0.00081,0.00081,0.00081,0.00081,-0.00002,-2.41%,0
2020-11-18,0.00083,0.00083,0.00083,0.00083,-0.00002,-2.35%,0
2020-11-17,0.00085,0.00085,0.00085,0.00085,-0.00001,-1.16%,0
2020-11-16,0.00086,0.00086,0.00086,0.00086,-0.00001,-1.15%,0
2020-11-13,0.00087,0.00087,0.00087,0.00087,0,0.00%,0
2020-11-12,0.00087,0.00087,0.00087,0.00087,-0.00001,-1.14%,0
2020-11-10,0.00088,0.00088,0.00088,0.00088,-0.00001,-1.12%,0
2020-11-09,0.00089,0.00089,0.00089,0.00089,0.00002,+2.30%,0
2020-11-06,0.00087,0.00087,0.00087,0.00087,0.00002,+2.35%,0
2020-11-05,0.00085,0.00085,0.00085,0.00085,0.00001,+1.19%,0
2020-11-04,0.00084,0.00084,0.00084,0.00084,0.00002,+2.44%,0
2020-11-03,0.00082,0.00082,0.00082,0.00082,0,0.00%,0
2020-11-02,0.00082,0.00082,0.00082,0.00082,-0.00001,-1.20%,0
2020-10-30,0.00083,0.00083,0.00083,0.00083,0.00001,+1.22%,0
2020-10-29,0.00082,0.00082,0.00082,0.00082,0,0.00%,0
2020-10-28,0.00082,0.00082,0.00082,0.00082,0.00001,+1.23%,0
2020-10-27,0.00081,0.00081,0.00081,0.00081,-0.00003,-3.57%,0
2020-10-26,0.00084,0.00084,0.00084,0.00084,0.00001,+1.20%,0
2020-10-23,0.00083,0.00083,0.00083,0.00083,0,0.00%,0
2020-10-22,0.00083,0.00083,0.00083,0.00083,-0.00001,-1.19%,0
2020-10-21,0.00084,0.00084,0.00084,0.00084,0,0.00%,0
2020-10-20,0.00084,0.00084,0.00084,0.00084,0.00001,+1.20%,0
2020-10-19,0.00083,0.00083,0.00083,0.00083,0.00003,+3.75%,0
2020-10-16,0.0008,0.0008,0.0008,0.0008,0.00002,+2.56%,0
2020-10-15,0.00078,0.00078,0.00078,0.00078,0.00001,+1.30%,0
2020-10-14,0.00077,0.00077,0.00077,0.00077,0.00001,+1.32%,0
2020-10-13,0.00076,0.00076,0.00076,0.00076,0,0.00%,0
2020-10-09,0.00076,0.00076,0.00076,0.00076,0,0.00%,0
2020-10-08,0.00076,0.00076,0.00076,0.00076,0.00001,+1.33%,0
2020-10-07,0.00075,0.00075,0.00075,0.00075,0.00001,+1.35%,0
2020-10-06,0.00074,0.00074,0.00074,0.00074,0.00001,+1.37%,0
2020-10-05,0.00073,0.00073,0.00073,0.00073,0.00001,+1.39%,0
2020-10-02,0.00072,0.00072,0.00072,0.00072,-0.00001,-1.37%,0
2020-10-01,0.00073,0.00073,0.00073,0.00073,0.00001,+1.39%,0
2020-09-30,0.00072,0.00072,0.00072,0.00072,-0.00003,-4.00%,0
2020-09-29,0.00075,0.00075,0.00075,0.00075,0.00001,+1.35%,0
2020-09-28,0.00074,0.00074,0.00074,0.00074,0.00002,+2.78%,0
2020-09-25,0.00072,0.00072,0.00072,0.00072,-0.00001,-1.37%,0
2020-09-24,0.00073,0.00073,0.00073,0.00073,0.00001,+1.39%,0
2020-09-23,0.00072,0.00072,0.00072,0.00072,-0.00001,-1.37%,0
2020-09-22,0.00073,0.00073,0.00073,0.00073,-0.00003,-3.95%,0
2020-09-21,0.00076,0.00076,0.00076,0.00076,0.00001,+1.33%,0
2020-09-18,0.00075,0.00075,0.00075,0.00075,0,0.00%,0
2020-09-17,0.00075,0.00075,0.00075,0.00075,-0.00002,-2.60%,0
2020-09-16,0.00077,0.00077,0.00077,0.00077,0.00001,+1.32%,0
2020-09-15,0.00076,0.00076,0.00076,0.00076,-0.00003,-3.80%,0
2020-09-14,0.00079,0.00079,0.00079,0.00079,-0.00002,-2.47%,0
2020-09-11,0.00081,0.00081,0.00081,0.00081,-0.00001,-1.22%,0
2020-09-10,0.00082,0.00082,0.00082,0.00082,0.00001,+1.23%,0
2020-09-09,0.00081,0.00081,0.00081,0.00081,0.00001,+1.25%,0
2020-09-08,0.0008,0.0008,0.0008,0.0008,0.00004,+5.26%,0
2020-09-04,0.00076,0.00076,0.00076,0.00076,0.00002,+2.70%,0
2020-09-03,0.00074,0.00074,0.00074,0.00074,-0.00001,-1.33%,0
2020-09-02,0.00075,0.00075,0.00075,0.00075,0,0.00%,0
2020-09-01,0.00075,0.00075,0.00075,0.00075,0.00005,+7.14%,0
2020-08-31,0.0007,0.0007,0.0007,0.0007,-0.00004,-5.41%,0
2020-08-28,0.00074,0.00074,0.00074,0.00074,-0.00004,-5.13%,0
2020-08-27,0.00078,0.00078,0.00078,0.00078,0.00002,+2.63%,0
2020-08-26,0.00076,0.00076,0.00076,0.00076,0.00006,+8.57%,0
2020-08-25,0.0007,0.0007,0.0007,0.0007,0.00001,+1.45%,0
2020-08-24,0.00069,0.00069,0.00069,0.00069,-0.00003,-4.17%,0
2020-08-21,0.00072,0.00072,0.00072,0.00072,-0.00004,-5.26%,0
2020-08-20,0.00076,0.00076,0.00076,0.00076,-0.00007,-8.43%,0
2020-08-19,0.00083,0.00083,0.00083,0.00083,-0.00002,-2.35%,0
2020-08-18,0.00085,0.00085,0.00085,0.00085,0.00002,+2.41%,0
2020-08-17,0.00083,0.00083,0.00083,0.00083,0.00003,+3.75%,0
2020-08-14,0.0008,0.0008,0.0008,0.0008,0.00003,+3.90%,0
2020-08-13,0.00077,0.00077,0.00077,0.00077,0.00002,+2.67%,0
2020-08-12,0.00075,0.00075,0.00075,0.00075,0.00003,+4.17%,0
2020-08-11,0.00072,0.00072,0.00072,0.00072,0,0.00%,0
2020-08-10,0.00072,0.00072,0.00072,0.00072,-0.00002,-2.70%,0
2020-08-07,0.00074,0.00074,0.00074,0.00074,0.00003,+4.23%,0
2020-08-06,0.00071,0.00071,0.00071,0.00071,-0.00003,-4.05%,0
2020-08-05,0.00074,0.00074,0.00074,0.00074,0.00002,+2.78%,0
2020-08-04,0.00072,0.00072,0.00072,0.00072,0.00001,+1.41%,0
2020-08-03,0.00071,0.00071,0.00071,0.00071,-0.00001,-1.39%,0
2020-07-31,0.00072,0.00072,0.00072,0.00072,-0.00002,-2.70%,0
2020-07-30,0.00074,0.00074,0.00074,0.00074,-0.00004,-5.13%,0
2020-07-29,0.00078,0.00078,0.00078,0.00078,-0.00002,-2.50%,0
2020-07-28,0.0008,0.0008,0.0008,0.0008,0.00001,+1.27%,0
2020-07-27,0.00079,0.00079,0.00079,0.00079,-0.00002,-2.47%,0
2020-07-24,0.00081,0.00081,0.00081,0.00081,-0.00004,-4.71%,0
2020-07-23,0.00085,0.00085,0.00085,0.00085,0,0.00%,0
2020-07-22,0.00085,0.00085,0.00085,0.00085,0.00003,+3.66%,0
2020-07-21,0.00082,0.00082,0.00082,0.00082,0.00001,+1.23%,0
2020-07-20,0.00081,0.00081,0.00081,0.00081,0.00002,+2.53%,0
2020-07-17,0.00079,0.00079,0.00079,0.00079,-0.00005,-5.95%,0
2020-07-16,0.00084,0.00084,0.00084,0.00084,0,0.00%,0
2020-07-15,0.00084,0.00084,0.00084,0.00084,0.00001,+1.20%,0
2020-07-14,0.00083,0.00083,0.00083,0.00083,0,0.00%,0
2020-07-13,0.00083,0.00083,0.00083,0.00083,0.00004,+5.06%,0
2020-07-10,0.00079,0.00079,0.00079,0.00079,-0.00001,-1.25%,0
2020-07-09,0.0008,0.0008,0.0008,0.0008,-0.00003,-3.61%,0
2020-07-08,0.00083,0.00083,0.00083,0.00083,0,0.00%,0
2020-07-07,0.00083,0.00083,0.00083,0.00083,0.00004,+5.06%,0
2020-07-06,0.00079,0.00079,0.00079,0.00079,0.00011,+16.18%,0
2020-07-02,0.00068,0.00068,0.00068,0.00068,0.00004,+6.25%,0
2020-07-01,0.00064,0.00064,0.00064,0.00064,-0.00003,-4.48%,0
2020-06-30,0.00067,0.00067,0.00067,0.00067,-0.00003,-4.29%,0
2020-06-29,0.0007,0.0007,0.0007,0.0007,-0.00001,-1.41%,0
2020-06-26,0.00071,0.00071,0.00071,0.00071,-0.00002,-2.74%,0
2020-06-25,0.00073,0.00073,0.00073,0.00073,-0.00002,-2.67%,0
2020-06-24,0.00075,0.00075,0.00075,0.00075,-0.00003,-3.85%,0
2020-06-23,0.00078,0.00078,0.00078,0.00078,-0.00002,-2.50%,0
2020-06-22,0.0008,0.0008,0.0008,0.0008,-0.00003,-3.61%,0
2020-06-19,0.00083,0.00083,0.00083,0.00083,-0.0001,-10.75%,0
2020-06-18,0.00093,0.00093,0.00093,0.00093,0.00008,+9.41%,0
2020-06-17,0.00085,0.00085,0.00085,0.00085,-0.00015,-15.00%,0
2020-06-16,0.001,0.001,0.001,0.001,0,0.00%,0
2020-06-15,0.001,0.001,0.001,0.001,0.00023,+29.87%,0
2020-06-12,0.00077,0.00077,0.00077,0.00077,-0.00003,-3.75%,0
2020-06-11,0.0008,0.0008,0.0008,0.0008,-0.00002,-2.44%,0
2020-06-10,0.00082,0.00082,0.00082,0.00082,0.00002,+2.50%,0
2020-06-09,0.0008,0.0008,0.0008,0.0008,0.00003,+3.90%,0
2020-06-08,0.00077,0.00077,0.00077,0.00077,-0.00002,-2.53%,0
2020-06-05,0.00079,0.00079,0.00079,0.00079,0.00003,+3.95%,0
2020-06-04,0.00076,0.00076,0.00076,0.00076,0.00003,+4.11%,0
2020-06-03,0.00073,0.00073,0.00073,0.00073,0.00001,+1.39%,0
2020-06-02,0.00072,0.00072,0.00072,0.00072,0,0.00%,0
2020-06-01,0.00072,0.00072,0.00072,0.00072,-0.00002,-2.70%,0
2020-05-29,0.00074,0.00074,0.00074,0.00074,0.00005,+7.25%,0
2020-05-28,0.00069,0.00069,0.00069,0.00069,0.00004,+6.15%,0
2020-05-27,0.00065,0.00065,0.00065,0.00065,0.00008,+14.04%,0
2020-05-26,0.00057,0.00057,0.00057,0.00057,0.00001,+1.79%,0
2020-05-22,0.00056,0.00056,0.00056,0.00056,-0.00007,-11.11%,0
2020-05-21,0.00063,0.00063,0.00063,0.00063,-0.00003,-4.55%,0
2020-05-20,0.00066,0.00066,0.00066,0.00066,0,0.00%,0
2020-05-19,0.00066,0.00066,0.00066,0.00066,0.00008,+13.79%,0
2020-05-18,0.00058,0.00058,0.00058,0.00058,-0.00003,-4.92%,0
2020-05-15,0.00061,0.00061,0.00061,0.00061,-0.00001,-1.61%,0
2020-05-14,0.00062,0.00062,0.00062,0.00062,-0.00003,-4.62%,0
2020-05-13,0.00065,0.00065,0.00065,0.00065,0.00006,+10.17%,0
2020-05-12,0.00059,0.00059,0.00059,0.00059,0.00004,+7.27%,0
2020-05-11,0.00055,0.00055,0.00055,0.00055,0.00003,+5.77%,0
2020-05-08,0.00052,0.00052,0.00052,0.00052,0.00005,+10.64%,0
2020-05-07,0.00047,0.00047,0.00047,0.00047,0.00002,+4.44%,0
2020-05-06,0.00045,0.00045,0.00045,0.00045,0.00016,+55.17%,0
2020-05-05,0.00029,0.00029,0.00029,0.00029,-0.00015,-34.09%,0
2020-05-04,0.00044,0.00044,0.00044,0.00044,0.00013,+41.94%,0
2020-05-01,0.00031,0.00031,0.00031,0.00031,-0.00017,-35.42%,0
2020-04-29,0.00048,0.00048,0.00048,0.00048,-0.00003,-5.88%,0
2020-04-28,0.00051,0.00051,0.00051,0.00051,-0.00005,-8.93%,0
2020-04-27,0.00056,0.00056,0.00056,0.00056,0,0.00%,0
2020-04-24,0.00056,0.00056,0.00056,0.00056,0.00006,+12.00%,0
2020-04-23,0.0005,0.0005,0.0005,0.0005,-0.00002,-3.85%,0
2020-04-22,0.00052,0.00052,0.00052,0.00052,-0.00008,-13.33%,0
2020-04-21,0.0006,0.0006,0.0006,0.0006,-0.00007,-10.45%,0
2020-04-20,0.00067,0.00067,0.00067,0.00067,-0.00007,-9.46%,0
2020-04-17,0.00074,0.00074,0.00074,0.00074,0,0.00%,0
2020-04-16,0.00074,0.00074,0.00074,0.00074,-0.00006,-7.50%,0
2020-04-15,0.0008,0.0008,0.0008,0.0008,0.00009,+12.68%,0
2020-04-14,0.00071,0.00071,0.00071,0.00071,0.00005,+7.58%,0
2020-04-13,0.00066,0.00066,0.00066,0.00066,-0.00003,-4.35%,0
2020-04-09,0.00069,0.00069,0.00069,0.00069,-0.00001,-1.43%,0
2020-04-08,0.0007,0.0007,0.0007,0.0007,0.00005,+7.69%,0
2020-04-07,0.00065,0.00065,0.00065,0.00065,0.00011,+20.37%,0
2020-04-06,0.00054,0.00054,0.00054,0.00054,-0.00005,-8.47%,0
2020-04-03,0.00059,0.00059,0.00059,0.00059,-0.00001,-1.67%,0
2020-04-02,0.0006,0.0006,0.0006,0.0006,0.00006,+11.11%,0
2020-04-01,0.00054,0.00054,0.00054,0.00054,-0.00004,-6.90%,0
2020-03-31,0.00058,0.00058,0.00058,0.00058,0.00005,+9.43%,0
2020-03-30,0.00053,0.00053,0.00053,0.00053,-0.00005,-8.62%,0
2020-03-27,0.00058,0.00058,0.00058,0.00058,-0.00011,-15.94%,0
2020-03-26,0.00069,0.00069,0.00069,0.00069,0.00005,+7.81%,0
2020-03-25,0.00064,0.00064,0.00064,0.00064,-0.00008,-11.11%,0
2020-03-24,0.00072,0.00072,0.00072,0.00072,-0.0002,-21.74%,0
2020-03-23,0.00092,0.00092,0.00092,0.00092,-0.00022,-19.30%,0
2020-03-20,0.00114,0.00114,0.00114,0.00114,-0.00015,-11.63%,0
2020-03-19,0.00129,0.00129,0.00129,0.00129,-0.00009,-6.52%,0
2020-03-18,0.00138,0.00138,0.00138,0.00138,-0.00004,-2.82%,0
2020-03-17,0.00142,0.00142,0.00142,0.00142,-0.00036,-20.22%,0
2020-03-16,0.00178,0.00178,0.00178,0.00178,-0.00032,-15.24%,0
2020-03-13,0.0021,0.0021,0.0021,0.0021,-0.00112,-34.78%,0
2020-03-12,0.00322,0.00322,0.00322,0.00322,-0.00086,-21.08%,0
2020-03-11,0.00408,0.00408,0.00408,0.00408,0.00067,+19.65%,0
2020-03-10,0.00341,0.00341,0.00341,0.00341,-0.00189,-35.66%,0
2020-03-09,0.0053,0.0053,0.0053,0.0053,-0.00147,-21.71%,0
2020-03-06,0.00677,0.00677,0.00677,0.00677,-0.00092,-11.96%,0
2020-03-05,0.00769,0.00769,0.00769,0.00769,-0.00143,-15.68%,0
2020-03-04,0.00912,0.00912,0.00912,0.00912,-0.00164,-15.24%,0
2020-03-03,0.01076,0.01076,0.01076,0.01076,-0.00203,-15.87%,0
2020-03-02,0.01279,0.01279,0.01279,0.01279,-0.00125,-8.90%,0
2020-02-28,0.01404,0.01404,0.01404,0.01404,-0.00078,-5.26%,0
2020-02-27,0.01482,0.01482,0.01482,0.01482,-0.00027,-1.79%,0
2020-02-26,0.01509,0.01509,0.01509,0.01509,-0.0001,-0.66%,0
2020-02-25,0.01519,0.01519,0.01519,0.01519,-0.00033,-2.13%,0
2020-02-24,0.01552,0.01552,0.01552,0.01552,-0.00008,-0.51%,0
2020-02-21,0.0156,0.0156,0.0156,0.0156,0.00004,+0.26%,0
2020-02-20,0.01556,0.01556,0.01556,0.01556,0.00007,+0.45%,0
2020-02-19,0.01549,0.01549,0.01549,0.01549,-0.00003,-0.19%,0
2020-02-18,0.01552,0.01552,0.01552,0.01552,-0.00003,-0.19%,0
2020-02-14,0.01555,0.01555,0.01555,0.01555,-0.00006,-0.38%,0
2020-02-13,0.01561,0.01561,0.01561,0.01561,-0.00004,-0.26%,0
2020-02-12,0.01565,0.01565,0.01565,0.01565,0.00007,+0.45%,0
2020-02-11,0.01558,0.01558,0.01558,0.01558,-0.00014,-0.89%,0
2020-02-10,0.01572,0.01572,0.01572,0.01572,-0.00006,-0.38%,0
2020-02-07,0.01578,0.01578,0.01578,0.01578,0,0.00%,0
2020-02-06,0.01578,0.01578,0.01578,0.01578,0.00003,+0.19%,0
2020-02-05,0.01575,0.01575,0.01575,0.01575,0.00013,+0.83%,0
2020-02-04,0.01562,0.01562,0.01562,0.01562,-0.00005,-0.32%,0
2020-02-03,0.01567,0.01567,0.01567,0.01567,-0.00005,-0.32%,0
2020-01-31,0.01572,0.01572,0.01572,0.01572,-0.00011,-0.69%,0
2020-01-30,0.01583,0.01583,0.01583,0.01583,0.00004,+0.25%,0
2020-01-29,0.01579,0.01579,0.01579,0.01579,0.00006,+0.38%,0
2020-01-28,0.01573,0.01573,0.01573,0.01573,-0.00011,-0.69%,0
2020-01-27,0.01584,0.01584,0.01584,0.01584,0,0.00%,0
2020-01-24,0.01584,0.01584,0.01584,0.01584,0,0.00%,0
2020-01-23,0.01584,0.01584,0.01584,0.01584,0,0.00%,0
2020-01-22,0.01584,0.01584,0.01584,0.01584,-0.00004,-0.25%,0
2020-01-21,0.01588,0.01588,0.01588,0.01588,-0.00001,-0.06%,0
2020-01-17,0.01589,0.01589,0.01589,0.01589,-0.00001,-0.06%,0
2020-01-16,0.0159,0.0159,0.0159,0.0159,-0.00004,-0.25%,0
2020-01-15,0.01594,0.01594,0.01594,0.01594,0.00002,+0.13%,0
2020-01-14,0.01592,0.01592,0.01592,0.01592,0.00007,+0.44%,0
2020-01-13,0.01585,0.01585,0.01585,0.01585,-0.00001,-0.06%,0
2020-01-10,0.01586,0.01586,0.01586,0.01586,0.00002,+0.13%,0
2020-01-09,0.01584,0.01584,0.01584,0.01584,0,0.00%,0
2020-01-08,0.01584,0.01584,0.01584,0.01584,0.00002,+0.13%,0
2020-01-07,0.01582,0.01582,0.01582,0.01582,0.00021,+1.35%,0
2020-01-06,0.01561,0.01561,0.01561,0.01561,-0.00005,-0.32%,0
2020-01-03,0.01566,0.01566,0.01566,0.01566,0.00002,+0.13%,0
2020-01-02,0.01564,0.01564,0.01564,0.01564,-0.00007,-0.45%,0
2019-12-31,0.01571,0.01571,0.01571,0.01571,-0.00008,-0.51%,0
2019-12-30,0.01579,0.01579,0.01579,0.01579,-0.00006,-0.38%,0
2019-12-27,0.01585,0.01585,0.01585,0.01585,-0.00003,-0.19%,0
2019-12-26,0.01588,0.01588,0.01588,0.01588,0.00002,+0.13%,0
2019-12-24,0.01586,0.01586,0.01586,0.01586,0.00002,+0.13%,0
2019-12-23,0.01584,0.01584,0.01584,0.01584,-0.00003,-0.19%,0
2019-12-20,0.01587,0.01587,0.01587,0.01587,-0.00005,-0.31%,0
2019-12-19,0.01592,0.01592,0.01592,0.01592,-0.00001,-0.06%,0
2019-12-18,0.01593,0.01593,0.01593,0.01593,0,0.00%,0
2019-12-17,0.01593,0.01593,0.01593,0.01593,-0.00002,-0.13%,0
2019-12-16,0.01595,0.01595,0.01595,0.01595,-0.00009,-0.56%,0
2019-12-13,0.01604,0.01604,0.01604,0.01604,-0.00006,-0.37%,0
2019-12-12,0.0161,0.0161,0.0161,0.0161,0.00006,+0.37%,0
2019-12-11,0.01604,0.01604,0.01604,0.01604,0,0.00%,0
2019-12-10,0.01604,0.01604,0.01604,0.01604,-0.00004,-0.25%,0
2019-12-09,0.01608,0.01608,0.01608,0.01608,0.0001,+0.63%,0
2019-12-06,0.01598,0.01598,0.01598,0.01598,0.00001,+0.06%,0
2019-12-05,0.01597,0.01597,0.01597,0.01597,-0.00005,-0.31%,0
2019-12-04,0.01602,0.01602,0.01602,0.01602,-0.00011,-0.68%,0
2019-12-03,0.01613,0.01613,0.01613,0.01613,-0.00004,-0.25%,0
2019-12-02,0.01617,0.01617,0.01617,0.01617,0,0.00%,0
2019-11-29,0.01617,0.01617,0.01617,0.01617,-0.00001,-0.06%,0
2019-11-27,0.01618,0.01618,0.01618,0.01618,0,0.00%,0
2019-11-26,0.01618,0.01618,0.01618,0.01618,-0.00002,-0.12%,0
2019-11-25,0.0162,0.0162,0.0162,0.0162,0.00004,+0.25%,0
2019-11-22,0.01616,0.01616,0.01616,0.01616,0.00017,+1.06%,0
2019-11-21,0.01599,0.01599,0.01599,0.01599,0.00002,+0.13%,0
2019-11-20,0.01597,0.01597,0.01597,0.01597,0.00007,+0.44%,0
2019-11-19,0.0159,0.0159,0.0159,0.0159,-0.00002,-0.13%,0
2019-11-18,0.01592,0.01592,0.01592,0.01592,-0.00001,-0.06%,0
2019-11-15,0.01593,0.01593,0.01593,0.01593,-0.00008,-0.50%,0
2019-11-14,0.01601,0.01601,0.01601,0.01601,0,0.00%,0
2019-11-13,0.01601,0.01601,0.01601,0.01601,0.00005,+0.31%,0
2019-11-12,0.01596,0.01596,0.01596,0.01596,-0.00006,-0.37%,0
2019-11-08,0.01602,0.01602,0.01602,0.01602,0.00007,+0.44%,0
2019-11-07,0.01595,0.01595,0.01595,0.01595,-0.00008,-0.50%,0
2019-11-06,0.01603,0.01603,0.01603,0.01603,-0.00003,-0.19%,0
2019-11-05,0.01606,0.01606,0.01606,0.01606,0.00006,+0.38%,0
2019-11-04,0.016,0.016,0.016,0.016,0.0001,+0.63%,0
2019-11-01,0.0159,0.0159,0.0159,0.0159,-0.00016,-1.00%,0
2019-10-31,0.01606,0.01606,0.01606,0.01606,-0.00018,-1.11%,0
2019-10-30,0.01624,0.01624,0.01624,0.01624,-0.00016,-0.98%,0
2019-10-29,0.0164,0.0164,0.0164,0.0164,0.00001,+0.06%,0
2019-10-28,0.01639,0.01639,0.01639,0.01639,0.00003,+0.18%,0
2019-10-25,0.01636,0.01636,0.01636,0.01636,-0.00004,-0.24%,0
2019-10-24,0.0164,0.0164,0.0164,0.0164,-0.00011,-0.67%,0
2019-10-23,0.01651,0.01651,0.01651,0.01651,-0.00003,-0.18%,0
2019-10-22,0.01654,0.01654,0.01654,0.01654,-0.00004,-0.24%,0
2019-10-21,0.01658,0.01658,0.01658,0.01658,-0.00014,-0.84%,0
2019-10-18,0.01672,0.01672,0.01672,0.01672,0,0.00%,0
2019-10-17,0.01672,0.01672,0.01672,0.01672,-0.00019,-1.12%,0
2019-10-16,0.01691,0.01691,0.01691,0.01691,-0.00007,-0.41%,0
2019-10-15,0.01698,0.01698,0.01698,0.01698,0.00019,+1.13%,0
2019-10-11,0.01679,0.01679,0.01679,0.01679,0.00011,+0.66%,0
2019-10-10,0.01668,0.01668,0.01668,0.01668,-0.00018,-1.07%,0
2019-10-09,0.01686,0.01686,0.01686,0.01686,-0.00013,-0.77%,0
2019-10-08,0.01699,0.01699,0.01699,0.01699,-0.00011,-0.64%,0
2019-10-07,0.0171,0.0171,0.0171,0.0171,0.00004,+0.23%,0
2019-10-04,0.01706,0.01706,0.01706,0.01706,-0.00041,-2.35%,0
2019-10-03,0.01747,0.01747,0.01747,0.01747,-0.0004,-2.24%,0
2019-10-02,0.01787,0.01787,0.01787,0.01787,-0.0003,-1.65%,0
2019-10-01,0.01817,0.01817,0.01817,0.01817,-0.00011,-0.60%,0
2019-09-30,0.01828,0.01828,0.01828,0.01828,-0.00009,-0.49%,0
2019-09-27,0.01837,0.01837,0.01837,0.01837,-0.00024,-1.29%,0
2019-09-26,0.01861,0.01861,0.01861,0.01861,-0.0001,-0.53%,0
2019-09-25,0.01871,0.01871,0.01871,0.01871,0.00016,+0.86%,0
2019-09-24,0.01855,0.01855,0.01855,0.01855,-0.00032,-1.70%,0
2019-09-23,0.01887,0.01887,0.01887,0.01887,-0.00067,-3.43%,0
2019-09-20,0.01954,0.01954,0.01954,0.01954,0.00056,+2.95%,0
2019-09-19,0.01898,0.01898,0.01898,0.01898,-0.00022,-1.15%,0
2019-09-18,0.0192,0.0192,0.0192,0.0192,-0.00002,-0.10%,0
2019-09-17,0.01922,0.01922,0.01922,0.01922,0.0002,+1.05%,0
2019-09-16,0.01902,0.01902,0.01902,0.01902,0.00008,+0.42%,0
2019-09-13,0.01894,0.01894,0.01894,0.01894,0.00007,+0.37%,0
2019-09-12,0.01887,0.01887,0.01887,0.01887,-0.00008,-0.42%,0
2019-09-11,0.01895,0.01895,0.01895,0.01895,0.00001,+0.05%,0
2019-09-10,0.01894,0.01894,0.01894,0.01894,-0.00002,-0.11%,0
2019-09-09,0.01896,0.01896,0.01896,0.01896,0.00005,+0.26%,0
2019-09-06,0.01891,0.01891,0.01891,0.01891,0.00027,+1.45%,0
2019-09-05,0.01864,0.01864,0.01864,0.01864,-0.00026,-1.38%,0
2019-09-04,0.0189,0.0189,0.0189,0.0189,-0.00024,-1.25%,0
2019-09-03,0.01914,0.01914,0.01914,0.01914,0,0.00%,0
2019-08-30,0.01914,0.01914,0.01914,0.01914,0.00005,+0.26%,0
2019-08-29,0.01909,0.01909,0.01909,0.01909,-0.00027,-1.39%,0
2019-08-28,0.01936,0.01936,0.01936,0.01936,0.0001,+0.52%,0
2019-08-27,0.01926,0.01926,0.01926,0.01926,0.00011,+0.57%,0
2019-08-26,0.01915,0.01915,0.01915,0.01915,-0.00033,-1.69%,0
2019-08-23,0.01948,0.01948,0.01948,0.01948,0.0002,+1.04%,0
2019-08-22,0.01928,0.01928,0.01928,0.01928,-0.00008,-0.41%,0
2019-08-21,0.01936,0.01936,0.01936,0.01936,-0.00013,-0.67%,0
2019-08-20,0.01949,0.01949,0.01949,0.01949,0.0002,+1.04%,0
2019-08-19,0.01929,0.01929,0.01929,0.01929,0.00002,+0.10%,0
2019-08-16,0.01927,0.01927,0.01927,0.01927,-0.00028,-1.43%,0
2019-08-15,0.01955,0.01955,0.01955,0.01955,-0.00027,-1.36%,0
2019-08-14,0.01982,0.01982,0.01982,0.01982,0.00011,+0.56%,0
2019-08-13,0.01971,0.01971,0.01971,0.01971,-0.0001,-0.50%,0
2019-08-12,0.01981,0.01981,0.01981,0.01981,-0.00004,-0.20%,0
2019-08-09,0.01985,0.01985,0.01985,0.01985,0.00022,+1.12%,0
2019-08-08,0.01963,0.01963,0.01963,0.01963,-0.00044,-2.19%,0
2019-08-07,0.02007,0.02007,0.02007,0.02007,-0.00014,-0.69%,0
2019-08-06,0.02021,0.02021,0.02021,0.02021,-0.0005,-2.41%,0
2019-08-05,0.02071,0.02071,0.02071,0.02071,-0.00059,-2.77%,0
2019-08-02,0.0213,0.0213,0.0213,0.0213,0.00028,+1.33%,0
2019-08-01,0.02102,0.02102,0.02102,0.02102,-0.0001,-0.47%,0
2019-07-31,0.02112,0.02112,0.02112,0.02112,-0.00002,-0.09%,0
2019-07-30,0.02114,0.02114,0.02114,0.02114,-0.00021,-0.98%,0
2019-07-29,0.02135,0.02135,0.02135,0.02135,0.00009,+0.42%,0
2019-07-26,0.02126,0.02126,0.02126,0.02126,0.00007,+0.33%,0
2019-07-25,0.02119,0.02119,0.02119,0.02119,-0.00013,-0.61%,0
2019-07-24,0.02132,0.02132,0.02132,0.02132,0.00004,+0.19%,0
2019-07-23,0.02128,0.02128,0.02128,0.02128,0.00026,+1.24%,0
2019-07-22,0.02102,0.02102,0.02102,0.02102,-0.00005,-0.24%,0
2019-07-19,0.02107,0.02107,0.02107,0.02107,-0.00015,-0.71%,0
2019-07-18,0.02122,0.02122,0.02122,0.02122,-0.00009,-0.42%,0
2019-07-17,0.02131,0.02131,0.02131,0.02131,0.00003,+0.14%,0
2019-07-16,0.02128,0.02128,0.02128,0.02128,-0.00009,-0.42%,0
2019-07-15,0.02137,0.02137,0.02137,0.02137,-0.00008,-0.37%,0
2019-07-12,0.02145,0.02145,0.02145,0.02145,-0.00008,-0.37%,0
2019-07-11,0.02153,0.02153,0.02153,0.02153,-0.00047,-2.14%,0
2019-07-10,0.022,0.022,0.022,0.022,0.00008,+0.36%,0
2019-07-09,0.02192,0.02192,0.02192,0.02192,-0.00008,-0.36%,0
2019-07-08,0.022,0.022,0.022,0.022,0.00047,+2.18%,0
2019-07-05,0.02153,0.02153,0.02153,0.02153,-0.00012,-0.55%,0
2019-07-03,0.02165,0.02165,0.02165,0.02165,-0.00001,-0.05%,0
2019-07-02,0.02166,0.02166,0.02166,0.02166,0.00004,+0.19%,0
2019-07-01,0.02162,0.02162,0.02162,0.02162,-0.00018,-0.83%,0
2019-06-28,0.0218,0.0218,0.0218,0.0218,-0.00014,-0.64%,0
2019-06-27,0.02194,0.02194,0.02194,0.02194,0.00012,+0.55%,0
2019-06-26,0.02182,0.02182,0.02182,0.02182,-0.00009,-0.41%,0
2019-06-25,0.02191,0.02191,0.02191,0.02191,-0.0002,-0.90%,0
2019-06-24,0.02211,0.02211,0.02211,0.02211,0.00014,+0.64%,0
2019-06-21,0.02197,0.02197,0.02197,0.02197,-0.00051,-2.27%,0
2019-06-20,0.02248,0.02248,0.02248,0.02248,-0.00006,-0.27%,0
2019-06-19,0.02254,0.02254,0.02254,0.02254,-0.00015,-0.66%,0
2019-06-18,0.02269,0.02269,0.02269,0.02269,-0.00001,-0.04%,0
2019-06-17,0.0227,0.0227,0.0227,0.0227,-0.00011,-0.48%,0
2019-06-14,0.02281,0.02281,0.02281,0.02281,-0.00011,-0.48%,0
2019-06-13,0.02292,0.02292,0.02292,0.02292,-0.00026,-1.12%,0
2019-06-12,0.02318,0.02318,0.02318,0.02318,0.00007,+0.30%,0
2019-06-11,0.02311,0.02311,0.02311,0.02311,0.0001,+0.43%,0
2019-06-10,0.02301,0.02301,0.02301,0.02301,-0.0003,-1.29%,0
2019-06-07,0.02331,0.02331,0.02331,0.02331,0.00004,+0.17%,0
2019-06-06,0.02327,0.02327,0.02327,0.02327,-0.0004,-1.69%,0
2019-06-05,0.02367,0.02367,0.02367,0.02367,-0.00013,-0.55%,0
2019-06-04,0.0238,0.0238,0.0238,0.0238,-0.00023,-0.96%,0
2019-06-03,0.02403,0.02403,0.02403,0.02403,-0.00027,-1.11%,0
2019-05-31,0.0243,0.0243,0.0243,0.0243,0,0.00%,0
2019-05-30,0.0243,0.0243,0.0243,0.0243,0.00002,+0.08%,0
2019-05-29,0.02428,0.02428,0.02428,0.02428,0.00003,+0.12%,0
2019-05-28,0.02425,0.02425,0.02425,0.02425,0.00009,+0.37%,0
2019-05-24,0.02416,0.02416,0.02416,0.02416,-0.00005,-0.21%,0
2019-05-23,0.02421,0.02421,0.02421,0.02421,0.00006,+0.25%,0
2019-05-22,0.02415,0.02415,0.02415,0.02415,0.00002,+0.08%,0
2019-05-21,0.02413,0.02413,0.02413,0.02413,0.00008,+0.33%,0
2019-05-20,0.02405,0.02405,0.02405,0.02405,0,0.00%,0
2019-05-17,0.02405,0.02405,0.02405,0.02405,0.0001,+0.42%,0
2019-05-16,0.02395,0.02395,0.02395,0.02395,0.00001,+0.04%,0
2019-05-15,0.02394,0.02394,0.02394,0.02394,0.00001,+0.04%,0
2019-05-14,0.02393,0.02393,0.02393,0.02393,-0.0001,-0.42%,0
2019-05-13,0.02403,0.02403,0.02403,0.02403,-0.00007,-0.29%,0
2019-05-10,0.0241,0.0241,0.0241,0.0241,-0.0001,-0.41%,0
2019-05-09,0.0242,0.0242,0.0242,0.0242,0,0.00%,0
2019-05-08,0.0242,0.0242,0.0242,0.0242,0,0.00%,0
2019-05-07,0.0242,0.0242,0.0242,0.0242,-0.00009,-0.37%,0
2019-05-06,0.02429,0.02429,0.02429,0.02429,-0.00008,-0.33%,0
2019-05-03,0.02437,0.02437,0.02437,0.02437,0.00005,+0.21%,0
2019-05-02,0.02432,0.02432,0.02432,0.02432,0,0.00%,0
2019-05-01,0.02432,0.02432,0.02432,0.02432,-0.00004,-0.16%,0
2019-04-30,0.02436,0.02436,0.02436,0.02436,0.00001,+0.04%,0
2019-04-29,0.02435,0.02435,0.02435,0.02435,-0.00001,-0.04%,0
2019-04-26,0.02436,0.02436,0.02436,0.02436,0.00006,+0.25%,0
2019-04-25,0.0243,0.0243,0.0243,0.0243,-0.00009,-0.37%,0
2019-04-24,0.02439,0.02439,0.02439,0.02439,-0.00006,-0.25%,0
2019-04-23,0.02445,0.02445,0.02445,0.02445,0.00002,+0.08%,0
2019-04-22,0.02443,0.02443,0.02443,0.02443,0.00004,+0.16%,0
2019-04-18,0.02439,0.02439,0.02439,0.02439,0.0001,+0.41%,0
2019-04-17,0.02429,0.02429,0.02429,0.02429,0.00003,+0.12%,0
2019-04-16,0.02426,0.02426,0.02426,0.02426,0.00003,+0.12%,0
2019-04-15,0.02423,0.02423,0.02423,0.02423,0.00001,+0.04%,0
2019-04-12,0.02422,0.02422,0.02422,0.02422,0.00001,+0.04%,0
2019-04-11,0.02421,0.02421,0.02421,0.02421,-0.00003,-0.12%,0
2019-04-10,0.02424,0.02424,0.02424,0.02424,0.00003,+0.12%,0
2019-04-09,0.02421,0.02421,0.02421,0.02421,-0.00003,-0.12%,0
2019-04-08,0.02424,0.02424,0.02424,0.02424,0.00005,+0.21%,0
2019-04-05,0.02419,0.02419,0.02419,0.02419,0.00006,+0.25%,0
2019-04-04,0.02413,0.02413,0.02413,0.02413,0.00006,+0.25%,0
2019-04-03,0.02407,0.02407,0.02407,0.02407,0.00001,+0.04%,0
2019-04-02,0.02406,0.02406,0.02406,0.02406,0.00001,+0.04%,0
2019-04-01,0.02405,0.02405,0.02405,0.02405,-0.00008,-0.33%,0
2019-03-29,0.02413,0.02413,0.02413,0.02413,-0.00002,-0.08%,0
2019-03-28,0.02415,0.02415,0.02415,0.02415,-0.00007,-0.29%,0
2019-03-27,0.02422,0.02422,0.02422,0.02422,-0.00001,-0.04%,0
2019-03-26,0.02423,0.02423,0.02423,0.02423,-0.00011,-0.45%,0
2019-03-25,0.02434,0.02434,0.02434,0.02434,-0.00009,-0.37%,0
2019-03-22,0.02443,0.02443,0.02443,0.02443,0.00011,+0.45%,0
2019-03-21,0.02432,0.02432,0.02432,0.02432,0.00004,+0.16%,0
2019-03-20,0.02428,0.02428,0.02428,0.02428,-0.00005,-0.21%,0
2019-03-18,0.02433,0.02433,0.02433,0.02433,-0.00003,-0.12%,0
2019-03-15,0.02436,0.02436,0.02436,0.02436,-0.00002,-0.08%,0
2019-03-14,0.02438,0.02438,0.02438,0.02438,-0.00001,-0.04%,0
2019-03-13,0.02439,0.02439,0.02439,0.02439,0.00001,+0.04%,0
2019-03-12,0.02438,0.02438,0.02438,0.02438,0.00001,+0.04%,0
2019-03-11,0.02437,0.02437,0.02437,0.02437,0.00001,+0.04%,0
2019-03-08,0.02436,0.02436,0.02436,0.02436,-0.00009,-0.37%,0
2019-03-07,0.02445,0.02445,0.02445,0.02445,-0.00008,-0.33%,0
2019-03-06,0.02453,0.02453,0.02453,0.02453,-0.00004,-0.16%,0
2019-03-05,0.02457,0.02457,0.02457,0.02457,-0.00002,-0.08%,0
2019-03-04,0.02459,0.02459,0.02459,0.02459,-0.00001,-0.04%,0
2019-03-01,0.0246,0.0246,0.0246,0.0246,0,0.00%,0
2019-02-28,0.0246,0.0246,0.0246,0.0246,0,0.00%,0
2019-02-27,0.0246,0.0246,0.0246,0.0246,0.00001,+0.04%,0
2019-02-26,0.02459,0.02459,0.02459,0.02459,0.00005,+0.20%,0
2019-02-25,0.02454,0.02454,0.02454,0.02454,-0.00001,-0.04%,0
2019-02-22,0.02455,0.02455,0.02455,0.02455,0.00002,+0.08%,0
2019-02-21,0.02453,0.02453,0.02453,0.02453,0,0.00%,0
2019-02-20,0.02453,0.02453,0.02453,0.02453,-0.00004,-0.16%,0
2019-02-19,0.02457,0.02457,0.02457,0.02457,0.00001,+0.04%,0
2019-02-15,0.02456,0.02456,0.02456,0.02456,0.00001,+0.04%,0
2019-02-14,0.02455,0.02455,0.02455,0.02455,0.00002,+0.08%,0
2019-02-13,0.02453,0.02453,0.02453,0.02453,0.00001,+0.04%,0
2019-02-12,0.02452,0.02452,0.02452,0.02452,0.00004,+0.16%,0
2019-02-11,0.02448,0.02448,0.02448,0.02448,0.00001,+0.04%,0
2019-02-08,0.02447,0.02447,0.02447,0.02447,-0.00001,-0.04%,0
2019-02-07,0.02448,0.02448,0.02448,0.02448,0,0.00%,0
2019-02-06,0.02448,0.02448,0.02448,0.02448,-0.00001,-0.04%,0
2019-02-05,0.02449,0.02449,0.02449,0.02449,0.00002,+0.08%,0
2019-02-04,0.02447,0.02447,0.02447,0.02447,-0.00004,-0.16%,0
2019-02-01,0.02451,0.02451,0.02451,0.02451,-0.00003,-0.12%,0
2019-01-31,0.02454,0.02454,0.02454,0.02454,0.00001,+0.04%,0
2019-01-30,0.02453,0.02453,0.02453,0.02453,-0.00002,-0.08%,0
2019-01-29,0.02455,0.02455,0.02455,0.02455,-0.00006,-0.24%,0
2019-01-28,0.02461,0.02461,0.02461,0.02461,0,0.00%,0
2019-01-25,0.02461,0.02461,0.02461,0.02461,0.00003,+0.12%,0
2019-01-24,0.02458,0.02458,0.02458,0.02458,0.00001,+0.04%,0
2019-01-23,0.02457,0.02457,0.02457,0.02457,0.00001,+0.04%,0
2019-01-22,0.02456,0.02456,0.02456,0.02456,0.00005,+0.20%,0
2019-01-18,0.02451,0.02451,0.02451,0.02451,0.00005,+0.20%,0
2019-01-17,0.02446,0.02446,0.02446,0.02446,0.00002,+0.08%,0
2019-01-16,0.02444,0.02444,0.02444,0.02444,-0.00003,-0.12%,0
2019-01-15,0.02447,0.02447,0.02447,0.02447,0.00005,+0.20%,0
2019-01-14,0.02442,0.02442,0.02442,0.02442,-0.00003,-0.12%,0
2019-01-11,0.02445,0.02445,0.02445,0.02445,-0.00003,-0.12%,0
2019-01-10,0.02448,0.02448,0.02448,0.02448,0.00009,+0.37%,0
2019-01-09,0.02439,0.02439,0.02439,0.02439,0.00009,+0.37%,0
2019-01-08,0.0243,0.0243,0.0243,0.0243,0.00002,+0.08%,0
2019-01-07,0.02428,0.02428,0.02428,0.02428,-0.00002,-0.08%,0
2019-01-04,0.0243,0.0243,0.0243,0.0243,-0.00003,-0.12%,0
"Downloaded from Barchart.com as of 03-24-2026 08:09am CDT"
