Time,Open,High,Low,Latest,Change,%Change,Volume
2026-03-23,0.03752,0.03752,0.03752,0.03752,0.00074,+2.01%,0
2026-03-19,0.03678,0.03678,0.03678,0.03678,0.0001,+0.27%,0
2026-03-17,0.03668,0.03668,0.03668,0.03668,0,0.00%,0
2026-03-16,0.03668,0.03668,0.03668,0.03668,0.00004,+0.11%,0
2026-03-13,0.03664,0.03664,0.03664,0.03664,0.00023,+0.63%,0
2026-03-12,0.03641,0.03641,0.03641,0.03641,0.00013,+0.36%,0
2026-03-11,0.03628,0.03628,0.03628,0.03628,-0.0001,-0.27%,0
2026-03-10,0.03638,0.03638,0.03638,0.03638,0.00021,+0.58%,0
2026-03-09,0.03617,0.03617,0.03617,0.03617,-0.00024,-0.66%,0
2026-03-06,0.03641,0.03641,0.03641,0.03641,0.00009,+0.25%,0
2026-03-05,0.03632,0.03632,0.03632,0.03632,0.00003,+0.08%,0
2026-03-04,0.03629,0.03629,0.03629,0.03629,0.00011,+0.30%,0
2026-03-03,0.03618,0.03618,0.03618,0.03618,0.00018,+0.50%,0
2026-03-02,0.036,0.036,0.036,0.036,-0.00018,-0.50%,0
2026-02-27,0.03618,0.03618,0.03618,0.03618,-0.00003,-0.08%,0
2026-02-26,0.03621,0.03621,0.03621,0.03621,-0.00005,-0.14%,0
2026-02-25,0.03626,0.03626,0.03626,0.03626,0.00001,+0.03%,0
2026-02-24,0.03625,0.03625,0.03625,0.03625,0.00006,+0.17%,0
2026-02-23,0.03619,0.03619,0.03619,0.03619,0.00011,+0.30%,0
2026-02-20,0.03608,0.03608,0.03608,0.03608,0.00004,+0.11%,0
2026-02-19,0.03604,0.03604,0.03604,0.03604,0.0001,+0.28%,0
2026-02-18,0.03594,0.03594,0.03594,0.03594,0.00007,+0.20%,0
2026-02-17,0.03587,0.03587,0.03587,0.03587,-0.00011,-0.31%,0
2026-02-13,0.03598,0.03598,0.03598,0.03598,-0.00003,-0.08%,0
2026-02-12,0.03601,0.03601,0.03601,0.03601,0.00041,+1.15%,0
2026-02-11,0.0356,0.0356,0.0356,0.0356,-0.00013,-0.36%,0
2026-02-10,0.03573,0.03573,0.03573,0.03573,-0.00008,-0.22%,0
2026-02-09,0.03581,0.03581,0.03581,0.03581,0.00002,+0.06%,0
2026-02-06,0.03579,0.03579,0.03579,0.03579,-0.0004,-1.11%,0
2026-02-05,0.03619,0.03619,0.03619,0.03619,-0.00008,-0.22%,0
2026-02-04,0.03627,0.03627,0.03627,0.03627,0.00006,+0.17%,0
2026-02-03,0.03621,0.03621,0.03621,0.03621,0.00009,+0.25%,0
2026-02-02,0.03612,0.03612,0.03612,0.03612,-0.00004,-0.11%,0
2026-01-30,0.03616,0.03616,0.03616,0.03616,-0.00006,-0.17%,0
2026-01-29,0.03622,0.03622,0.03622,0.03622,-0.00005,-0.14%,0
2026-01-28,0.03627,0.03627,0.03627,0.03627,-0.00008,-0.22%,0
2026-01-27,0.03635,0.03635,0.03635,0.03635,0,0.00%,0
2026-01-26,0.03635,0.03635,0.03635,0.03635,-0.00002,-0.05%,0
2026-01-23,0.03637,0.03637,0.03637,0.03637,0.00009,+0.25%,0
2026-01-22,0.03628,0.03628,0.03628,0.03628,-0.00002,-0.06%,0
2026-01-21,0.0363,0.0363,0.0363,0.0363,-0.00004,-0.11%,0
2026-01-20,0.03634,0.03634,0.03634,0.03634,0.00004,+0.11%,0
2026-01-16,0.0363,0.0363,0.0363,0.0363,0.0001,+0.28%,0
2026-01-15,0.0362,0.0362,0.0362,0.0362,-0.00008,-0.22%,0
2026-01-14,0.03628,0.03628,0.03628,0.03628,-0.00001,-0.03%,0
2026-01-13,0.03629,0.03629,0.03629,0.03629,0.00014,+0.39%,0
2026-01-12,0.03615,0.03615,0.03615,0.03615,0.00023,+0.64%,0
2026-01-09,0.03592,0.03592,0.03592,0.03592,0.00007,+0.20%,0
2026-01-08,0.03585,0.03585,0.03585,0.03585,0.00002,+0.06%,0
2026-01-07,0.03583,0.03583,0.03583,0.03583,0.00008,+0.22%,0
2026-01-06,0.03575,0.03575,0.03575,0.03575,-0.00001,-0.03%,0
2026-01-05,0.03576,0.03576,0.03576,0.03576,-0.00002,-0.06%,0
2026-01-02,0.03578,0.03578,0.03578,0.03578,0.00004,+0.11%,0
2025-12-31,0.03574,0.03574,0.03574,0.03574,-0.0001,-0.28%,0
2025-12-30,0.03584,0.03584,0.03584,0.03584,-0.00011,-0.31%,0
2025-12-29,0.03595,0.03595,0.03595,0.03595,-0.0002,-0.55%,0
2025-12-26,0.03615,0.03615,0.03615,0.03615,-0.00005,-0.14%,0
2025-12-24,0.0362,0.0362,0.0362,0.0362,0.00016,+0.44%,0
2025-12-23,0.03604,0.03604,0.03604,0.03604,-0.00001,-0.03%,0
2025-12-22,0.03605,0.03605,0.03605,0.03605,0.00006,+0.17%,0
2025-12-19,0.03599,0.03599,0.03599,0.03599,-0.0002,-0.55%,0
2025-12-18,0.03619,0.03619,0.03619,0.03619,-0.00004,-0.11%,0
2025-12-17,0.03623,0.03623,0.03623,0.03623,-0.00005,-0.14%,0
2025-12-16,0.03628,0.03628,0.03628,0.03628,-0.00008,-0.22%,0
2025-12-15,0.03636,0.03636,0.03636,0.03636,-0.00005,-0.14%,0
2025-12-12,0.03641,0.03641,0.03641,0.03641,-0.00026,-0.71%,0
2025-12-11,0.03667,0.03667,0.03667,0.03667,-0.00011,-0.30%,0
2025-12-10,0.03678,0.03678,0.03678,0.03678,0.00002,+0.05%,0
2025-12-09,0.03676,0.03676,0.03676,0.03676,0.00006,+0.16%,0
2025-12-08,0.0367,0.0367,0.0367,0.0367,0.00003,+0.08%,0
2025-12-05,0.03667,0.03667,0.03667,0.03667,0.00005,+0.14%,0
2025-12-04,0.03662,0.03662,0.03662,0.03662,-0.00025,-0.68%,0
2025-12-03,0.03687,0.03687,0.03687,0.03687,-0.00005,-0.14%,0
2025-12-01,0.03692,0.03692,0.03692,0.03692,-0.00012,-0.32%,0
2025-11-28,0.03704,0.03704,0.03704,0.03704,0.00002,+0.05%,0
2025-11-26,0.03702,0.03702,0.03702,0.03702,-0.00028,-0.75%,0
2025-11-25,0.0373,0.0373,0.0373,0.0373,-0.00005,-0.13%,0
2025-11-24,0.03735,0.03735,0.03735,0.03735,-0.0004,-1.06%,0
2025-11-21,0.03775,0.03775,0.03775,0.03775,-0.00003,-0.08%,0
2025-11-20,0.03778,0.03778,0.03778,0.03778,0.00004,+0.11%,0
2025-11-19,0.03774,0.03774,0.03774,0.03774,-0.00025,-0.66%,0
2025-11-18,0.03799,0.03799,0.03799,0.03799,0.00015,+0.40%,0
2025-11-17,0.03784,0.03784,0.03784,0.03784,0.00004,+0.11%,0
2025-11-14,0.0378,0.0378,0.0378,0.0378,0.0003,+0.80%,0
2025-11-13,0.0375,0.0375,0.0375,0.0375,-0.00011,-0.29%,0
2025-11-12,0.03761,0.03761,0.03761,0.03761,0.00022,+0.59%,0
2025-11-10,0.03739,0.03739,0.03739,0.03739,-0.00011,-0.29%,0
2025-11-07,0.0375,0.0375,0.0375,0.0375,-0.00026,-0.69%,0
2025-11-06,0.03776,0.03776,0.03776,0.03776,0.00004,+0.11%,0
2025-11-05,0.03772,0.03772,0.03772,0.03772,-0.00016,-0.42%,0
2025-11-04,0.03788,0.03788,0.03788,0.03788,-0.00016,-0.42%,0
2025-11-03,0.03804,0.03804,0.03804,0.03804,0.00015,+0.40%,0
2025-10-31,0.03789,0.03789,0.03789,0.03789,0.0006,+1.61%,0
2025-10-30,0.03729,0.03729,0.03729,0.03729,0.00031,+0.84%,0
2025-10-29,0.03698,0.03698,0.03698,0.03698,-0.00003,-0.08%,0
2025-10-24,0.03701,0.03701,0.03701,0.03701,0.00009,+0.24%,0
2025-10-23,0.03692,0.03692,0.03692,0.03692,-0.00007,-0.19%,0
2025-10-22,0.03699,0.03699,0.03699,0.03699,0.00002,+0.05%,0
2025-10-21,0.03697,0.03697,0.03697,0.03697,0.00005,+0.14%,0
2025-10-20,0.03692,0.03692,0.03692,0.03692,-0.0001,-0.27%,0
2025-10-17,0.03702,0.03702,0.03702,0.03702,-0.00027,-0.72%,0
2025-10-16,0.03729,0.03729,0.03729,0.03729,-0.00002,-0.05%,0
2025-10-15,0.03731,0.03731,0.03731,0.03731,-0.0002,-0.53%,0
2025-10-14,0.03751,0.03751,0.03751,0.03751,-0.00026,-0.69%,0
2025-10-10,0.03777,0.03777,0.03777,0.03777,-0.00005,-0.13%,0
2025-10-09,0.03782,0.03782,0.03782,0.03782,-0.00014,-0.37%,0
2025-10-08,0.03796,0.03796,0.03796,0.03796,0,0.00%,0
2025-10-07,0.03796,0.03796,0.03796,0.03796,0.00006,+0.16%,0
2025-10-06,0.0379,0.0379,0.0379,0.0379,0.00002,+0.05%,0
2025-10-03,0.03788,0.03788,0.03788,0.03788,0.00002,+0.05%,0
2025-10-02,0.03786,0.03786,0.03786,0.03786,-0.0004,-1.05%,0
2025-10-01,0.03826,0.03826,0.03826,0.03826,-0.0002,-0.52%,0
2025-09-30,0.03846,0.03846,0.03846,0.03846,-0.00015,-0.39%,0
2025-09-29,0.03861,0.03861,0.03861,0.03861,-0.00011,-0.28%,0
2025-09-26,0.03872,0.03872,0.03872,0.03872,0.00033,+0.86%,0
2025-09-25,0.03839,0.03839,0.03839,0.03839,-0.00005,-0.13%,0
2025-09-24,0.03844,0.03844,0.03844,0.03844,-0.00002,-0.05%,0
2025-09-23,0.03846,0.03846,0.03846,0.03846,0.00006,+0.16%,0
2025-09-22,0.0384,0.0384,0.0384,0.0384,-0.00009,-0.23%,0
2025-09-19,0.03849,0.03849,0.03849,0.03849,0.00018,+0.47%,0
2025-09-18,0.03831,0.03831,0.03831,0.03831,-0.00023,-0.60%,0
2025-09-17,0.03854,0.03854,0.03854,0.03854,-0.00001,-0.03%,0
2025-09-16,0.03855,0.03855,0.03855,0.03855,0.00007,+0.18%,0
2025-09-15,0.03848,0.03848,0.03848,0.03848,0.00009,+0.23%,0
2025-09-12,0.03839,0.03839,0.03839,0.03839,-0.00025,-0.65%,0
2025-09-11,0.03864,0.03864,0.03864,0.03864,-0.00015,-0.39%,0
2025-09-10,0.03879,0.03879,0.03879,0.03879,0.00014,+0.36%,0
2025-09-09,0.03865,0.03865,0.03865,0.03865,-0.00018,-0.46%,0
2025-09-08,0.03883,0.03883,0.03883,0.03883,-0.00084,-2.12%,0
2025-09-05,0.03967,0.03967,0.03967,0.03967,-0.0001,-0.25%,0
2025-09-04,0.03977,0.03977,0.03977,0.03977,-0.00031,-0.77%,0
2025-09-03,0.04008,0.04008,0.04008,0.04008,0,0.00%,0
2025-09-02,0.04008,0.04008,0.04008,0.04008,-0.00013,-0.32%,0
2025-08-29,0.04021,0.04021,0.04021,0.04021,0.00004,+0.10%,0
2025-08-28,0.04017,0.04017,0.04017,0.04017,-0.00027,-0.67%,0
2025-08-27,0.04044,0.04044,0.04044,0.04044,-0.0001,-0.25%,0
2025-08-26,0.04054,0.04054,0.04054,0.04054,0.00012,+0.30%,0
2025-08-25,0.04042,0.04042,0.04042,0.04042,-0.00043,-1.05%,0
2025-08-22,0.04085,0.04085,0.04085,0.04085,0.00043,+1.06%,0
2025-08-21,0.04042,0.04042,0.04042,0.04042,-0.00014,-0.35%,0
2025-08-20,0.04056,0.04056,0.04056,0.04056,-0.00009,-0.22%,0
2025-08-19,0.04065,0.04065,0.04065,0.04065,0.00015,+0.37%,0
2025-08-18,0.0405,0.0405,0.0405,0.0405,0.00015,+0.37%,0
2025-08-15,0.04035,0.04035,0.04035,0.04035,0.00027,+0.67%,0
2025-08-14,0.04008,0.04008,0.04008,0.04008,-0.00033,-0.82%,0
2025-08-13,0.04041,0.04041,0.04041,0.04041,-0.00026,-0.64%,0
2025-08-12,0.04067,0.04067,0.04067,0.04067,0.00002,+0.05%,0
2025-08-11,0.04065,0.04065,0.04065,0.04065,0.00008,+0.20%,0
2025-08-08,0.04057,0.04057,0.04057,0.04057,-0.00004,-0.10%,0
2025-08-07,0.04061,0.04061,0.04061,0.04061,-0.00014,-0.34%,0
2025-08-06,0.04075,0.04075,0.04075,0.04075,0.00013,+0.32%,0
2025-08-05,0.04062,0.04062,0.04062,0.04062,-0.00042,-1.02%,0
2025-08-04,0.04104,0.04104,0.04104,0.04104,-0.00135,-3.18%,0
2025-08-01,0.04239,0.04239,0.04239,0.04239,0.00048,+1.15%,0
2025-07-31,0.04191,0.04191,0.04191,0.04191,0.00009,+0.22%,0
2025-07-30,0.04182,0.04182,0.04182,0.04182,-0.00015,-0.36%,0
2025-07-29,0.04197,0.04197,0.04197,0.04197,0.00001,+0.02%,0
2025-07-28,0.04196,0.04196,0.04196,0.04196,-0.00009,-0.21%,0
2025-07-25,0.04205,0.04205,0.04205,0.04205,0.00008,+0.19%,0
2025-07-24,0.04197,0.04197,0.04197,0.04197,-0.00003,-0.07%,0
2025-07-23,0.042,0.042,0.042,0.042,-0.00002,-0.05%,0
2025-07-22,0.04202,0.04202,0.04202,0.04202,-0.00004,-0.10%,0
2025-07-21,0.04206,0.04206,0.04206,0.04206,-0.00018,-0.43%,0
2025-07-18,0.04224,0.04224,0.04224,0.04224,0.00013,+0.31%,0
2025-07-17,0.04211,0.04211,0.04211,0.04211,-0.00006,-0.14%,0
2025-07-16,0.04217,0.04217,0.04217,0.04217,0.00017,+0.40%,0
2025-07-15,0.042,0.042,0.042,0.042,0.00003,+0.07%,0
2025-07-14,0.04197,0.04197,0.04197,0.04197,0.00006,+0.14%,0
2025-07-11,0.04191,0.04191,0.04191,0.04191,-0.00005,-0.12%,0
2025-07-10,0.04196,0.04196,0.04196,0.04196,-0.00018,-0.43%,0
2025-07-09,0.04214,0.04214,0.04214,0.04214,0.00007,+0.17%,0
2025-07-08,0.04207,0.04207,0.04207,0.04207,0.00013,+0.31%,0
2025-07-07,0.04194,0.04194,0.04194,0.04194,0.00076,+1.85%,0
2025-07-03,0.04118,0.04118,0.04118,0.04118,-0.00011,-0.27%,0
2025-07-02,0.04129,0.04129,0.04129,0.04129,-0.00014,-0.34%,0
2025-07-01,0.04143,0.04143,0.04143,0.04143,-0.00004,-0.10%,0
2025-06-30,0.04147,0.04147,0.04147,0.04147,0.00006,+0.14%,0
2025-06-27,0.04141,0.04141,0.04141,0.04141,-0.00025,-0.60%,0
2025-06-26,0.04166,0.04166,0.04166,0.04166,-0.00017,-0.41%,0
2025-06-25,0.04183,0.04183,0.04183,0.04183,-0.00004,-0.10%,0
2025-06-24,0.04187,0.04187,0.04187,0.04187,-0.0004,-0.95%,0
2025-06-23,0.04227,0.04227,0.04227,0.04227,-0.00012,-0.28%,0
2025-06-20,0.04239,0.04239,0.04239,0.04239,-0.00006,-0.14%,0
2025-06-18,0.04245,0.04245,0.04245,0.04245,0.00006,+0.14%,0
2025-06-17,0.04239,0.04239,0.04239,0.04239,0.00009,+0.21%,0
2025-06-16,0.0423,0.0423,0.0423,0.0423,0.00014,+0.33%,0
2025-06-13,0.04216,0.04216,0.04216,0.04216,-0.00029,-0.68%,0
2025-06-12,0.04245,0.04245,0.04245,0.04245,-0.00016,-0.38%,0
2025-06-11,0.04261,0.04261,0.04261,0.04261,-0.00004,-0.09%,0
2025-06-10,0.04265,0.04265,0.04265,0.04265,0.00004,+0.09%,0
2025-06-09,0.04261,0.04261,0.04261,0.04261,0.00045,+1.07%,0
2025-06-06,0.04216,0.04216,0.04216,0.04216,-0.00011,-0.26%,0
2025-06-05,0.04227,0.04227,0.04227,0.04227,-0.0002,-0.47%,0
2025-06-04,0.04247,0.04247,0.04247,0.04247,-0.00001,-0.02%,0
2025-06-03,0.04248,0.04248,0.04248,0.04248,-0.00004,-0.09%,0
2025-06-02,0.04252,0.04252,0.04252,0.04252,-0.00014,-0.33%,0
2025-05-30,0.04266,0.04266,0.04266,0.04266,-0.00015,-0.35%,0
2025-05-29,0.04281,0.04281,0.04281,0.04281,-0.00004,-0.09%,0
2025-05-28,0.04285,0.04285,0.04285,0.04285,0.00017,+0.40%,0
2025-05-27,0.04268,0.04268,0.04268,0.04268,-0.00003,-0.07%,0
2025-05-23,0.04271,0.04271,0.04271,0.04271,-0.00002,-0.05%,0
2025-05-22,0.04273,0.04273,0.04273,0.04273,0.00003,+0.07%,0
2025-05-21,0.0427,0.0427,0.0427,0.0427,0,0.00%,0
2025-05-20,0.0427,0.0427,0.0427,0.0427,0.00006,+0.14%,0
2025-05-19,0.04264,0.04264,0.04264,0.04264,0.00004,+0.09%,0
2025-05-16,0.0426,0.0426,0.0426,0.0426,-0.00009,-0.21%,0
2025-05-15,0.04269,0.04269,0.04269,0.04269,0.00008,+0.19%,0
2025-05-14,0.04261,0.04261,0.04261,0.04261,0.00009,+0.21%,0
2025-05-13,0.04252,0.04252,0.04252,0.04252,0.00044,+1.05%,0
2025-05-12,0.04208,0.04208,0.04208,0.04208,0.00003,+0.07%,0
2025-05-09,0.04205,0.04205,0.04205,0.04205,0.00028,+0.67%,0
2025-05-08,0.04177,0.04177,0.04177,0.04177,-0.00006,-0.14%,0
2025-05-06,0.04183,0.04183,0.04183,0.04183,0.00027,+0.65%,0
2025-05-05,0.04156,0.04156,0.04156,0.04156,0.00073,+1.79%,0
2025-05-02,0.04083,0.04083,0.04083,0.04083,0.00005,+0.12%,0
2025-05-01,0.04078,0.04078,0.04078,0.04078,-0.00022,-0.54%,0
2025-04-30,0.041,0.041,0.041,0.041,-0.00012,-0.29%,0
2025-04-29,0.04112,0.04112,0.04112,0.04112,-0.00019,-0.46%,0
2025-04-28,0.04131,0.04131,0.04131,0.04131,-0.00003,-0.07%,0
2025-04-25,0.04134,0.04134,0.04134,0.04134,-0.00009,-0.22%,0
2025-04-24,0.04143,0.04143,0.04143,0.04143,0.00025,+0.61%,0
2025-04-23,0.04118,0.04118,0.04118,0.04118,0.0001,+0.24%,0
2025-04-22,0.04108,0.04108,0.04108,0.04108,-0.0002,-0.48%,0
2025-04-21,0.04128,0.04128,0.04128,0.04128,0.00003,+0.07%,0
2025-04-17,0.04125,0.04125,0.04125,0.04125,-0.00002,-0.05%,0
2025-04-16,0.04127,0.04127,0.04127,0.04127,-0.00015,-0.36%,0
2025-04-15,0.04142,0.04142,0.04142,0.04142,0.00029,+0.71%,0
2025-04-14,0.04113,0.04113,0.04113,0.04113,0.00015,+0.37%,0
2025-04-11,0.04098,0.04098,0.04098,0.04098,0.00028,+0.69%,0
2025-04-10,0.0407,0.0407,0.0407,0.0407,0.00017,+0.42%,0
2025-04-09,0.04053,0.04053,0.04053,0.04053,0.00018,+0.45%,0
2025-04-08,0.04035,0.04035,0.04035,0.04035,0.00022,+0.55%,0
2025-04-07,0.04013,0.04013,0.04013,0.04013,-0.00113,-2.74%,0
2025-04-04,0.04126,0.04126,0.04126,0.04126,-0.00052,-1.24%,0
2025-04-03,0.04178,0.04178,0.04178,0.04178,0.00013,+0.31%,0
2025-04-02,0.04165,0.04165,0.04165,0.04165,-0.00002,-0.05%,0
2025-04-01,0.04167,0.04167,0.04167,0.04167,-0.00026,-0.62%,0
2025-03-31,0.04193,0.04193,0.04193,0.04193,-0.00023,-0.55%,0
2025-03-28,0.04216,0.04216,0.04216,0.04216,-0.00001,-0.02%,0
2025-03-27,0.04217,0.04217,0.04217,0.04217,-0.00007,-0.17%,0
2025-03-26,0.04224,0.04224,0.04224,0.04224,0.00008,+0.19%,0
2025-03-25,0.04216,0.04216,0.04216,0.04216,-0.00019,-0.45%,0
2025-03-20,0.04235,0.04235,0.04235,0.04235,0.00002,+0.05%,0
2025-03-19,0.04233,0.04233,0.04233,0.04233,0.00016,+0.38%,0
2025-03-18,0.04217,0.04217,0.04217,0.04217,0.00017,+0.40%,0
2025-03-17,0.042,0.042,0.042,0.042,0.00002,+0.05%,0
2025-03-14,0.04198,0.04198,0.04198,0.04198,-0.00004,-0.10%,0
2025-03-13,0.04202,0.04202,0.04202,0.04202,0.00041,+0.99%,0
2025-03-12,0.04161,0.04161,0.04161,0.04161,-0.00017,-0.41%,0
2025-03-11,0.04178,0.04178,0.04178,0.04178,-0.00007,-0.17%,0
2025-03-10,0.04185,0.04185,0.04185,0.04185,0.00001,+0.02%,0
2025-03-07,0.04184,0.04184,0.04184,0.04184,-0.00006,-0.14%,0
2025-03-06,0.0419,0.0419,0.0419,0.0419,0.00014,+0.34%,0
2025-03-05,0.04176,0.04176,0.04176,0.04176,-0.00041,-0.97%,0
2025-03-04,0.04217,0.04217,0.04217,0.04217,-0.00015,-0.35%,0
2025-03-03,0.04232,0.04232,0.04232,0.04232,-0.00025,-0.59%,0
2025-02-28,0.04257,0.04257,0.04257,0.04257,-0.00005,-0.12%,0
2025-02-27,0.04262,0.04262,0.04262,0.04262,-0.00013,-0.30%,0
2025-02-24,0.04275,0.04275,0.04275,0.04275,-0.00016,-0.37%,0
2025-02-21,0.04291,0.04291,0.04291,0.04291,-0.00014,-0.33%,0
2025-02-20,0.04305,0.04305,0.04305,0.04305,-0.00002,-0.05%,0
2025-02-19,0.04307,0.04307,0.04307,0.04307,0.00011,+0.26%,0
2025-02-18,0.04296,0.04296,0.04296,0.04296,-0.00015,-0.35%,0
2025-02-14,0.04311,0.04311,0.04311,0.04311,-0.00004,-0.09%,0
2025-02-13,0.04315,0.04315,0.04315,0.04315,0.00023,+0.54%,0
2025-02-12,0.04292,0.04292,0.04292,0.04292,0.00009,+0.21%,0
2025-02-11,0.04283,0.04283,0.04283,0.04283,0.00024,+0.56%,0
2025-02-05,0.04259,0.04259,0.04259,0.04259,0.00008,+0.19%,0
2025-02-03,0.04251,0.04251,0.04251,0.04251,0.00014,+0.33%,0
2025-01-29,0.04237,0.04237,0.04237,0.04237,0.00007,+0.17%,0
2025-01-28,0.0423,0.0423,0.0423,0.0423,-0.00016,-0.38%,0
2025-01-27,0.04246,0.04246,0.04246,0.04246,-0.00013,-0.31%,0
2025-01-24,0.04259,0.04259,0.04259,0.04259,-0.00004,-0.09%,0
2025-01-23,0.04263,0.04263,0.04263,0.04263,0.00001,+0.02%,0
2025-01-22,0.04262,0.04262,0.04262,0.04262,0.0001,+0.24%,0
2025-01-21,0.04252,0.04252,0.04252,0.04252,-0.00002,-0.05%,0
2025-01-17,0.04254,0.04254,0.04254,0.04254,-0.00008,-0.19%,0
2025-01-16,0.04262,0.04262,0.04262,0.04262,-0.00027,-0.63%,0
2025-01-15,0.04289,0.04289,0.04289,0.04289,-0.00007,-0.16%,0
2025-01-14,0.04296,0.04296,0.04296,0.04296,0.00017,+0.40%,0
2025-01-13,0.04279,0.04279,0.04279,0.04279,0.00034,+0.80%,0
2025-01-10,0.04245,0.04245,0.04245,0.04245,-0.00006,-0.14%,0
2025-01-09,0.04251,0.04251,0.04251,0.04251,-0.00007,-0.16%,0
2025-01-08,0.04258,0.04258,0.04258,0.04258,0.00012,+0.28%,0
2025-01-07,0.04246,0.04246,0.04246,0.04246,0.00004,+0.09%,0
2025-01-06,0.04242,0.04242,0.04242,0.04242,0,0.00%,0
2025-01-03,0.04242,0.04242,0.04242,0.04242,0.00004,+0.09%,0
2025-01-02,0.04238,0.04238,0.04238,0.04238,-0.00012,-0.28%,0
2024-12-31,0.0425,0.0425,0.0425,0.0425,-0.00012,-0.28%,0
2024-12-30,0.04262,0.04262,0.04262,0.04262,-0.00023,-0.54%,0
2024-12-27,0.04285,0.04285,0.04285,0.04285,0.00003,+0.07%,0
2024-12-26,0.04282,0.04282,0.04282,0.04282,-0.00003,-0.07%,0
2024-12-24,0.04285,0.04285,0.04285,0.04285,0.00013,+0.30%,0
2024-12-23,0.04272,0.04272,0.04272,0.04272,-0.00004,-0.09%,0
2024-12-20,0.04276,0.04276,0.04276,0.04276,-0.00005,-0.12%,0
2024-12-19,0.04281,0.04281,0.04281,0.04281,-0.00002,-0.05%,0
2024-12-18,0.04283,0.04283,0.04283,0.04283,0.00005,+0.12%,0
2024-12-17,0.04278,0.04278,0.04278,0.04278,0.00005,+0.12%,0
2024-12-16,0.04273,0.04273,0.04273,0.04273,0.00013,+0.31%,0
2024-12-13,0.0426,0.0426,0.0426,0.0426,-0.00001,-0.02%,0
2024-12-12,0.04261,0.04261,0.04261,0.04261,-0.00034,-0.79%,0
2024-12-11,0.04295,0.04295,0.04295,0.04295,0.00009,+0.21%,0
2024-12-10,0.04286,0.04286,0.04286,0.04286,-0.00003,-0.07%,0
2024-12-09,0.04289,0.04289,0.04289,0.04289,-0.0004,-0.92%,0
2024-12-06,0.04329,0.04329,0.04329,0.04329,-0.00001,-0.02%,0
2024-12-05,0.0433,0.0433,0.0433,0.0433,-0.00023,-0.53%,0
2024-12-04,0.04353,0.04353,0.04353,0.04353,-0.0004,-0.91%,0
2024-12-03,0.04393,0.04393,0.04393,0.04393,0.00018,+0.41%,0
2024-12-02,0.04375,0.04375,0.04375,0.04375,-0.00009,-0.21%,0
2024-11-29,0.04384,0.04384,0.04384,0.04384,-0.0004,-0.90%,0
2024-11-27,0.04424,0.04424,0.04424,0.04424,-0.00009,-0.20%,0
2024-11-26,0.04433,0.04433,0.04433,0.04433,-0.00012,-0.27%,0
2024-11-25,0.04445,0.04445,0.04445,0.04445,0.00008,+0.18%,0
2024-11-22,0.04437,0.04437,0.04437,0.04437,0.00003,+0.07%,0
2024-11-21,0.04434,0.04434,0.04434,0.04434,0.00011,+0.25%,0
2024-11-20,0.04423,0.04423,0.04423,0.04423,-0.00008,-0.18%,0
2024-11-19,0.04431,0.04431,0.04431,0.04431,0,0.00%,0
2024-11-18,0.04431,0.04431,0.04431,0.04431,0.00039,+0.89%,0
2024-11-15,0.04392,0.04392,0.04392,0.04392,0.00006,+0.14%,0
2024-11-14,0.04386,0.04386,0.04386,0.04386,-0.00057,-1.28%,0
2024-11-13,0.04443,0.04443,0.04443,0.04443,0.0003,+0.68%,0
2024-11-12,0.04413,0.04413,0.04413,0.04413,0.00012,+0.27%,0
2024-11-08,0.04401,0.04401,0.04401,0.04401,-0.00009,-0.20%,0
2024-11-07,0.0441,0.0441,0.0441,0.0441,0.00014,+0.32%,0
2024-11-06,0.04396,0.04396,0.04396,0.04396,0.00016,+0.37%,0
2024-11-05,0.0438,0.0438,0.0438,0.0438,-0.00002,-0.05%,0
2024-11-04,0.04382,0.04382,0.04382,0.04382,-0.0003,-0.68%,0
2024-11-01,0.04412,0.04412,0.04412,0.04412,0.00005,+0.11%,0
2024-10-31,0.04407,0.04407,0.04407,0.04407,-0.00011,-0.25%,0
2024-10-30,0.04418,0.04418,0.04418,0.04418,-0.00009,-0.20%,0
2024-10-29,0.04427,0.04427,0.04427,0.04427,0.00014,+0.32%,0
2024-10-28,0.04413,0.04413,0.04413,0.04413,-0.00018,-0.41%,0
2024-10-25,0.04431,0.04431,0.04431,0.04431,-0.00017,-0.38%,0
2024-10-24,0.04448,0.04448,0.04448,0.04448,-0.00007,-0.16%,0
2024-10-23,0.04455,0.04455,0.04455,0.04455,-0.00003,-0.07%,0
2024-10-22,0.04458,0.04458,0.04458,0.04458,0.0002,+0.45%,0
2024-10-21,0.04438,0.04438,0.04438,0.04438,-0.00006,-0.14%,0
2024-10-18,0.04444,0.04444,0.04444,0.04444,0.00029,+0.66%,0
2024-10-17,0.04415,0.04415,0.04415,0.04415,-0.00017,-0.38%,0
2024-10-16,0.04432,0.04432,0.04432,0.04432,-0.00011,-0.25%,0
2024-10-15,0.04443,0.04443,0.04443,0.04443,-0.00001,-0.02%,0
2024-10-11,0.04444,0.04444,0.04444,0.04444,-0.00005,-0.11%,0
2024-10-10,0.04449,0.04449,0.04449,0.04449,0.00003,+0.07%,0
2024-10-09,0.04446,0.04446,0.04446,0.04446,-0.00022,-0.49%,0
2024-10-08,0.04468,0.04468,0.04468,0.04468,0.00076,+1.73%,0
2024-10-07,0.04392,0.04392,0.04392,0.04392,0.00111,+2.59%,0
2024-10-04,0.04281,0.04281,0.04281,0.04281,0.00007,+0.16%,0
2024-10-03,0.04274,0.04274,0.04274,0.04274,-0.00009,-0.21%,0
2024-10-02,0.04283,0.04283,0.04283,0.04283,-0.00001,-0.02%,0
2024-10-01,0.04284,0.04284,0.04284,0.04284,0.0003,+0.71%,0
2024-09-30,0.04254,0.04254,0.04254,0.04254,-0.00008,-0.19%,0
2024-09-27,0.04262,0.04262,0.04262,0.04262,0.00017,+0.40%,0
2024-09-26,0.04245,0.04245,0.04245,0.04245,-0.00041,-0.96%,0
2024-09-25,0.04286,0.04286,0.04286,0.04286,-0.00024,-0.56%,0
2024-09-24,0.0431,0.0431,0.0431,0.0431,-0.00024,-0.55%,0
2024-09-23,0.04334,0.04334,0.04334,0.04334,-0.00017,-0.39%,0
2024-09-20,0.04351,0.04351,0.04351,0.04351,-0.00042,-0.96%,0
2024-09-19,0.04393,0.04393,0.04393,0.04393,-0.00051,-1.15%,0
2024-09-18,0.04444,0.04444,0.04444,0.04444,0.00008,+0.18%,0
2024-09-17,0.04436,0.04436,0.04436,0.04436,-0.00046,-1.03%,0
2024-09-16,0.04482,0.04482,0.04482,0.04482,-0.00097,-2.12%,0
2024-09-13,0.04579,0.04579,0.04579,0.04579,0.00008,+0.18%,0
2024-09-12,0.04571,0.04571,0.04571,0.04571,0.00017,+0.37%,0
2024-09-11,0.04554,0.04554,0.04554,0.04554,-0.00025,-0.55%,0
2024-09-10,0.04579,0.04579,0.04579,0.04579,0.00021,+0.46%,0
2024-09-09,0.04558,0.04558,0.04558,0.04558,-0.00034,-0.74%,0
2024-09-06,0.04592,0.04592,0.04592,0.04592,-0.00023,-0.50%,0
2024-09-05,0.04615,0.04615,0.04615,0.04615,-0.0007,-1.49%,0
2024-09-04,0.04685,0.04685,0.04685,0.04685,-0.00023,-0.49%,0
2024-09-03,0.04708,0.04708,0.04708,0.04708,-0.00001,-0.02%,0
2024-08-30,0.04709,0.04709,0.04709,0.04709,0.00011,+0.23%,0
2024-08-29,0.04698,0.04698,0.04698,0.04698,-0.00043,-0.91%,0
2024-08-28,0.04741,0.04741,0.04741,0.04741,-0.00001,-0.02%,0
2024-08-27,0.04742,0.04742,0.04742,0.04742,-0.00006,-0.13%,0
2024-08-26,0.04748,0.04748,0.04748,0.04748,-0.00007,-0.15%,0
2024-08-22,0.04755,0.04755,0.04755,0.04755,-0.00055,-1.14%,0
2024-08-21,0.0481,0.0481,0.0481,0.0481,-0.00018,-0.37%,0
2024-08-20,0.04828,0.04828,0.04828,0.04828,-0.00013,-0.27%,0
2024-08-19,0.04841,0.04841,0.04841,0.04841,0.00001,+0.02%,0
2024-08-16,0.0484,0.0484,0.0484,0.0484,0.00059,+1.23%,0
2024-08-15,0.04781,0.04781,0.04781,0.04781,0.00003,+0.06%,0
2024-08-14,0.04778,0.04778,0.04778,0.04778,-0.00028,-0.58%,0
2024-08-13,0.04806,0.04806,0.04806,0.04806,0.00002,+0.04%,0
2024-08-12,0.04804,0.04804,0.04804,0.04804,-0.00002,-0.04%,0
2024-08-09,0.04806,0.04806,0.04806,0.04806,0.00021,+0.44%,0
2024-08-08,0.04785,0.04785,0.04785,0.04785,0,0.00%,0
2024-08-07,0.04785,0.04785,0.04785,0.04785,0.00129,+2.77%,0
2024-08-06,0.04656,0.04656,0.04656,0.04656,-0.0013,-2.72%,0
2024-08-05,0.04786,0.04786,0.04786,0.04786,-0.00222,-4.43%,0
2024-08-02,0.05008,0.05008,0.05008,0.05008,-0.00059,-1.16%,0
2024-08-01,0.05067,0.05067,0.05067,0.05067,-0.00009,-0.18%,0
2024-07-31,0.05076,0.05076,0.05076,0.05076,-0.00003,-0.06%,0
2024-07-30,0.05079,0.05079,0.05079,0.05079,-0.00009,-0.18%,0
2024-07-29,0.05088,0.05088,0.05088,0.05088,-0.00003,-0.06%,0
2024-07-26,0.05091,0.05091,0.05091,0.05091,-0.00017,-0.33%,0
2024-07-25,0.05108,0.05108,0.05108,0.05108,-0.00031,-0.60%,0
2024-07-24,0.05139,0.05139,0.05139,0.05139,-0.00005,-0.10%,0
2024-07-23,0.05144,0.05144,0.05144,0.05144,0.00005,+0.10%,0
2024-07-22,0.05139,0.05139,0.05139,0.05139,0.00004,+0.08%,0
2024-07-19,0.05135,0.05135,0.05135,0.05135,-0.00001,-0.02%,0
2024-07-18,0.05136,0.05136,0.05136,0.05136,0.00005,+0.10%,0
2024-07-17,0.05131,0.05131,0.05131,0.05131,0.00002,+0.04%,0
2024-07-16,0.05129,0.05129,0.05129,0.05129,-0.00022,-0.43%,0
2024-07-15,0.05151,0.05151,0.05151,0.05151,-0.00014,-0.27%,0
2024-07-12,0.05165,0.05165,0.05165,0.05165,-0.0004,-0.77%,0
2024-07-11,0.05205,0.05205,0.05205,0.05205,-0.00009,-0.17%,0
2024-07-10,0.05214,0.05214,0.05214,0.05214,0.00005,+0.10%,0
2024-07-09,0.05209,0.05209,0.05209,0.05209,-0.00006,-0.12%,0
2024-07-08,0.05215,0.05215,0.05215,0.05215,-0.00011,-0.21%,0
2024-07-05,0.05226,0.05226,0.05226,0.05226,-0.00011,-0.21%,0
2024-07-03,0.05237,0.05237,0.05237,0.05237,-0.00016,-0.30%,0
2024-07-02,0.05253,0.05253,0.05253,0.05253,0.00005,+0.10%,0
2024-07-01,0.05248,0.05248,0.05248,0.05248,-0.00007,-0.13%,0
2024-06-28,0.05255,0.05255,0.05255,0.05255,-0.00008,-0.15%,0
2024-06-27,0.05263,0.05263,0.05263,0.05263,-0.00001,-0.02%,0
2024-06-26,0.05264,0.05264,0.05264,0.05264,-0.00004,-0.08%,0
2024-06-25,0.05268,0.05268,0.05268,0.05268,-0.00003,-0.06%,0
2024-06-24,0.05271,0.05271,0.05271,0.05271,-0.00005,-0.09%,0
2024-06-21,0.05276,0.05276,0.05276,0.05276,-0.00002,-0.04%,0
2024-06-20,0.05278,0.05278,0.05278,0.05278,-0.00005,-0.09%,0
2024-06-18,0.05283,0.05283,0.05283,0.05283,0.00014,+0.27%,0
2024-06-17,0.05269,0.05269,0.05269,0.05269,-0.00007,-0.13%,0
2024-06-14,0.05276,0.05276,0.05276,0.05276,0.00006,+0.11%,0
2024-06-13,0.0527,0.0527,0.0527,0.0527,-0.00037,-0.70%,0
2024-06-12,0.05307,0.05307,0.05307,0.05307,-0.00006,-0.11%,0
2024-06-11,0.05313,0.05313,0.05313,0.05313,0.00012,+0.23%,0
2024-06-10,0.05301,0.05301,0.05301,0.05301,0.0003,+0.57%,0
2024-06-07,0.05271,0.05271,0.05271,0.05271,-0.00004,-0.08%,0
2024-06-06,0.05275,0.05275,0.05275,0.05275,-0.0001,-0.19%,0
2024-06-05,0.05285,0.05285,0.05285,0.05285,-0.00014,-0.26%,0
2024-06-04,0.05299,0.05299,0.05299,0.05299,-0.00008,-0.15%,0
2024-06-03,0.05307,0.05307,0.05307,0.05307,-0.00007,-0.13%,0
2024-05-31,0.05314,0.05314,0.05314,0.05314,-0.00012,-0.23%,0
2024-05-30,0.05326,0.05326,0.05326,0.05326,0,0.00%,0
2024-05-29,0.05326,0.05326,0.05326,0.05326,0.00002,+0.04%,0
2024-05-28,0.05324,0.05324,0.05324,0.05324,0.00008,+0.15%,0
2024-05-24,0.05316,0.05316,0.05316,0.05316,0.00015,+0.28%,0
2024-05-23,0.05301,0.05301,0.05301,0.05301,0.00007,+0.13%,0
2024-05-22,0.05294,0.05294,0.05294,0.05294,-0.00001,-0.02%,0
2024-05-21,0.05295,0.05295,0.05295,0.05295,0.00007,+0.13%,0
2024-05-20,0.05288,0.05288,0.05288,0.05288,0.00005,+0.09%,0
2024-05-17,0.05283,0.05283,0.05283,0.05283,0.00005,+0.09%,0
2024-05-16,0.05278,0.05278,0.05278,0.05278,-0.00018,-0.34%,0
2024-05-15,0.05296,0.05296,0.05296,0.05296,0.00002,+0.04%,0
2024-05-14,0.05294,0.05294,0.05294,0.05294,0.00006,+0.11%,0
2024-05-13,0.05288,0.05288,0.05288,0.05288,0.00004,+0.08%,0
2024-05-10,0.05284,0.05284,0.05284,0.05284,-0.00006,-0.11%,0
2024-05-09,0.0529,0.0529,0.0529,0.0529,-0.00004,-0.08%,0
2024-05-08,0.05294,0.05294,0.05294,0.05294,0.00007,+0.13%,0
2024-05-07,0.05287,0.05287,0.05287,0.05287,0.00004,+0.08%,0
2024-05-06,0.05283,0.05283,0.05283,0.05283,-0.00024,-0.45%,0
2024-05-03,0.05307,0.05307,0.05307,0.05307,-0.00021,-0.39%,0
2024-05-02,0.05328,0.05328,0.05328,0.05328,0.00001,+0.02%,0
2024-05-01,0.05327,0.05327,0.05327,0.05327,0.00016,+0.30%,0
2024-04-30,0.05311,0.05311,0.05311,0.05311,0.00002,+0.04%,0
2024-04-29,0.05309,0.05309,0.05309,0.05309,-0.00005,-0.09%,0
2024-04-26,0.05314,0.05314,0.05314,0.05314,0.0002,+0.38%,0
2024-04-25,0.05294,0.05294,0.05294,0.05294,0.00004,+0.08%,0
2024-04-24,0.0529,0.0529,0.0529,0.0529,-0.00008,-0.15%,0
2024-04-23,0.05298,0.05298,0.05298,0.05298,0,0.00%,0
2024-04-22,0.05298,0.05298,0.05298,0.05298,-0.00005,-0.09%,0
2024-04-19,0.05303,0.05303,0.05303,0.05303,0.00003,+0.06%,0
2024-04-18,0.053,0.053,0.053,0.053,-0.00002,-0.04%,0
2024-04-17,0.05302,0.05302,0.05302,0.05302,-0.00003,-0.06%,0
2024-04-16,0.05305,0.05305,0.05305,0.05305,0.00023,+0.44%,0
2024-04-15,0.05282,0.05282,0.05282,0.05282,-0.00021,-0.40%,0
2024-04-12,0.05303,0.05303,0.05303,0.05303,-0.00003,-0.06%,0
2024-04-11,0.05306,0.05306,0.05306,0.05306,0.00075,+1.43%,0
2024-04-10,0.05231,0.05231,0.05231,0.05231,-0.00018,-0.34%,0
2024-04-09,0.05249,0.05249,0.05249,0.05249,0.00018,+0.34%,0
2024-04-08,0.05231,0.05231,0.05231,0.05231,-0.00008,-0.15%,0
2024-04-04,0.05239,0.05239,0.05239,0.05239,-0.00006,-0.11%,0
2024-04-03,0.05245,0.05245,0.05245,0.05245,-0.00006,-0.11%,0
2024-04-02,0.05251,0.05251,0.05251,0.05251,0.00019,+0.36%,0
2024-04-01,0.05232,0.05232,0.05232,0.05232,0.00014,+0.27%,0
2024-03-28,0.05218,0.05218,0.05218,0.05218,-0.00006,-0.11%,0
2024-03-27,0.05224,0.05224,0.05224,0.05224,-0.00001,-0.02%,0
2024-03-26,0.05225,0.05225,0.05225,0.05225,0.00003,+0.06%,0
2024-03-25,0.05222,0.05222,0.05222,0.05222,-0.00007,-0.13%,0
2024-03-22,0.05229,0.05229,0.05229,0.05229,-0.00017,-0.32%,0
2024-03-21,0.05246,0.05246,0.05246,0.05246,-0.00026,-0.49%,0
2024-03-20,0.05272,0.05272,0.05272,0.05272,0.00015,+0.29%,0
2024-03-14,0.05257,0.05257,0.05257,0.05257,0.00006,+0.11%,0
2024-03-13,0.05251,0.05251,0.05251,0.05251,0.00018,+0.34%,0
2024-03-12,0.05233,0.05233,0.05233,0.05233,0.00024,+0.46%,0
2024-03-11,0.05209,0.05209,0.05209,0.05209,-0.00021,-0.40%,0
2024-03-08,0.0523,0.0523,0.0523,0.0523,-0.00006,-0.11%,0
2024-03-07,0.05236,0.05236,0.05236,0.05236,-0.0001,-0.19%,0
2024-03-06,0.05246,0.05246,0.05246,0.05246,-0.00006,-0.11%,0
2024-03-05,0.05252,0.05252,0.05252,0.05252,0.00006,+0.11%,0
2024-03-04,0.05246,0.05246,0.05246,0.05246,-0.00021,-0.40%,0
2024-03-01,0.05267,0.05267,0.05267,0.05267,-0.00008,-0.15%,0
2024-02-29,0.05275,0.05275,0.05275,0.05275,-0.00012,-0.23%,0
2024-02-28,0.05287,0.05287,0.05287,0.05287,-0.00006,-0.11%,0
2024-02-27,0.05293,0.05293,0.05293,0.05293,0.00014,+0.27%,0
2024-02-26,0.05279,0.05279,0.05279,0.05279,0.00005,+0.09%,0
2024-02-23,0.05274,0.05274,0.05274,0.05274,0.00021,+0.40%,0
2024-02-22,0.05253,0.05253,0.05253,0.05253,0.0001,+0.19%,0
2024-02-21,0.05243,0.05243,0.05243,0.05243,-0.00023,-0.44%,0
2024-02-20,0.05266,0.05266,0.05266,0.05266,0.00035,+0.67%,0
2024-02-16,0.05231,0.05231,0.05231,0.05231,-0.00012,-0.23%,0
2024-02-15,0.05243,0.05243,0.05243,0.05243,-0.00014,-0.27%,0
2024-02-14,0.05257,0.05257,0.05257,0.05257,0.00061,+1.17%,0
2024-02-13,0.05196,0.05196,0.05196,0.05196,0.00005,+0.10%,0
2024-02-12,0.05191,0.05191,0.05191,0.05191,0.00002,+0.04%,0
2024-02-09,0.05189,0.05189,0.05189,0.05189,0.00017,+0.33%,0
2024-02-08,0.05172,0.05172,0.05172,0.05172,-0.00021,-0.40%,0
2024-02-07,0.05193,0.05193,0.05193,0.05193,-0.00018,-0.35%,0
2024-02-06,0.05211,0.05211,0.05211,0.05211,0.00024,+0.46%,0
2024-02-05,0.05187,0.05187,0.05187,0.05187,0.00091,+1.79%,0
2024-02-02,0.05096,0.05096,0.05096,0.05096,0.00012,+0.24%,0
2024-02-01,0.05084,0.05084,0.05084,0.05084,-0.00081,-1.57%,0
2024-01-31,0.05165,0.05165,0.05165,0.05165,0.00019,+0.37%,0
2024-01-30,0.05146,0.05146,0.05146,0.05146,-0.00007,-0.14%,0
2024-01-29,0.05153,0.05153,0.05153,0.05153,-0.00004,-0.08%,0
2024-01-26,0.05157,0.05157,0.05157,0.05157,-0.00015,-0.29%,0
2024-01-25,0.05172,0.05172,0.05172,0.05172,-0.00016,-0.31%,0
2024-01-24,0.05188,0.05188,0.05188,0.05188,0.00001,+0.02%,0
2024-01-23,0.05187,0.05187,0.05187,0.05187,0.0001,+0.19%,0
2024-01-22,0.05177,0.05177,0.05177,0.05177,0.00018,+0.35%,0
2024-01-19,0.05159,0.05159,0.05159,0.05159,-0.00005,-0.10%,0
2024-01-18,0.05164,0.05164,0.05164,0.05164,0.00048,+0.94%,0
2024-01-17,0.05116,0.05116,0.05116,0.05116,-0.00037,-0.72%,0
2024-01-12,0.05153,0.05153,0.05153,0.05153,-0.00003,-0.06%,0
2024-01-11,0.05156,0.05156,0.05156,0.05156,-0.00029,-0.56%,0
2024-01-10,0.05185,0.05185,0.05185,0.05185,0.00012,+0.23%,0
2024-01-09,0.05173,0.05173,0.05173,0.05173,-0.00011,-0.21%,0
2024-01-08,0.05184,0.05184,0.05184,0.05184,-0.00009,-0.17%,0
2024-01-05,0.05193,0.05193,0.05193,0.05193,0.00015,+0.29%,0
2024-01-04,0.05178,0.05178,0.05178,0.05178,0.0001,+0.19%,0
2024-01-03,0.05168,0.05168,0.05168,0.05168,0.00015,+0.29%,0
2024-01-02,0.05153,0.05153,0.05153,0.05153,-0.00005,-0.10%,0
2023-12-29,0.05158,0.05158,0.05158,0.05158,0.00003,+0.06%,0
2023-12-28,0.05155,0.05155,0.05155,0.05155,-0.00029,-0.56%,0
2023-12-27,0.05184,0.05184,0.05184,0.05184,0.00007,+0.14%,0
2023-12-26,0.05177,0.05177,0.05177,0.05177,-0.0001,-0.19%,0
2023-12-22,0.05187,0.05187,0.05187,0.05187,-0.00027,-0.52%,0
2023-12-21,0.05214,0.05214,0.05214,0.05214,-0.00024,-0.46%,0
2023-12-20,0.05238,0.05238,0.05238,0.05238,-0.00016,-0.30%,0
2023-12-19,0.05254,0.05254,0.05254,0.05254,0.00003,+0.06%,0
2023-12-18,0.05251,0.05251,0.05251,0.05251,0.00031,+0.59%,0
2023-12-15,0.0522,0.0522,0.0522,0.0522,-0.00074,-1.40%,0
2023-12-14,0.05294,0.05294,0.05294,0.05294,-0.00038,-0.71%,0
2023-12-13,0.05332,0.05332,0.05332,0.05332,-0.00015,-0.28%,0
2023-12-12,0.05347,0.05347,0.05347,0.05347,0.00018,+0.34%,0
2023-12-11,0.05329,0.05329,0.05329,0.05329,0.00037,+0.70%,0
2023-12-08,0.05292,0.05292,0.05292,0.05292,-0.0001,-0.19%,0
2023-12-07,0.05302,0.05302,0.05302,0.05302,-0.00008,-0.15%,0
2023-12-06,0.0531,0.0531,0.0531,0.0531,-0.00007,-0.13%,0
2023-12-05,0.05317,0.05317,0.05317,0.05317,0.00014,+0.26%,0
2023-12-04,0.05303,0.05303,0.05303,0.05303,-0.00038,-0.71%,0
2023-12-01,0.05341,0.05341,0.05341,0.05341,0.00008,+0.15%,0
2023-11-30,0.05333,0.05333,0.05333,0.05333,-0.00038,-0.71%,0
2023-11-29,0.05371,0.05371,0.05371,0.05371,-0.00023,-0.43%,0
2023-11-28,0.05394,0.05394,0.05394,0.05394,-0.00007,-0.13%,0
2023-11-27,0.05401,0.05401,0.05401,0.05401,0.00009,+0.17%,0
2023-11-24,0.05392,0.05392,0.05392,0.05392,0.00015,+0.28%,0
2023-11-22,0.05377,0.05377,0.05377,0.05377,-0.00003,-0.06%,0
2023-11-21,0.0538,0.0538,0.0538,0.0538,0.00007,+0.13%,0
2023-11-20,0.05373,0.05373,0.05373,0.05373,0.00009,+0.17%,0
2023-11-17,0.05364,0.05364,0.05364,0.05364,-0.00011,-0.20%,0
2023-11-16,0.05375,0.05375,0.05375,0.05375,-0.00006,-0.11%,0
2023-11-15,0.05381,0.05381,0.05381,0.05381,-0.00054,-0.99%,0
2023-11-14,0.05435,0.05435,0.05435,0.05435,0.00016,+0.30%,0
2023-11-13,0.05419,0.05419,0.05419,0.05419,0.00004,+0.07%,0
2023-11-10,0.05415,0.05415,0.05415,0.05415,0.00016,+0.30%,0
2023-11-09,0.05399,0.05399,0.05399,0.05399,0.00002,+0.04%,0
2023-11-08,0.05397,0.05397,0.05397,0.05397,0.00004,+0.07%,0
2023-11-07,0.05393,0.05393,0.05393,0.05393,-0.00005,-0.09%,0
2023-11-06,0.05398,0.05398,0.05398,0.05398,-0.00028,-0.52%,0
2023-11-03,0.05426,0.05426,0.05426,0.05426,-0.00019,-0.35%,0
2023-11-02,0.05445,0.05445,0.05445,0.05445,-0.00009,-0.17%,0
2023-11-01,0.05454,0.05454,0.05454,0.05454,0.00011,+0.20%,0
2023-10-31,0.05443,0.05443,0.05443,0.05443,0.00008,+0.15%,0
2023-10-30,0.05435,0.05435,0.05435,0.05435,-0.00006,-0.11%,0
2023-10-27,0.05441,0.05441,0.05441,0.05441,-0.00016,-0.29%,0
2023-10-26,0.05457,0.05457,0.05457,0.05457,0.00001,+0.02%,0
2023-10-25,0.05456,0.05456,0.05456,0.05456,0.0001,+0.18%,0
2023-10-24,0.05446,0.05446,0.05446,0.05446,0.00007,+0.13%,0
2023-10-23,0.05439,0.05439,0.05439,0.05439,-0.0003,-0.55%,0
2023-10-20,0.05469,0.05469,0.05469,0.05469,-0.0002,-0.36%,0
2023-10-19,0.05489,0.05489,0.05489,0.05489,0.00001,+0.02%,0
2023-10-18,0.05488,0.05488,0.05488,0.05488,0.00033,+0.60%,0
2023-10-17,0.05455,0.05455,0.05455,0.05455,0.00006,+0.11%,0
2023-10-16,0.05449,0.05449,0.05449,0.05449,-0.00015,-0.27%,0
2023-10-13,0.05464,0.05464,0.05464,0.05464,0.00029,+0.53%,0
2023-10-11,0.05435,0.05435,0.05435,0.05435,-0.00049,-0.89%,0
2023-10-10,0.05484,0.05484,0.05484,0.05484,0.00029,+0.53%,0
2023-10-06,0.05455,0.05455,0.05455,0.05455,-0.00008,-0.15%,0
2023-10-05,0.05463,0.05463,0.05463,0.05463,-0.00023,-0.42%,0
2023-10-03,0.05486,0.05486,0.05486,0.05486,0.00033,+0.61%,0
2023-10-02,0.05453,0.05453,0.05453,0.05453,-0.00018,-0.33%,0
2023-09-28,0.05471,0.05471,0.05471,0.05471,0.00003,+0.05%,0
2023-09-27,0.05468,0.05468,0.05468,0.05468,0.00005,+0.09%,0
2023-09-26,0.05463,0.05463,0.05463,0.05463,-0.00006,-0.11%,0
2023-09-25,0.05469,0.05469,0.05469,0.05469,-0.00011,-0.20%,0
2023-09-22,0.0548,0.0548,0.0548,0.0548,0.00007,+0.13%,0
2023-09-21,0.05473,0.05473,0.05473,0.05473,0.00004,+0.07%,0
2023-09-20,0.05469,0.05469,0.05469,0.05469,0,0.00%,0
2023-09-19,0.05469,0.05469,0.05469,0.05469,0.00003,+0.05%,0
2023-09-18,0.05466,0.05466,0.05466,0.05466,0,0.00%,0
2023-09-15,0.05466,0.05466,0.05466,0.05466,-0.00012,-0.22%,0
2023-09-14,0.05478,0.05478,0.05478,0.05478,0.00004,+0.07%,0
2023-09-13,0.05474,0.05474,0.05474,0.05474,0.00003,+0.05%,0
2023-09-12,0.05471,0.05471,0.05471,0.05471,0.00008,+0.15%,0
2023-09-11,0.05463,0.05463,0.05463,0.05463,-0.00009,-0.16%,0
2023-09-08,0.05472,0.05472,0.05472,0.05472,-0.00004,-0.07%,0
2023-09-07,0.05476,0.05476,0.05476,0.05476,0.00023,+0.42%,0
2023-09-06,0.05453,0.05453,0.05453,0.05453,0.00021,+0.39%,0
2023-09-05,0.05432,0.05432,0.05432,0.05432,-0.00021,-0.39%,0
2023-09-01,0.05453,0.05453,0.05453,0.05453,-0.00002,-0.04%,0
2023-08-31,0.05455,0.05455,0.05455,0.05455,-0.0002,-0.37%,0
2023-08-30,0.05475,0.05475,0.05475,0.05475,-0.00026,-0.47%,0
2023-08-29,0.05501,0.05501,0.05501,0.05501,0.00008,+0.15%,0
2023-08-28,0.05493,0.05493,0.05493,0.05493,0.00026,+0.48%,0
2023-08-25,0.05467,0.05467,0.05467,0.05467,0.00022,+0.40%,0
2023-08-24,0.05445,0.05445,0.05445,0.05445,-0.00013,-0.24%,0
2023-08-23,0.05458,0.05458,0.05458,0.05458,0.00011,+0.20%,0
2023-08-22,0.05447,0.05447,0.05447,0.05447,0.00018,+0.33%,0
2023-08-21,0.05429,0.05429,0.05429,0.05429,-0.00015,-0.28%,0
2023-08-18,0.05444,0.05444,0.05444,0.05444,0.00003,+0.06%,0
2023-08-17,0.05441,0.05441,0.05441,0.05441,-0.00001,-0.02%,0
2023-08-16,0.05442,0.05442,0.05442,0.05442,-0.00003,-0.06%,0
2023-08-15,0.05445,0.05445,0.05445,0.05445,0.00013,+0.24%,0
2023-08-14,0.05432,0.05432,0.05432,0.05432,0.00017,+0.31%,0
2023-08-11,0.05415,0.05415,0.05415,0.05415,-0.00006,-0.11%,0
2023-08-10,0.05421,0.05421,0.05421,0.05421,0,0.00%,0
2023-08-09,0.05421,0.05421,0.05421,0.05421,-0.00005,-0.09%,0
2023-08-08,0.05426,0.05426,0.05426,0.05426,-0.00002,-0.04%,0
2023-08-07,0.05428,0.05428,0.05428,0.05428,-0.00006,-0.11%,0
2023-08-04,0.05434,0.05434,0.05434,0.05434,0.00001,+0.02%,0
2023-08-03,0.05433,0.05433,0.05433,0.05433,-0.00002,-0.04%,0
2023-08-02,0.05435,0.05435,0.05435,0.05435,0.00002,+0.04%,0
2023-08-01,0.05433,0.05433,0.05433,0.05433,0,0.00%,0
2023-07-31,0.05433,0.05433,0.05433,0.05433,-0.00015,-0.28%,0
2023-07-28,0.05448,0.05448,0.05448,0.05448,-0.00005,-0.09%,0
2023-07-27,0.05453,0.05453,0.05453,0.05453,0.00008,+0.15%,0
2023-07-26,0.05445,0.05445,0.05445,0.05445,0.00014,+0.26%,0
2023-07-25,0.05431,0.05431,0.05431,0.05431,0.00009,+0.17%,0
2023-07-24,0.05422,0.05422,0.05422,0.05422,-0.00006,-0.11%,0
2023-07-21,0.05428,0.05428,0.05428,0.05428,0.00015,+0.28%,0
2023-07-20,0.05413,0.05413,0.05413,0.05413,0.00014,+0.26%,0
2023-07-19,0.05399,0.05399,0.05399,0.05399,-0.00001,-0.02%,0
2023-07-18,0.054,0.054,0.054,0.054,0.00004,+0.07%,0
2023-07-17,0.05396,0.05396,0.05396,0.05396,0.0002,+0.37%,0
2023-07-14,0.05376,0.05376,0.05376,0.05376,-0.00017,-0.32%,0
2023-07-13,0.05393,0.05393,0.05393,0.05393,-0.00018,-0.33%,0
2023-07-12,0.05411,0.05411,0.05411,0.05411,0.00009,+0.17%,0
2023-07-11,0.05402,0.05402,0.05402,0.05402,-0.00001,-0.02%,0
2023-07-10,0.05403,0.05403,0.05403,0.05403,-0.00012,-0.22%,0
2023-07-07,0.05415,0.05415,0.05415,0.05415,0.00034,+0.63%,0
2023-07-06,0.05381,0.05381,0.05381,0.05381,-0.00001,-0.02%,0
2023-07-05,0.05382,0.05382,0.05382,0.05382,0.00001,+0.02%,0
2023-07-03,0.05381,0.05381,0.05381,0.05381,-0.0001,-0.19%,0
2023-06-30,0.05391,0.05391,0.05391,0.05391,0.00045,+0.84%,0
2023-06-29,0.05346,0.05346,0.05346,0.05346,0.00009,+0.17%,0
2023-06-28,0.05337,0.05337,0.05337,0.05337,0.00013,+0.24%,0
2023-06-27,0.05324,0.05324,0.05324,0.05324,0.00004,+0.08%,0
2023-06-26,0.0532,0.0532,0.0532,0.0532,-0.00009,-0.17%,0
2023-06-23,0.05329,0.05329,0.05329,0.05329,-0.00005,-0.09%,0
2023-06-22,0.05334,0.05334,0.05334,0.05334,0.00022,+0.41%,0
2023-06-21,0.05312,0.05312,0.05312,0.05312,0.00003,+0.06%,0
2023-06-20,0.05309,0.05309,0.05309,0.05309,0.0002,+0.38%,0
2023-06-16,0.05289,0.05289,0.05289,0.05289,0.00001,+0.02%,0
2023-06-15,0.05288,0.05288,0.05288,0.05288,0.00021,+0.40%,0
2023-06-14,0.05267,0.05267,0.05267,0.05267,-0.00028,-0.53%,0
2023-06-13,0.05295,0.05295,0.05295,0.05295,0.00009,+0.17%,0
2023-06-12,0.05286,0.05286,0.05286,0.05286,0.00019,+0.36%,0
2023-06-09,0.05267,0.05267,0.05267,0.05267,-0.00025,-0.47%,0
2023-06-08,0.05292,0.05292,0.05292,0.05292,0.00014,+0.27%,0
2023-06-07,0.05278,0.05278,0.05278,0.05278,0.00001,+0.02%,0
2023-06-06,0.05277,0.05277,0.05277,0.05277,-0.00011,-0.21%,0
2023-06-05,0.05288,0.05288,0.05288,0.05288,0.00042,+0.80%,0
2023-06-02,0.05246,0.05246,0.05246,0.05246,-0.00039,-0.74%,0
2023-06-01,0.05285,0.05285,0.05285,0.05285,-0.00036,-0.68%,0
2023-05-31,0.05321,0.05321,0.05321,0.05321,0.00002,+0.04%,0
2023-05-30,0.05319,0.05319,0.05319,0.05319,0.00021,+0.40%,0
2023-05-26,0.05298,0.05298,0.05298,0.05298,0.0006,+1.15%,0
2023-05-25,0.05238,0.05238,0.05238,0.05238,0.00038,+0.73%,0
2023-05-24,0.052,0.052,0.052,0.052,0.00037,+0.72%,0
2023-05-23,0.05163,0.05163,0.05163,0.05163,0.00024,+0.47%,0
2023-05-22,0.05139,0.05139,0.05139,0.05139,-0.00008,-0.16%,0
2023-05-19,0.05147,0.05147,0.05147,0.05147,0.00053,+1.04%,0
2023-05-18,0.05094,0.05094,0.05094,0.05094,0.00025,+0.49%,0
2023-05-17,0.05069,0.05069,0.05069,0.05069,0.00027,+0.54%,0
2023-05-16,0.05042,0.05042,0.05042,0.05042,0.00013,+0.26%,0
2023-05-15,0.05029,0.05029,0.05029,0.05029,0.00043,+0.86%,0
2023-05-12,0.04986,0.04986,0.04986,0.04986,-0.00037,-0.74%,0
2023-05-11,0.05023,0.05023,0.05023,0.05023,-0.00028,-0.55%,0
2023-05-10,0.05051,0.05051,0.05051,0.05051,0.0002,+0.40%,0
2023-05-09,0.05031,0.05031,0.05031,0.05031,0.00021,+0.42%,0
2023-05-08,0.0501,0.0501,0.0501,0.0501,0.00065,+1.31%,0
2023-05-05,0.04945,0.04945,0.04945,0.04945,-0.00083,-1.65%,0
2023-05-04,0.05028,0.05028,0.05028,0.05028,0.00001,+0.02%,0
2023-05-03,0.05027,0.05027,0.05027,0.05027,-0.00095,-1.85%,0
2023-05-02,0.05122,0.05122,0.05122,0.05122,0.00033,+0.65%,0
2023-05-01,0.05089,0.05089,0.05089,0.05089,0.00009,+0.18%,0
2023-04-28,0.0508,0.0508,0.0508,0.0508,0.00059,+1.18%,0
2023-04-27,0.05021,0.05021,0.05021,0.05021,-0.00006,-0.12%,0
2023-04-26,0.05027,0.05027,0.05027,0.05027,-0.00064,-1.26%,0
2023-04-25,0.05091,0.05091,0.05091,0.05091,0.00003,+0.06%,0
2023-04-24,0.05088,0.05088,0.05088,0.05088,0,0.00%,0
2023-04-21,0.05088,0.05088,0.05088,0.05088,-0.00012,-0.24%,0
2023-04-20,0.051,0.051,0.051,0.051,0.00022,+0.43%,0
2023-04-19,0.05078,0.05078,0.05078,0.05078,0.0001,+0.20%,0
2023-04-18,0.05068,0.05068,0.05068,0.05068,0.00047,+0.94%,0
2023-04-17,0.05021,0.05021,0.05021,0.05021,0.00078,+1.58%,0
2023-04-14,0.04943,0.04943,0.04943,0.04943,-0.00018,-0.36%,0
2023-04-13,0.04961,0.04961,0.04961,0.04961,-0.00024,-0.48%,0
2023-04-12,0.04985,0.04985,0.04985,0.04985,0.00014,+0.28%,0
2023-04-11,0.04971,0.04971,0.04971,0.04971,0.00036,+0.73%,0
2023-04-10,0.04935,0.04935,0.04935,0.04935,0.00099,+2.05%,0
2023-04-07,0.04836,0.04836,0.04836,0.04836,0.00025,+0.52%,0
2023-04-06,0.04811,0.04811,0.04811,0.04811,-0.00062,-1.27%,0
2023-04-05,0.04873,0.04873,0.04873,0.04873,-0.00068,-1.38%,0
2023-04-04,0.04941,0.04941,0.04941,0.04941,0.00021,+0.43%,0
2023-04-03,0.0492,0.0492,0.0492,0.0492,0.0002,+0.41%,0
2023-03-31,0.049,0.049,0.049,0.049,0.00034,+0.70%,0
2023-03-30,0.04866,0.04866,0.04866,0.04866,0.00001,+0.02%,0
2023-03-29,0.04865,0.04865,0.04865,0.04865,0.00028,+0.58%,0
2023-03-28,0.04837,0.04837,0.04837,0.04837,0.00177,+3.80%,0
2023-03-27,0.0466,0.0466,0.0466,0.0466,-0.00135,-2.82%,0
2023-03-24,0.04795,0.04795,0.04795,0.04795,-0.00088,-1.80%,0
2023-03-23,0.04883,0.04883,0.04883,0.04883,0.00033,+0.68%,0
2023-03-22,0.0485,0.0485,0.0485,0.0485,0.00179,+3.83%,0
2023-03-21,0.04671,0.04671,0.04671,0.04671,-0.00043,-0.91%,0
2023-03-20,0.04714,0.04714,0.04714,0.04714,-0.00035,-0.74%,0
2023-03-17,0.04749,0.04749,0.04749,0.04749,0.00264,+5.89%,0
2023-03-16,0.04485,0.04485,0.04485,0.04485,-0.0036,-7.43%,0
2023-03-15,0.04845,0.04845,0.04845,0.04845,0.00144,+3.06%,0
2023-03-14,0.04701,0.04701,0.04701,0.04701,-0.00521,-9.98%,0
2023-03-13,0.05222,0.05222,0.05222,0.05222,-0.0017,-3.15%,0
2023-03-10,0.05392,0.05392,0.05392,0.05392,0.00003,+0.06%,0
2023-03-09,0.05389,0.05389,0.05389,0.05389,0.00074,+1.39%,0
2023-03-08,0.05315,0.05315,0.05315,0.05315,0.001,+1.92%,0
2023-03-07,0.05215,0.05215,0.05215,0.05215,0.00016,+0.31%,0
2023-03-06,0.05199,0.05199,0.05199,0.05199,-0.00004,-0.08%,0
2023-03-03,0.05203,0.05203,0.05203,0.05203,0.00016,+0.31%,0
2023-03-02,0.05187,0.05187,0.05187,0.05187,0.0003,+0.58%,0
2023-03-01,0.05157,0.05157,0.05157,0.05157,0.00007,+0.14%,0
2023-02-28,0.0515,0.0515,0.0515,0.0515,-0.00006,-0.12%,0
2023-02-27,0.05156,0.05156,0.05156,0.05156,0.00027,+0.53%,0
2023-02-24,0.05129,0.05129,0.05129,0.05129,0.0002,+0.39%,0
2023-02-23,0.05109,0.05109,0.05109,0.05109,0.00014,+0.27%,0
2023-02-22,0.05095,0.05095,0.05095,0.05095,0.00029,+0.57%,0
2023-02-21,0.05066,0.05066,0.05066,0.05066,0.00031,+0.62%,0
2023-02-17,0.05035,0.05035,0.05035,0.05035,0.00007,+0.14%,0
2023-02-16,0.05028,0.05028,0.05028,0.05028,0.0002,+0.40%,0
2023-02-15,0.05008,0.05008,0.05008,0.05008,0.00016,+0.32%,0
2023-02-14,0.04992,0.04992,0.04992,0.04992,0.00016,+0.32%,0
2023-02-13,0.04976,0.04976,0.04976,0.04976,0.00017,+0.34%,0
2023-02-10,0.04959,0.04959,0.04959,0.04959,-0.00006,-0.12%,0
2023-02-09,0.04965,0.04965,0.04965,0.04965,0.00023,+0.47%,0
2023-02-08,0.04942,0.04942,0.04942,0.04942,0.0001,+0.20%,0
2023-02-07,0.04932,0.04932,0.04932,0.04932,0.00061,+1.25%,0
2023-02-06,0.04871,0.04871,0.04871,0.04871,0.00056,+1.16%,0
2023-02-03,0.04815,0.04815,0.04815,0.04815,-0.00019,-0.39%,0
2023-02-02,0.04834,0.04834,0.04834,0.04834,0.00005,+0.10%,0
2023-02-01,0.04829,0.04829,0.04829,0.04829,-0.00007,-0.14%,0
2023-01-31,0.04836,0.04836,0.04836,0.04836,0.00009,+0.19%,0
2023-01-30,0.04827,0.04827,0.04827,0.04827,0.00003,+0.06%,0
2023-01-27,0.04824,0.04824,0.04824,0.04824,0.00006,+0.12%,0
2023-01-26,0.04818,0.04818,0.04818,0.04818,-0.00007,-0.15%,0
2023-01-25,0.04825,0.04825,0.04825,0.04825,0.00006,+0.12%,0
2023-01-24,0.04819,0.04819,0.04819,0.04819,0.00008,+0.17%,0
2023-01-23,0.04811,0.04811,0.04811,0.04811,0.00007,+0.15%,0
2023-01-20,0.04804,0.04804,0.04804,0.04804,0.00007,+0.15%,0
2023-01-19,0.04797,0.04797,0.04797,0.04797,-0.00003,-0.06%,0
2023-01-18,0.048,0.048,0.048,0.048,0.00002,+0.04%,0
2023-01-17,0.04798,0.04798,0.04798,0.04798,0.00006,+0.13%,0
2023-01-13,0.04792,0.04792,0.04792,0.04792,-0.00031,-0.64%,0
2023-01-12,0.04823,0.04823,0.04823,0.04823,0.00011,+0.23%,0
2023-01-11,0.04812,0.04812,0.04812,0.04812,0.0001,+0.21%,0
2023-01-10,0.04802,0.04802,0.04802,0.04802,-0.00025,-0.52%,0
2023-01-09,0.04827,0.04827,0.04827,0.04827,-0.00036,-0.74%,0
2023-01-06,0.04863,0.04863,0.04863,0.04863,0.00049,+1.02%,0
2023-01-05,0.04814,0.04814,0.04814,0.04814,0.00012,+0.25%,0
2023-01-04,0.04802,0.04802,0.04802,0.04802,-0.00006,-0.12%,0
2023-01-03,0.04808,0.04808,0.04808,0.04808,0.00027,+0.56%,0
2022-12-30,0.04781,0.04781,0.04781,0.04781,-0.00006,-0.13%,0
2022-12-29,0.04787,0.04787,0.04787,0.04787,-0.00004,-0.08%,0
2022-12-28,0.04791,0.04791,0.04791,0.04791,0.00033,+0.69%,0
2022-12-27,0.04758,0.04758,0.04758,0.04758,0.00023,+0.49%,0
2022-12-23,0.04735,0.04735,0.04735,0.04735,0.00017,+0.36%,0
2022-12-22,0.04718,0.04718,0.04718,0.04718,-0.00013,-0.27%,0
2022-12-21,0.04731,0.04731,0.04731,0.04731,0.00018,+0.38%,0
2022-12-20,0.04713,0.04713,0.04713,0.04713,0.00013,+0.28%,0
2022-12-19,0.047,0.047,0.047,0.047,-0.0001,-0.21%,0
2022-12-16,0.0471,0.0471,0.0471,0.0471,0.00015,+0.32%,0
2022-12-15,0.04695,0.04695,0.04695,0.04695,0.00003,+0.06%,0
2022-12-14,0.04692,0.04692,0.04692,0.04692,-0.00072,-1.51%,0
2022-12-13,0.04764,0.04764,0.04764,0.04764,0.00025,+0.53%,0
2022-12-12,0.04739,0.04739,0.04739,0.04739,0.00015,+0.32%,0
2022-12-09,0.04724,0.04724,0.04724,0.04724,0.00004,+0.08%,0
2022-12-08,0.0472,0.0472,0.0472,0.0472,-0.00008,-0.17%,0
2022-12-07,0.04728,0.04728,0.04728,0.04728,0.00008,+0.17%,0
2022-12-06,0.0472,0.0472,0.0472,0.0472,0.00026,+0.55%,0
2022-12-05,0.04694,0.04694,0.04694,0.04694,0.00023,+0.49%,0
2022-12-02,0.04671,0.04671,0.04671,0.04671,-0.00052,-1.10%,0
2022-12-01,0.04723,0.04723,0.04723,0.04723,0.00028,+0.60%,0
2022-11-30,0.04695,0.04695,0.04695,0.04695,0.00003,+0.06%,0
2022-11-29,0.04692,0.04692,0.04692,0.04692,-0.00004,-0.09%,0
2022-11-28,0.04696,0.04696,0.04696,0.04696,-0.00019,-0.40%,0
2022-11-25,0.04715,0.04715,0.04715,0.04715,0.00017,+0.36%,0
2022-11-23,0.04698,0.04698,0.04698,0.04698,0.00041,+0.88%,0
2022-11-22,0.04657,0.04657,0.04657,0.04657,0.00031,+0.67%,0
2022-11-21,0.04626,0.04626,0.04626,0.04626,0.00021,+0.46%,0
2022-11-18,0.04605,0.04605,0.04605,0.04605,0.00031,+0.68%,0
2022-11-17,0.04574,0.04574,0.04574,0.04574,0.00028,+0.62%,0
2022-11-16,0.04546,0.04546,0.04546,0.04546,-0.00014,-0.31%,0
2022-11-15,0.0456,0.0456,0.0456,0.0456,0.00033,+0.73%,0
2022-11-14,0.04527,0.04527,0.04527,0.04527,-0.00095,-2.06%,0
2022-11-10,0.04622,0.04622,0.04622,0.04622,0,0.00%,0
2022-11-09,0.04622,0.04622,0.04622,0.04622,0.00017,+0.37%,0
2022-11-08,0.04605,0.04605,0.04605,0.04605,0.00006,+0.13%,0
2022-11-07,0.04599,0.04599,0.04599,0.04599,0,0.00%,0
2022-11-04,0.04599,0.04599,0.04599,0.04599,0.00045,+0.99%,0
2022-11-03,0.04554,0.04554,0.04554,0.04554,0.00022,+0.49%,0
2022-11-02,0.04532,0.04532,0.04532,0.04532,0.00017,+0.38%,0
2022-11-01,0.04515,0.04515,0.04515,0.04515,0.00052,+1.17%,0
2022-10-31,0.04463,0.04463,0.04463,0.04463,0.00029,+0.65%,0
2022-10-28,0.04434,0.04434,0.04434,0.04434,-0.00019,-0.43%,0
2022-10-27,0.04453,0.04453,0.04453,0.04453,0.00001,+0.02%,0
2022-10-26,0.04452,0.04452,0.04452,0.04452,0.00006,+0.13%,0
2022-10-25,0.04446,0.04446,0.04446,0.04446,-0.00007,-0.16%,0
2022-10-24,0.04453,0.04453,0.04453,0.04453,-0.00041,-0.91%,0
2022-10-21,0.04494,0.04494,0.04494,0.04494,0.00027,+0.60%,0
2022-10-20,0.04467,0.04467,0.04467,0.04467,0.00062,+1.41%,0
2022-10-19,0.04405,0.04405,0.04405,0.04405,0.00005,+0.11%,0
2022-10-18,0.044,0.044,0.044,0.044,0.00006,+0.14%,0
2022-10-17,0.04394,0.04394,0.04394,0.04394,0.0004,+0.92%,0
2022-10-14,0.04354,0.04354,0.04354,0.04354,0.00114,+2.69%,0
2022-10-13,0.0424,0.0424,0.0424,0.0424,0.00041,+0.98%,0
2022-10-12,0.04199,0.04199,0.04199,0.04199,0.00028,+0.67%,0
2022-10-11,0.04171,0.04171,0.04171,0.04171,0.00073,+1.78%,0
2022-10-07,0.04098,0.04098,0.04098,0.04098,0.00015,+0.37%,0
2022-10-06,0.04083,0.04083,0.04083,0.04083,0.00064,+1.59%,0
2022-10-05,0.04019,0.04019,0.04019,0.04019,0.00043,+1.08%,0
2022-10-04,0.03976,0.03976,0.03976,0.03976,-0.00003,-0.08%,0
2022-10-03,0.03979,0.03979,0.03979,0.03979,-0.00012,-0.30%,0
2022-09-30,0.03991,0.03991,0.03991,0.03991,0.00053,+1.35%,0
2022-09-29,0.03938,0.03938,0.03938,0.03938,-0.00043,-1.08%,0
2022-09-28,0.03981,0.03981,0.03981,0.03981,-0.00029,-0.72%,0
2022-09-27,0.0401,0.0401,0.0401,0.0401,0.00017,+0.43%,0
2022-09-26,0.03993,0.03993,0.03993,0.03993,0.00026,+0.66%,0
2022-09-23,0.03967,0.03967,0.03967,0.03967,0.0001,+0.25%,0
2022-09-22,0.03957,0.03957,0.03957,0.03957,0.00046,+1.18%,0
2022-09-21,0.03911,0.03911,0.03911,0.03911,0.00009,+0.23%,0
2022-09-20,0.03902,0.03902,0.03902,0.03902,0.00018,+0.46%,0
2022-09-19,0.03884,0.03884,0.03884,0.03884,0.00013,+0.34%,0
2022-09-16,0.03871,0.03871,0.03871,0.03871,0.0001,+0.26%,0
2022-09-15,0.03861,0.03861,0.03861,0.03861,0.00108,+2.88%,0
2022-09-14,0.03753,0.03753,0.03753,0.03753,0.00195,+5.48%,0
2022-09-13,0.03558,0.03558,0.03558,0.03558,0.00059,+1.69%,0
2022-09-09,0.03499,0.03499,0.03499,0.03499,0.00017,+0.49%,0
2022-09-08,0.03482,0.03482,0.03482,0.03482,0.00062,+1.81%,0
2022-09-07,0.0342,0.0342,0.0342,0.0342,0.0005,+1.48%,0
2022-09-06,0.0337,0.0337,0.0337,0.0337,-0.00042,-1.23%,0
2022-09-02,0.03412,0.03412,0.03412,0.03412,0.00033,+0.98%,0
2022-09-01,0.03379,0.03379,0.03379,0.03379,0.0003,+0.90%,0
2022-08-31,0.03349,0.03349,0.03349,0.03349,0.00042,+1.27%,0
2022-08-30,0.03307,0.03307,0.03307,0.03307,0.00048,+1.47%,0
2022-08-29,0.03259,0.03259,0.03259,0.03259,0.00007,+0.22%,0
2022-08-26,0.03252,0.03252,0.03252,0.03252,0.00006,+0.18%,0
2022-08-25,0.03246,0.03246,0.03246,0.03246,0.0005,+1.56%,0
2022-08-24,0.03196,0.03196,0.03196,0.03196,-0.00014,-0.44%,0
2022-08-23,0.0321,0.0321,0.0321,0.0321,0.00054,+1.71%,0
2022-08-22,0.03156,0.03156,0.03156,0.03156,0.00022,+0.70%,0
2022-08-19,0.03134,0.03134,0.03134,0.03134,-0.00038,-1.20%,0
2022-08-18,0.03172,0.03172,0.03172,0.03172,0.00051,+1.63%,0
2022-08-17,0.03121,0.03121,0.03121,0.03121,0.00014,+0.45%,0
2022-08-16,0.03107,0.03107,0.03107,0.03107,0.00009,+0.29%,0
2022-08-15,0.03098,0.03098,0.03098,0.03098,0.00023,+0.75%,0
2022-08-12,0.03075,0.03075,0.03075,0.03075,0,0.00%,0
2022-08-11,0.03075,0.03075,0.03075,0.03075,-0.00055,-1.76%,0
2022-08-10,0.0313,0.0313,0.0313,0.0313,0.00021,+0.68%,0
2022-08-09,0.03109,0.03109,0.03109,0.03109,0.00016,+0.52%,0
2022-08-08,0.03093,0.03093,0.03093,0.03093,0.00106,+3.55%,0
2022-08-05,0.02987,0.02987,0.02987,0.02987,-0.00019,-0.63%,0
2022-08-04,0.03006,0.03006,0.03006,0.03006,0.00074,+2.52%,0
2022-08-03,0.02932,0.02932,0.02932,0.02932,0.00027,+0.93%,0
2022-08-02,0.02905,0.02905,0.02905,0.02905,0.00007,+0.24%,0
2022-08-01,0.02898,0.02898,0.02898,0.02898,0.0003,+1.05%,0
2022-07-29,0.02868,0.02868,0.02868,0.02868,-0.00077,-2.61%,0
2022-07-28,0.02945,0.02945,0.02945,0.02945,0.00005,+0.17%,0
2022-07-27,0.0294,0.0294,0.0294,0.0294,-0.00003,-0.10%,0
2022-07-26,0.02943,0.02943,0.02943,0.02943,0.0005,+1.73%,0
2022-07-25,0.02893,0.02893,0.02893,0.02893,-0.00086,-2.89%,0
2022-07-22,0.02979,0.02979,0.02979,0.02979,0.00003,+0.10%,0
2022-07-21,0.02976,0.02976,0.02976,0.02976,0.00031,+1.05%,0
2022-07-20,0.02945,0.02945,0.02945,0.02945,0.00014,+0.48%,0
2022-07-19,0.02931,0.02931,0.02931,0.02931,0.00001,+0.03%,0
2022-07-18,0.0293,0.0293,0.0293,0.0293,-0.00102,-3.36%,0
2022-07-15,0.03032,0.03032,0.03032,0.03032,0.00072,+2.43%,0
2022-07-14,0.0296,0.0296,0.0296,0.0296,0.00188,+6.78%,0
2022-07-13,0.02772,0.02772,0.02772,0.02772,0.00003,+0.11%,0
2022-07-12,0.02769,0.02769,0.02769,0.02769,0.00019,+0.69%,0
2022-07-11,0.0275,0.0275,0.0275,0.0275,0.00048,+1.78%,0
2022-07-08,0.02702,0.02702,0.02702,0.02702,0.00074,+2.82%,0
2022-07-07,0.02628,0.02628,0.02628,0.02628,0.00031,+1.19%,0
2022-07-06,0.02597,0.02597,0.02597,0.02597,0.00034,+1.33%,0
2022-07-05,0.02563,0.02563,0.02563,0.02563,-0.00034,-1.31%,0
2022-07-01,0.02597,0.02597,0.02597,0.02597,-0.00034,-1.29%,0
2022-06-30,0.02631,0.02631,0.02631,0.02631,0.00053,+2.06%,0
2022-06-28,0.02578,0.02578,0.02578,0.02578,0.00025,+0.98%,0
2022-06-27,0.02553,0.02553,0.02553,0.02553,0.00014,+0.55%,0
2022-06-24,0.02539,0.02539,0.02539,0.02539,-0.00025,-0.98%,0
2022-06-23,0.02564,0.02564,0.02564,0.02564,-0.00017,-0.66%,0
2022-06-22,0.02581,0.02581,0.02581,0.02581,0.00045,+1.77%,0
2022-06-21,0.02536,0.02536,0.02536,0.02536,0.00022,+0.88%,0
2022-06-17,0.02514,0.02514,0.02514,0.02514,-0.00015,-0.59%,0
2022-06-16,0.02529,0.02529,0.02529,0.02529,0.00071,+2.89%,0
2022-06-15,0.02458,0.02458,0.02458,0.02458,0.00261,+11.88%,0
2022-06-14,0.02197,0.02197,0.02197,0.02197,0.00143,+6.96%,0
2022-06-13,0.02054,0.02054,0.02054,0.02054,0.00094,+4.80%,0
2022-06-10,0.0196,0.0196,0.0196,0.0196,0.00025,+1.29%,0
2022-06-09,0.01935,0.01935,0.01935,0.01935,0.00024,+1.26%,0
2022-06-08,0.01911,0.01911,0.01911,0.01911,0.00015,+0.79%,0
2022-06-07,0.01896,0.01896,0.01896,0.01896,0.00018,+0.96%,0
2022-06-06,0.01878,0.01878,0.01878,0.01878,0.00007,+0.37%,0
2022-06-03,0.01871,0.01871,0.01871,0.01871,0.00019,+1.03%,0
2022-06-02,0.01852,0.01852,0.01852,0.01852,0.0004,+2.21%,0
2022-06-01,0.01812,0.01812,0.01812,0.01812,0.0005,+2.84%,0
2022-05-31,0.01762,0.01762,0.01762,0.01762,0.00007,+0.40%,0
2022-05-27,0.01755,0.01755,0.01755,0.01755,-0.00002,-0.11%,0
2022-05-26,0.01757,0.01757,0.01757,0.01757,0.00009,+0.51%,0
2022-05-25,0.01748,0.01748,0.01748,0.01748,-0.00024,-1.35%,0
2022-05-24,0.01772,0.01772,0.01772,0.01772,0.00026,+1.49%,0
2022-05-23,0.01746,0.01746,0.01746,0.01746,0.00002,+0.11%,0
2022-05-20,0.01744,0.01744,0.01744,0.01744,-0.00013,-0.74%,0
2022-05-19,0.01757,0.01757,0.01757,0.01757,0.00025,+1.44%,0
2022-05-18,0.01732,0.01732,0.01732,0.01732,0.00038,+2.24%,0
2022-05-17,0.01694,0.01694,0.01694,0.01694,0.00008,+0.47%,0
2022-05-16,0.01686,0.01686,0.01686,0.01686,0.00039,+2.37%,0
2022-05-13,0.01647,0.01647,0.01647,0.01647,-0.00041,-2.43%,0
2022-05-12,0.01688,0.01688,0.01688,0.01688,0.0007,+4.33%,0
2022-05-11,0.01618,0.01618,0.01618,0.01618,-0.00005,-0.31%,0
2022-05-10,0.01623,0.01623,0.01623,0.01623,-0.00028,-1.70%,0
2022-05-09,0.01651,0.01651,0.01651,0.01651,0.00021,+1.29%,0
2022-05-06,0.0163,0.0163,0.0163,0.0163,-0.00037,-2.22%,0
2022-05-05,0.01667,0.01667,0.01667,0.01667,0.00033,+2.02%,0
2022-05-04,0.01634,0.01634,0.01634,0.01634,0.00017,+1.05%,0
2022-05-03,0.01617,0.01617,0.01617,0.01617,-0.00008,-0.49%,0
2022-05-02,0.01625,0.01625,0.01625,0.01625,0.0006,+3.83%,0
2022-04-29,0.01565,0.01565,0.01565,0.01565,0.00046,+3.03%,0
2022-04-28,0.01519,0.01519,0.01519,0.01519,0.00011,+0.73%,0
2022-04-27,0.01508,0.01508,0.01508,0.01508,0.00016,+1.07%,0
2022-04-26,0.01492,0.01492,0.01492,0.01492,-0.00039,-2.55%,0
2022-04-25,0.01531,0.01531,0.01531,0.01531,0.00081,+5.59%,0
2022-04-22,0.0145,0.0145,0.0145,0.0145,0.00064,+4.62%,0
2022-04-21,0.01386,0.01386,0.01386,0.01386,0.00052,+3.90%,0
2022-04-20,0.01334,0.01334,0.01334,0.01334,0.00038,+2.93%,0
2022-04-19,0.01296,0.01296,0.01296,0.01296,0.0002,+1.57%,0
2022-04-18,0.01276,0.01276,0.01276,0.01276,0.00036,+2.90%,0
2022-04-14,0.0124,0.0124,0.0124,0.0124,-0.00009,-0.72%,0
2022-04-13,0.01249,0.01249,0.01249,0.01249,0.00006,+0.48%,0
2022-04-12,0.01243,0.01243,0.01243,0.01243,0.00011,+0.89%,0
2022-04-11,0.01232,0.01232,0.01232,0.01232,0.00027,+2.24%,0
2022-04-08,0.01205,0.01205,0.01205,0.01205,0.0001,+0.84%,0
2022-04-07,0.01195,0.01195,0.01195,0.01195,0.00022,+1.88%,0
2022-04-06,0.01173,0.01173,0.01173,0.01173,0.00047,+4.17%,0
2022-04-05,0.01126,0.01126,0.01126,0.01126,0.00007,+0.63%,0
2022-04-04,0.01119,0.01119,0.01119,0.01119,0.00047,+4.38%,0
2022-04-01,0.01072,0.01072,0.01072,0.01072,-0.00007,-0.65%,0
2022-03-31,0.01079,0.01079,0.01079,0.01079,0.00002,+0.19%,0
2022-03-30,0.01077,0.01077,0.01077,0.01077,0.00011,+1.03%,0
2022-03-29,0.01066,0.01066,0.01066,0.01066,0.00016,+1.52%,0
2022-03-28,0.0105,0.0105,0.0105,0.0105,0.00037,+3.65%,0
2022-03-25,0.01013,0.01013,0.01013,0.01013,0.00016,+1.60%,0
2022-03-24,0.00997,0.00997,0.00997,0.00997,0.00003,+0.30%,0
2022-03-23,0.00994,0.00994,0.00994,0.00994,0.00065,+7.00%,0
2022-03-22,0.00929,0.00929,0.00929,0.00929,0.00062,+7.15%,0
2022-03-21,0.00867,0.00867,0.00867,0.00867,0.00021,+2.48%,0
2022-03-18,0.00846,0.00846,0.00846,0.00846,-0.00022,-2.53%,0
2022-03-17,0.00868,0.00868,0.00868,0.00868,0.00043,+5.21%,0
2022-03-16,0.00825,0.00825,0.00825,0.00825,-0.00005,-0.60%,0
2022-03-15,0.0083,0.0083,0.0083,0.0083,0.00055,+7.10%,0
2022-03-14,0.00775,0.00775,0.00775,0.00775,-0.00002,-0.26%,0
2022-03-11,0.00777,0.00777,0.00777,0.00777,0.00032,+4.30%,0
2022-03-10,0.00745,0.00745,0.00745,0.00745,0.00042,+5.97%,0
2022-03-09,0.00703,0.00703,0.00703,0.00703,0.00002,+0.29%,0
2022-03-08,0.00701,0.00701,0.00701,0.00701,0.00053,+8.18%,0
2022-03-07,0.00648,0.00648,0.00648,0.00648,-0.0002,-2.99%,0
2022-03-04,0.00668,0.00668,0.00668,0.00668,0.00016,+2.45%,0
2022-03-03,0.00652,0.00652,0.00652,0.00652,0.00081,+14.19%,0
2022-03-02,0.00571,0.00571,0.00571,0.00571,-0.00051,-8.20%,0
2022-03-01,0.00622,0.00622,0.00622,0.00622,-0.00063,-9.20%,0
2022-02-28,0.00685,0.00685,0.00685,0.00685,0.00051,+8.04%,0
2022-02-25,0.00634,0.00634,0.00634,0.00634,-0.00071,-10.07%,0
2022-02-24,0.00705,0.00705,0.00705,0.00705,0.00036,+5.38%,0
2022-02-23,0.00669,0.00669,0.00669,0.00669,0.00033,+5.19%,0
2022-02-22,0.00636,0.00636,0.00636,0.00636,-0.00013,-2.00%,0
2022-02-18,0.00649,0.00649,0.00649,0.00649,-0.00028,-4.14%,0
2022-02-17,0.00677,0.00677,0.00677,0.00677,0.00001,+0.15%,0
2022-02-16,0.00676,0.00676,0.00676,0.00676,-0.00023,-3.29%,0
2022-02-15,0.00699,0.00699,0.00699,0.00699,0.00011,+1.60%,0
2022-02-14,0.00688,0.00688,0.00688,0.00688,0.00028,+4.24%,0
2022-02-11,0.0066,0.0066,0.0066,0.0066,0.00106,+19.13%,0
2022-02-10,0.00554,0.00554,0.00554,0.00554,0.00018,+3.36%,0
2022-02-09,0.00536,0.00536,0.00536,0.00536,0.00009,+1.71%,0
2022-02-08,0.00527,0.00527,0.00527,0.00527,0.00005,+0.96%,0
2022-02-07,0.00522,0.00522,0.00522,0.00522,0.00073,+16.26%,0
2022-02-04,0.00449,0.00449,0.00449,0.00449,0.00019,+4.42%,0
2022-02-03,0.0043,0.0043,0.0043,0.0043,-0.00002,-0.46%,0
2022-02-02,0.00432,0.00432,0.00432,0.00432,-0.00007,-1.59%,0
2022-02-01,0.00439,0.00439,0.00439,0.00439,0.00015,+3.54%,0
2022-01-31,0.00424,0.00424,0.00424,0.00424,0.00004,+0.95%,0
2022-01-28,0.0042,0.0042,0.0042,0.0042,0.00064,+17.98%,0
2022-01-27,0.00356,0.00356,0.00356,0.00356,0.00019,+5.64%,0
2022-01-26,0.00337,0.00337,0.00337,0.00337,0.0001,+3.06%,0
2022-01-25,0.00327,0.00327,0.00327,0.00327,-0.00004,-1.21%,0
2022-01-24,0.00331,0.00331,0.00331,0.00331,-0.00007,-2.07%,0
2022-01-21,0.00338,0.00338,0.00338,0.00338,0.00005,+1.50%,0
2022-01-20,0.00333,0.00333,0.00333,0.00333,0.00006,+1.83%,0
2022-01-19,0.00327,0.00327,0.00327,0.00327,0.00042,+14.74%,0
2022-01-18,0.00285,0.00285,0.00285,0.00285,0.00009,+3.26%,0
2022-01-14,0.00276,0.00276,0.00276,0.00276,0.00012,+4.55%,0
2022-01-13,0.00264,0.00264,0.00264,0.00264,0.00007,+2.72%,0
2022-01-12,0.00257,0.00257,0.00257,0.00257,0.00006,+2.39%,0
2022-01-11,0.00251,0.00251,0.00251,0.00251,0.00008,+3.29%,0
2022-01-10,0.00243,0.00243,0.00243,0.00243,0,0.00%,0
2022-01-07,0.00243,0.00243,0.00243,0.00243,0.00025,+11.47%,0
2022-01-06,0.00218,0.00218,0.00218,0.00218,0.00017,+8.46%,0
2022-01-05,0.00201,0.00201,0.00201,0.00201,0.00001,+0.50%,0
2022-01-04,0.002,0.002,0.002,0.002,0.00007,+3.63%,0
2022-01-03,0.00193,0.00193,0.00193,0.00193,-0.00006,-3.02%,0
2021-12-31,0.00199,0.00199,0.00199,0.00199,-0.00007,-3.40%,0
2021-12-30,0.00206,0.00206,0.00206,0.00206,0.00015,+7.85%,0
2021-12-29,0.00191,0.00191,0.00191,0.00191,0.00003,+1.60%,0
2021-12-28,0.00188,0.00188,0.00188,0.00188,0.00008,+4.44%,0
2021-12-27,0.0018,0.0018,0.0018,0.0018,0.00009,+5.26%,0
2021-12-23,0.00171,0.00171,0.00171,0.00171,0.00003,+1.79%,0
2021-12-22,0.00168,0.00168,0.00168,0.00168,0.00016,+10.53%,0
2021-12-21,0.00152,0.00152,0.00152,0.00152,0.00004,+2.70%,0
2021-12-20,0.00148,0.00148,0.00148,0.00148,0.00007,+4.96%,0
2021-12-17,0.00141,0.00141,0.00141,0.00141,-0.00002,-1.40%,0
2021-12-16,0.00143,0.00143,0.00143,0.00143,0.00017,+13.49%,0
2021-12-15,0.00126,0.00126,0.00126,0.00126,0.00003,+2.44%,0
2021-12-14,0.00123,0.00123,0.00123,0.00123,0.00002,+1.65%,0
2021-12-13,0.00121,0.00121,0.00121,0.00121,0.00002,+1.68%,0
2021-12-10,0.00119,0.00119,0.00119,0.00119,-0.00001,-0.83%,0
2021-12-09,0.0012,0.0012,0.0012,0.0012,0.00004,+3.45%,0
2021-12-08,0.00116,0.00116,0.00116,0.00116,0.00011,+10.48%,0
2021-12-07,0.00105,0.00105,0.00105,0.00105,0.00003,+2.94%,0
2021-12-06,0.00102,0.00102,0.00102,0.00102,0.00003,+3.03%,0
2021-12-03,0.00099,0.00099,0.00099,0.00099,0.00003,+3.13%,0
2021-12-02,0.00096,0.00096,0.00096,0.00096,0.00012,+14.29%,0
2021-12-01,0.00084,0.00084,0.00084,0.00084,0.00004,+5.00%,0
2021-11-30,0.0008,0.0008,0.0008,0.0008,0.00003,+3.90%,0
2021-11-29,0.00077,0.00077,0.00077,0.00077,-0.0002,-20.62%,0
2021-11-26,0.00097,0.00097,0.00097,0.00097,0.00006,+6.59%,0
2021-11-24,0.00091,0.00091,0.00091,0.00091,0.00007,+8.33%,0
2021-11-23,0.00084,0.00084,0.00084,0.00084,0.00016,+23.53%,0
2021-11-22,0.00068,0.00068,0.00068,0.00068,-0.00003,-4.23%,0
2021-11-19,0.00071,0.00071,0.00071,0.00071,-0.00004,-5.33%,0
2021-11-18,0.00075,0.00075,0.00075,0.00075,0,0.00%,0
2021-11-17,0.00075,0.00075,0.00075,0.00075,0.00005,+7.14%,0
2021-11-16,0.0007,0.0007,0.0007,0.0007,0.00003,+4.48%,0
2021-11-15,0.00067,0.00067,0.00067,0.00067,0.00002,+3.08%,0
2021-11-12,0.00065,0.00065,0.00065,0.00065,0.00009,+16.07%,0
2021-11-10,0.00056,0.00056,0.00056,0.00056,-0.00001,-1.75%,0
2021-11-09,0.00057,0.00057,0.00057,0.00057,0.00002,+3.64%,0
2021-11-08,0.00055,0.00055,0.00055,0.00055,0,0.00%,0
2021-11-05,0.00055,0.00055,0.00055,0.00055,-0.00005,-8.33%,0
2021-11-04,0.0006,0.0006,0.0006,0.0006,0,0.00%,0
2021-11-03,0.0006,0.0006,0.0006,0.0006,-0.00006,-9.09%,0
2021-11-02,0.00066,0.00066,0.00066,0.00066,-0.00003,-4.35%,0
2021-11-01,0.00069,0.00069,0.00069,0.00069,0.00004,+6.15%,0
2021-10-29,0.00065,0.00065,0.00065,0.00065,0.00003,+4.84%,0
2021-10-28,0.00062,0.00062,0.00062,0.00062,0.00002,+3.33%,0
2021-10-27,0.0006,0.0006,0.0006,0.0006,-0.00001,-1.64%,0
2021-10-26,0.00061,0.00061,0.00061,0.00061,0.00001,+1.67%,0
2021-10-25,0.0006,0.0006,0.0006,0.0006,0.00001,+1.69%,0
2021-10-22,0.00059,0.00059,0.00059,0.00059,0.00005,+9.26%,0
2021-10-21,0.00054,0.00054,0.00054,0.00054,-0.00005,-8.47%,0
2021-10-20,0.00059,0.00059,0.00059,0.00059,-0.00004,-6.35%,0
2021-10-19,0.00063,0.00063,0.00063,0.00063,0.00003,+5.00%,0
2021-10-18,0.0006,0.0006,0.0006,0.0006,0.00002,+3.45%,0
2021-10-15,0.00058,0.00058,0.00058,0.00058,0,0.00%,0
2021-10-14,0.00058,0.00058,0.00058,0.00058,0.00001,+1.75%,0
2021-10-13,0.00057,0.00057,0.00057,0.00057,0.00002,+3.64%,0
2021-10-12,0.00055,0.00055,0.00055,0.00055,0,0.00%,0
2021-10-08,0.00055,0.00055,0.00055,0.00055,0,0.00%,0
2021-10-07,0.00055,0.00055,0.00055,0.00055,0,0.00%,0
2021-10-06,0.00055,0.00055,0.00055,0.00055,0,0.00%,0
2021-10-05,0.00055,0.00055,0.00055,0.00055,0,0.00%,0
2021-10-04,0.00055,0.00055,0.00055,0.00055,0,0.00%,0
2021-10-01,0.00055,0.00055,0.00055,0.00055,-0.00001,-1.79%,0
2021-09-30,0.00056,0.00056,0.00056,0.00056,-0.00003,-5.08%,0
2021-09-29,0.00059,0.00059,0.00059,0.00059,0.00002,+3.51%,0
2021-09-28,0.00057,0.00057,0.00057,0.00057,0,0.00%,0
2021-09-27,0.00057,0.00057,0.00057,0.00057,0.00001,+1.79%,0
2021-09-24,0.00056,0.00056,0.00056,0.00056,0.00001,+1.82%,0
2021-09-23,0.00055,0.00055,0.00055,0.00055,0,0.00%,0
2021-09-22,0.00055,0.00055,0.00055,0.00055,-0.00001,-1.79%,0
2021-09-21,0.00056,0.00056,0.00056,0.00056,0,0.00%,0
2021-09-20,0.00056,0.00056,0.00056,0.00056,-0.00001,-1.75%,0
2021-09-17,0.00057,0.00057,0.00057,0.00057,0.00002,+3.64%,0
2021-09-16,0.00055,0.00055,0.00055,0.00055,0.00003,+5.77%,0
2021-09-15,0.00052,0.00052,0.00052,0.00052,0,0.00%,0
2021-09-14,0.00052,0.00052,0.00052,0.00052,-0.00001,-1.89%,0
2021-09-13,0.00053,0.00053,0.00053,0.00053,0.00001,+1.92%,0
2021-09-10,0.00052,0.00052,0.00052,0.00052,-0.00001,-1.89%,0
2021-09-09,0.00053,0.00053,0.00053,0.00053,0.00001,+1.92%,0
2021-09-08,0.00052,0.00052,0.00052,0.00052,-0.00001,-1.89%,0
2021-09-07,0.00053,0.00053,0.00053,0.00053,0.00001,+1.92%,0
2021-09-03,0.00052,0.00052,0.00052,0.00052,0,0.00%,0
2021-09-02,0.00052,0.00052,0.00052,0.00052,0.00001,+1.96%,0
2021-09-01,0.00051,0.00051,0.00051,0.00051,0,0.00%,0
2021-08-31,0.00051,0.00051,0.00051,0.00051,0,0.00%,0
2021-08-30,0.00051,0.00051,0.00051,0.00051,-0.00004,-7.27%,0
2021-08-27,0.00055,0.00055,0.00055,0.00055,0,0.00%,0
2021-08-26,0.00055,0.00055,0.00055,0.00055,0.00002,+3.77%,0
2021-08-25,0.00053,0.00053,0.00053,0.00053,0.00002,+3.92%,0
2021-08-24,0.00051,0.00051,0.00051,0.00051,0,0.00%,0
2021-08-23,0.00051,0.00051,0.00051,0.00051,-0.00001,-1.92%,0
2021-08-20,0.00052,0.00052,0.00052,0.00052,0.00001,+1.96%,0
2021-08-19,0.00051,0.00051,0.00051,0.00051,-0.00001,-1.92%,0
2021-08-18,0.00052,0.00052,0.00052,0.00052,0,0.00%,0
2021-08-17,0.00052,0.00052,0.00052,0.00052,-0.00001,-1.89%,0
2021-08-16,0.00053,0.00053,0.00053,0.00053,0.00002,+3.92%,0
2021-08-13,0.00051,0.00051,0.00051,0.00051,0,0.00%,0
2021-08-12,0.00051,0.00051,0.00051,0.00051,0,0.00%,0
2021-08-11,0.00051,0.00051,0.00051,0.00051,0.00002,+4.08%,0
2021-08-10,0.00049,0.00049,0.00049,0.00049,0,0.00%,0
2021-08-09,0.00049,0.00049,0.00049,0.00049,0.00001,+2.08%,0
2021-08-06,0.00048,0.00048,0.00048,0.00048,0.00001,+2.13%,0
2021-08-05,0.00047,0.00047,0.00047,0.00047,0,0.00%,0
2021-08-04,0.00047,0.00047,0.00047,0.00047,-0.00001,-2.08%,0
2021-08-03,0.00048,0.00048,0.00048,0.00048,-0.00001,-2.04%,0
2021-08-02,0.00049,0.00049,0.00049,0.00049,0,0.00%,0
2021-07-30,0.00049,0.00049,0.00049,0.00049,-0.00001,-2.00%,0
2021-07-29,0.0005,0.0005,0.0005,0.0005,0,0.00%,0
2021-07-28,0.0005,0.0005,0.0005,0.0005,0.00001,+2.04%,0
2021-07-27,0.00049,0.00049,0.00049,0.00049,-0.00001,-2.00%,0
2021-07-26,0.0005,0.0005,0.0005,0.0005,0,0.00%,0
2021-07-23,0.0005,0.0005,0.0005,0.0005,0,0.00%,0
2021-07-22,0.0005,0.0005,0.0005,0.0005,0.00001,+2.04%,0
2021-07-21,0.00049,0.00049,0.00049,0.00049,0,0.00%,0
2021-07-20,0.00049,0.00049,0.00049,0.00049,0,0.00%,0
2021-07-19,0.00049,0.00049,0.00049,0.00049,0,0.00%,0
2021-07-16,0.00049,0.00049,0.00049,0.00049,0,0.00%,0
2021-07-15,0.00049,0.00049,0.00049,0.00049,-0.00001,-2.00%,0
2021-07-14,0.0005,0.0005,0.0005,0.0005,0.00001,+2.04%,0
2021-07-13,0.00049,0.00049,0.00049,0.00049,0,0.00%,0
2021-07-12,0.00049,0.00049,0.00049,0.00049,0,0.00%,0
2021-07-09,0.00049,0.00049,0.00049,0.00049,0,0.00%,0
2021-07-08,0.00049,0.00049,0.00049,0.00049,0,0.00%,0
2021-07-07,0.00049,0.00049,0.00049,0.00049,-0.00001,-2.00%,0
2021-07-06,0.0005,0.0005,0.0005,0.0005,0.00001,+2.04%,0
2021-07-02,0.00049,0.00049,0.00049,0.00049,0,0.00%,0
2021-07-01,0.00049,0.00049,0.00049,0.00049,0,0.00%,0
2021-06-30,0.00049,0.00049,0.00049,0.00049,-0.00001,-2.00%,0
2021-06-29,0.0005,0.0005,0.0005,0.0005,0,0.00%,0
2021-06-28,0.0005,0.0005,0.0005,0.0005,0.00002,+4.17%,0
2021-06-25,0.00048,0.00048,0.00048,0.00048,0,0.00%,0
2021-06-24,0.00048,0.00048,0.00048,0.00048,0.00001,+2.13%,0
2021-06-23,0.00047,0.00047,0.00047,0.00047,-0.00006,-11.32%,0
2021-06-22,0.00053,0.00053,0.00053,0.00053,0.00001,+1.92%,0
2021-06-21,0.00052,0.00052,0.00052,0.00052,0.00002,+4.00%,0
2021-06-18,0.0005,0.0005,0.0005,0.0005,0.00006,+13.64%,0
2021-06-17,0.00044,0.00044,0.00044,0.00044,0.00008,+22.22%,0
2021-06-16,0.00036,0.00036,0.00036,0.00036,0.00001,+2.86%,0
2021-06-15,0.00035,0.00035,0.00035,0.00035,0.00004,+12.90%,0
2021-06-14,0.00031,0.00031,0.00031,0.00031,-0.00001,-3.13%,0
2021-06-11,0.00032,0.00032,0.00032,0.00032,0,0.00%,0
2021-06-10,0.00032,0.00032,0.00032,0.00032,-0.00002,-5.88%,0
2021-06-09,0.00034,0.00034,0.00034,0.00034,0.00001,+3.03%,0
2021-06-08,0.00033,0.00033,0.00033,0.00033,0.00001,+3.13%,0
2021-06-07,0.00032,0.00032,0.00032,0.00032,0,0.00%,0
2021-06-04,0.00032,0.00032,0.00032,0.00032,-0.00001,-3.03%,0
2021-06-03,0.00033,0.00033,0.00033,0.00033,0.00002,+6.45%,0
2021-06-02,0.00031,0.00031,0.00031,0.00031,0.00001,+3.33%,0
2021-06-01,0.0003,0.0003,0.0003,0.0003,0.00001,+3.45%,0
2021-05-28,0.00029,0.00029,0.00029,0.00029,-0.00001,-3.33%,0
2021-05-27,0.0003,0.0003,0.0003,0.0003,-0.00002,-6.25%,0
2021-05-26,0.00032,0.00032,0.00032,0.00032,-0.00001,-3.03%,0
2021-05-25,0.00033,0.00033,0.00033,0.00033,0,0.00%,0
2021-05-24,0.00033,0.00033,0.00033,0.00033,0,0.00%,0
2021-05-21,0.00033,0.00033,0.00033,0.00033,0.00001,+3.13%,0
2021-05-20,0.00032,0.00032,0.00032,0.00032,0.00001,+3.23%,0
2021-05-19,0.00031,0.00031,0.00031,0.00031,0,0.00%,0
2021-05-18,0.00031,0.00031,0.00031,0.00031,-0.00002,-6.06%,0
2021-05-17,0.00033,0.00033,0.00033,0.00033,-0.00001,-2.94%,0
2021-05-14,0.00034,0.00034,0.00034,0.00034,0,0.00%,0
2021-05-13,0.00034,0.00034,0.00034,0.00034,0,0.00%,0
2021-05-12,0.00034,0.00034,0.00034,0.00034,0,0.00%,0
2021-05-11,0.00034,0.00034,0.00034,0.00034,-0.00002,-5.56%,0
2021-05-10,0.00036,0.00036,0.00036,0.00036,-0.00001,-2.70%,0
2021-05-07,0.00037,0.00037,0.00037,0.00037,-0.00004,-9.76%,0
2021-05-06,0.00041,0.00041,0.00041,0.00041,-0.00002,-4.65%,0
2021-05-05,0.00043,0.00043,0.00043,0.00043,0,0.00%,0
2021-05-04,0.00043,0.00043,0.00043,0.00043,0.00002,+4.88%,0
2021-05-03,0.00041,0.00041,0.00041,0.00041,0.00002,+5.13%,0
2021-04-30,0.00039,0.00039,0.00039,0.00039,0.00001,+2.63%,0
2021-04-29,0.00038,0.00038,0.00038,0.00038,-0.00001,-2.56%,0
2021-04-28,0.00039,0.00039,0.00039,0.00039,0,0.00%,0
2021-04-27,0.00039,0.00039,0.00039,0.00039,0.00001,+2.63%,0
2021-04-26,0.00038,0.00038,0.00038,0.00038,-0.00002,-5.00%,0
2021-04-23,0.0004,0.0004,0.0004,0.0004,0.00001,+2.56%,0
2021-04-22,0.00039,0.00039,0.00039,0.00039,0,0.00%,0
2021-04-21,0.00039,0.00039,0.00039,0.00039,0.00001,+2.63%,0
2021-04-20,0.00038,0.00038,0.00038,0.00038,-0.00003,-7.32%,0
2021-04-19,0.00041,0.00041,0.00041,0.00041,0,0.00%,0
2021-04-16,0.00041,0.00041,0.00041,0.00041,0.00002,+5.13%,0
2021-04-15,0.00039,0.00039,0.00039,0.00039,0.00002,+5.41%,0
2021-04-14,0.00037,0.00037,0.00037,0.00037,0.00001,+2.78%,0
2021-04-13,0.00036,0.00036,0.00036,0.00036,0,0.00%,0
2021-04-12,0.00036,0.00036,0.00036,0.00036,0.00001,+2.86%,0
2021-04-09,0.00035,0.00035,0.00035,0.00035,0.00001,+2.94%,0
2021-04-08,0.00034,0.00034,0.00034,0.00034,0.00004,+13.33%,0
2021-04-07,0.0003,0.0003,0.0003,0.0003,0.00001,+3.45%,0
2021-04-06,0.00029,0.00029,0.00029,0.00029,0.00001,+3.57%,0
2021-04-05,0.00028,0.00028,0.00028,0.00028,0,0.00%,0
2021-04-02,0.00028,0.00028,0.00028,0.00028,0,0.00%,0
2021-04-01,0.00028,0.00028,0.00028,0.00028,-0.00003,-9.68%,0
2021-03-31,0.00031,0.00031,0.00031,0.00031,0.00001,+3.33%,0
2021-03-30,0.0003,0.0003,0.0003,0.0003,0.00001,+3.45%,0
2021-03-29,0.00029,0.00029,0.00029,0.00029,0.00002,+7.41%,0
2021-03-26,0.00027,0.00027,0.00027,0.00027,-0.00001,-3.57%,0
2021-03-25,0.00028,0.00028,0.00028,0.00028,0.00001,+3.70%,0
2021-03-24,0.00027,0.00027,0.00027,0.00027,0.00003,+12.50%,0
2021-03-23,0.00024,0.00024,0.00024,0.00024,-0.00005,-17.24%,0
2021-03-22,0.00029,0.00029,0.00029,0.00029,-0.00006,-17.14%,0
2021-03-19,0.00035,0.00035,0.00035,0.00035,-0.00011,-23.91%,0
2021-03-18,0.00046,0.00046,0.00046,0.00046,-0.00002,-4.17%,0
2021-03-17,0.00048,0.00048,0.00048,0.00048,0.00001,+2.13%,0
2021-03-16,0.00047,0.00047,0.00047,0.00047,0.00002,+4.44%,0
2021-03-15,0.00045,0.00045,0.00045,0.00045,-0.00004,-8.16%,0
2021-03-12,0.00049,0.00049,0.00049,0.00049,0,0.00%,0
2021-03-11,0.00049,0.00049,0.00049,0.00049,0.00004,+8.89%,0
2021-03-10,0.00045,0.00045,0.00045,0.00045,-0.00001,-2.17%,0
2021-03-09,0.00046,0.00046,0.00046,0.00046,-0.00004,-8.00%,0
2021-03-08,0.0005,0.0005,0.0005,0.0005,-0.00001,-1.96%,0
2021-03-05,0.00051,0.00051,0.00051,0.00051,-0.00001,-1.92%,0
2021-03-04,0.00052,0.00052,0.00052,0.00052,-0.00001,-1.89%,0
2021-03-03,0.00053,0.00053,0.00053,0.00053,0.00002,+3.92%,0
2021-03-02,0.00051,0.00051,0.00051,0.00051,0,0.00%,0
2021-03-01,0.00051,0.00051,0.00051,0.00051,-0.00005,-8.93%,0
2021-02-26,0.00056,0.00056,0.00056,0.00056,0.00004,+7.69%,0
2021-02-25,0.00052,0.00052,0.00052,0.00052,0.00007,+15.56%,0
2021-02-24,0.00045,0.00045,0.00045,0.00045,0.00004,+9.76%,0
2021-02-23,0.00041,0.00041,0.00041,0.00041,0.00003,+7.89%,0
2021-02-22,0.00038,0.00038,0.00038,0.00038,-0.00001,-2.56%,0
2021-02-19,0.00039,0.00039,0.00039,0.00039,0,0.00%,0
2021-02-18,0.00039,0.00039,0.00039,0.00039,0,0.00%,0
2021-02-17,0.00039,0.00039,0.00039,0.00039,0.00001,+2.63%,0
2021-02-16,0.00038,0.00038,0.00038,0.00038,-0.00002,-5.00%,0
2021-02-12,0.0004,0.0004,0.0004,0.0004,0,0.00%,0
2021-02-11,0.0004,0.0004,0.0004,0.0004,-0.00001,-2.44%,0
2021-02-10,0.00041,0.00041,0.00041,0.00041,0.00001,+2.50%,0
2021-02-09,0.0004,0.0004,0.0004,0.0004,0.00002,+5.26%,0
2021-02-08,0.00038,0.00038,0.00038,0.00038,-0.00003,-7.32%,0
2021-02-05,0.00041,0.00041,0.00041,0.00041,-0.00006,-12.77%,0
2021-02-04,0.00047,0.00047,0.00047,0.00047,0.00002,+4.44%,0
2021-02-03,0.00045,0.00045,0.00045,0.00045,0.00003,+7.14%,0
2021-02-02,0.00042,0.00042,0.00042,0.00042,0,0.00%,0
2021-02-01,0.00042,0.00042,0.00042,0.00042,-0.00005,-10.64%,0
2021-01-29,0.00047,0.00047,0.00047,0.00047,0.00004,+9.30%,0
2021-01-28,0.00043,0.00043,0.00043,0.00043,-0.00003,-6.52%,0
2021-01-27,0.00046,0.00046,0.00046,0.00046,-0.00006,-11.54%,0
2021-01-26,0.00052,0.00052,0.00052,0.00052,-0.00001,-1.89%,0
2021-01-25,0.00053,0.00053,0.00053,0.00053,-0.00002,-3.64%,0
2021-01-22,0.00055,0.00055,0.00055,0.00055,-0.00005,-8.33%,0
2021-01-21,0.0006,0.0006,0.0006,0.0006,-0.00003,-4.76%,0
2021-01-20,0.00063,0.00063,0.00063,0.00063,-0.00001,-1.56%,0
2021-01-19,0.00064,0.00064,0.00064,0.00064,-0.00002,-3.03%,0
2021-01-15,0.00066,0.00066,0.00066,0.00066,0.00002,+3.13%,0
2021-01-14,0.00064,0.00064,0.00064,0.00064,-0.00001,-1.54%,0
2021-01-13,0.00065,0.00065,0.00065,0.00065,0.00004,+6.56%,0
2021-01-12,0.00061,0.00061,0.00061,0.00061,-0.00003,-4.69%,0
2021-01-11,0.00064,0.00064,0.00064,0.00064,-0.00002,-3.03%,0
2021-01-08,0.00066,0.00066,0.00066,0.00066,0.00001,+1.54%,0
2021-01-07,0.00065,0.00065,0.00065,0.00065,0.00006,+10.17%,0
2021-01-06,0.00059,0.00059,0.00059,0.00059,0.00003,+5.36%,0
2021-01-05,0.00056,0.00056,0.00056,0.00056,-0.00001,-1.75%,0
2021-01-04,0.00057,0.00057,0.00057,0.00057,-0.00002,-3.39%,0
2020-12-31,0.00059,0.00059,0.00059,0.00059,-0.00001,-1.67%,0
2020-12-30,0.0006,0.0006,0.0006,0.0006,0,0.00%,0
2020-12-29,0.0006,0.0006,0.0006,0.0006,0.00001,+1.69%,0
2020-12-28,0.00059,0.00059,0.00059,0.00059,0.00001,+1.72%,0
2020-12-24,0.00058,0.00058,0.00058,0.00058,0,0.00%,0
2020-12-23,0.00058,0.00058,0.00058,0.00058,0.00001,+1.75%,0
2020-12-22,0.00057,0.00057,0.00057,0.00057,0.00001,+1.79%,0
2020-12-21,0.00056,0.00056,0.00056,0.00056,-0.00004,-6.67%,0
2020-12-18,0.0006,0.0006,0.0006,0.0006,0.00002,+3.45%,0
2020-12-17,0.00058,0.00058,0.00058,0.00058,0.00001,+1.75%,0
2020-12-16,0.00057,0.00057,0.00057,0.00057,0.00001,+1.79%,0
2020-12-15,0.00056,0.00056,0.00056,0.00056,0.00001,+1.82%,0
2020-12-14,0.00055,0.00055,0.00055,0.00055,-0.00004,-6.78%,0
2020-12-11,0.00059,0.00059,0.00059,0.00059,0.00001,+1.72%,0
2020-12-10,0.00058,0.00058,0.00058,0.00058,-0.00002,-3.33%,0
2020-12-09,0.0006,0.0006,0.0006,0.0006,0,0.00%,0
2020-12-08,0.0006,0.0006,0.0006,0.0006,-0.00005,-7.69%,0
2020-12-07,0.00065,0.00065,0.00065,0.00065,-0.00001,-1.52%,0
2020-12-04,0.00066,0.00066,0.00066,0.00066,-0.00003,-4.35%,0
2020-12-03,0.00069,0.00069,0.00069,0.00069,0.00002,+2.99%,0
2020-12-02,0.00067,0.00067,0.00067,0.00067,0,0.00%,0
2020-12-01,0.00067,0.00067,0.00067,0.00067,-0.00001,-1.47%,0
2020-11-30,0.00068,0.00068,0.00068,0.00068,-0.00001,-1.45%,0
2020-11-27,0.00069,0.00069,0.00069,0.00069,0.00002,+2.99%,0
2020-11-25,0.00067,0.00067,0.00067,0.00067,0.00001,+1.52%,0
2020-11-24,0.00066,0.00066,0.00066,0.00066,0,0.00%,0
2020-11-23,0.00066,0.00066,0.00066,0.00066,-0.00007,-9.59%,0
2020-11-20,0.00073,0.00073,0.00073,0.00073,-0.00005,-6.41%,0
2020-11-19,0.00078,0.00078,0.00078,0.00078,-0.00001,-1.27%,0
2020-11-18,0.00079,0.00079,0.00079,0.00079,-0.00002,-2.47%,0
2020-11-17,0.00081,0.00081,0.00081,0.00081,0,0.00%,0
2020-11-16,0.00081,0.00081,0.00081,0.00081,-0.00002,-2.41%,0
2020-11-13,0.00083,0.00083,0.00083,0.00083,0,0.00%,0
2020-11-12,0.00083,0.00083,0.00083,0.00083,-0.00002,-2.35%,0
2020-11-10,0.00085,0.00085,0.00085,0.00085,0.00001,+1.19%,0
2020-11-09,0.00084,0.00084,0.00084,0.00084,0.00001,+1.20%,0
2020-11-06,0.00083,0.00083,0.00083,0.00083,0.00003,+3.75%,0
2020-11-05,0.0008,0.0008,0.0008,0.0008,0,0.00%,0
2020-11-04,0.0008,0.0008,0.0008,0.0008,0.00003,+3.90%,0
2020-11-03,0.00077,0.00077,0.00077,0.00077,0,0.00%,0
2020-11-02,0.00077,0.00077,0.00077,0.00077,-0.00001,-1.28%,0
2020-10-30,0.00078,0.00078,0.00078,0.00078,0.00001,+1.30%,0
2020-10-29,0.00077,0.00077,0.00077,0.00077,-0.00001,-1.28%,0
2020-10-28,0.00078,0.00078,0.00078,0.00078,0.00001,+1.30%,0
2020-10-27,0.00077,0.00077,0.00077,0.00077,-0.00004,-4.94%,0
2020-10-26,0.00081,0.00081,0.00081,0.00081,0.00002,+2.53%,0
2020-10-23,0.00079,0.00079,0.00079,0.00079,0.00002,+2.60%,0
2020-10-22,0.00077,0.00077,0.00077,0.00077,-0.00001,-1.28%,0
2020-10-21,0.00078,0.00078,0.00078,0.00078,0,0.00%,0
2020-10-20,0.00078,0.00078,0.00078,0.00078,0,0.00%,0
2020-10-19,0.00078,0.00078,0.00078,0.00078,0.00003,+4.00%,0
2020-10-16,0.00075,0.00075,0.00075,0.00075,0.00002,+2.74%,0
2020-10-15,0.00073,0.00073,0.00073,0.00073,0.00001,+1.39%,0
2020-10-14,0.00072,0.00072,0.00072,0.00072,0,0.00%,0
2020-10-13,0.00072,0.00072,0.00072,0.00072,0,0.00%,0
2020-10-09,0.00072,0.00072,0.00072,0.00072,0.00001,+1.41%,0
2020-10-08,0.00071,0.00071,0.00071,0.00071,0,0.00%,0
2020-10-07,0.00071,0.00071,0.00071,0.00071,0.00001,+1.43%,0
2020-10-06,0.0007,0.0007,0.0007,0.0007,0.00002,+2.94%,0
2020-10-05,0.00068,0.00068,0.00068,0.00068,0,0.00%,0
2020-10-02,0.00068,0.00068,0.00068,0.00068,0,0.00%,0
2020-10-01,0.00068,0.00068,0.00068,0.00068,0.00001,+1.49%,0
2020-09-30,0.00067,0.00067,0.00067,0.00067,-0.00002,-2.90%,0
2020-09-29,0.00069,0.00069,0.00069,0.00069,0,0.00%,0
2020-09-28,0.00069,0.00069,0.00069,0.00069,0.00001,+1.47%,0
2020-09-25,0.00068,0.00068,0.00068,0.00068,-0.00002,-2.86%,0
2020-09-24,0.0007,0.0007,0.0007,0.0007,0.00001,+1.45%,0
2020-09-23,0.00069,0.00069,0.00069,0.00069,-0.00002,-2.82%,0
2020-09-22,0.00071,0.00071,0.00071,0.00071,-0.00002,-2.74%,0
2020-09-21,0.00073,0.00073,0.00073,0.00073,0.00002,+2.82%,0
2020-09-18,0.00071,0.00071,0.00071,0.00071,-0.00001,-1.39%,0
2020-09-17,0.00072,0.00072,0.00072,0.00072,-0.00003,-4.00%,0
2020-09-16,0.00075,0.00075,0.00075,0.00075,0.00002,+2.74%,0
2020-09-15,0.00073,0.00073,0.00073,0.00073,-0.00003,-3.95%,0
2020-09-14,0.00076,0.00076,0.00076,0.00076,-0.00002,-2.56%,0
2020-09-11,0.00078,0.00078,0.00078,0.00078,-0.00001,-1.27%,0
2020-09-10,0.00079,0.00079,0.00079,0.00079,0.00002,+2.60%,0
2020-09-09,0.00077,0.00077,0.00077,0.00077,0.00002,+2.67%,0
2020-09-08,0.00075,0.00075,0.00075,0.00075,0.00004,+5.63%,0
2020-09-04,0.00071,0.00071,0.00071,0.00071,0,0.00%,0
2020-09-03,0.00071,0.00071,0.00071,0.00071,-0.00001,-1.39%,0
2020-09-02,0.00072,0.00072,0.00072,0.00072,0.00001,+1.41%,0
2020-09-01,0.00071,0.00071,0.00071,0.00071,0.00003,+4.41%,0
2020-08-31,0.00068,0.00068,0.00068,0.00068,-0.00005,-6.85%,0
2020-08-28,0.00073,0.00073,0.00073,0.00073,-0.00004,-5.19%,0
2020-08-27,0.00077,0.00077,0.00077,0.00077,0.00001,+1.32%,0
2020-08-26,0.00076,0.00076,0.00076,0.00076,0.00007,+10.14%,0
2020-08-25,0.00069,0.00069,0.00069,0.00069,0.00001,+1.47%,0
2020-08-24,0.00068,0.00068,0.00068,0.00068,-0.00002,-2.86%,0
2020-08-21,0.0007,0.0007,0.0007,0.0007,-0.00005,-6.67%,0
2020-08-20,0.00075,0.00075,0.00075,0.00075,-0.00005,-6.25%,0
2020-08-19,0.0008,0.0008,0.0008,0.0008,0,0.00%,0
2020-08-18,0.0008,0.0008,0.0008,0.0008,0,0.00%,0
2020-08-17,0.0008,0.0008,0.0008,0.0008,0.00004,+5.26%,0
2020-08-14,0.00076,0.00076,0.00076,0.00076,0.00002,+2.70%,0
2020-08-13,0.00074,0.00074,0.00074,0.00074,0.00004,+5.71%,0
2020-08-12,0.0007,0.0007,0.0007,0.0007,0.00002,+2.94%,0
2020-08-11,0.00068,0.00068,0.00068,0.00068,0,0.00%,0
2020-08-10,0.00068,0.00068,0.00068,0.00068,0,0.00%,0
2020-08-07,0.00068,0.00068,0.00068,0.00068,0.00003,+4.62%,0
2020-08-06,0.00065,0.00065,0.00065,0.00065,-0.00001,-1.52%,0
2020-08-05,0.00066,0.00066,0.00066,0.00066,0.00002,+3.13%,0
2020-08-04,0.00064,0.00064,0.00064,0.00064,-0.00001,-1.54%,0
2020-08-03,0.00065,0.00065,0.00065,0.00065,0.00001,+1.56%,0
2020-07-31,0.00064,0.00064,0.00064,0.00064,-0.00002,-3.03%,0
2020-07-30,0.00066,0.00066,0.00066,0.00066,-0.00004,-5.71%,0
2020-07-29,0.0007,0.0007,0.0007,0.0007,-0.00002,-2.78%,0
2020-07-28,0.00072,0.00072,0.00072,0.00072,0.00002,+2.86%,0
2020-07-27,0.0007,0.0007,0.0007,0.0007,-0.00002,-2.78%,0
2020-07-24,0.00072,0.00072,0.00072,0.00072,-0.00002,-2.70%,0
2020-07-23,0.00074,0.00074,0.00074,0.00074,-0.00001,-1.33%,0
2020-07-22,0.00075,0.00075,0.00075,0.00075,0.00001,+1.35%,0
2020-07-21,0.00074,0.00074,0.00074,0.00074,0.00001,+1.37%,0
2020-07-20,0.00073,0.00073,0.00073,0.00073,0.00002,+2.82%,0
2020-07-17,0.00071,0.00071,0.00071,0.00071,-0.00004,-5.33%,0
2020-07-16,0.00075,0.00075,0.00075,0.00075,0,0.00%,0
2020-07-15,0.00075,0.00075,0.00075,0.00075,0.00001,+1.35%,0
2020-07-14,0.00074,0.00074,0.00074,0.00074,0.00003,+4.23%,0
2020-07-13,0.00071,0.00071,0.00071,0.00071,0.00002,+2.90%,0
2020-07-10,0.00069,0.00069,0.00069,0.00069,-0.00001,-1.43%,0
2020-07-09,0.0007,0.0007,0.0007,0.0007,-0.00003,-4.11%,0
2020-07-08,0.00073,0.00073,0.00073,0.00073,0,0.00%,0
2020-07-07,0.00073,0.00073,0.00073,0.00073,0.00003,+4.29%,0
2020-07-06,0.0007,0.0007,0.0007,0.0007,0.0001,+16.67%,0
2020-07-02,0.0006,0.0006,0.0006,0.0006,0.00003,+5.26%,0
2020-07-01,0.00057,0.00057,0.00057,0.00057,-0.00002,-3.39%,0
2020-06-30,0.00059,0.00059,0.00059,0.00059,-0.00004,-6.35%,0
2020-06-29,0.00063,0.00063,0.00063,0.00063,-0.00003,-4.55%,0
2020-06-26,0.00066,0.00066,0.00066,0.00066,-0.00003,-4.35%,0
2020-06-25,0.00069,0.00069,0.00069,0.00069,-0.00002,-2.82%,0
2020-06-24,0.00071,0.00071,0.00071,0.00071,-0.00002,-2.74%,0
2020-06-23,0.00073,0.00073,0.00073,0.00073,-0.00005,-6.41%,0
2020-06-22,0.00078,0.00078,0.00078,0.00078,-0.00002,-2.50%,0
2020-06-19,0.0008,0.0008,0.0008,0.0008,-0.00007,-8.05%,0
2020-06-18,0.00087,0.00087,0.00087,0.00087,-0.00002,-2.25%,0
2020-06-17,0.00089,0.00089,0.00089,0.00089,-0.00004,-4.30%,0
2020-06-16,0.00093,0.00093,0.00093,0.00093,0,0.00%,0
2020-06-15,0.00093,0.00093,0.00093,0.00093,0.00024,+34.78%,0
2020-06-12,0.00069,0.00069,0.00069,0.00069,-0.00005,-6.76%,0
2020-06-11,0.00074,0.00074,0.00074,0.00074,-0.00004,-5.13%,0
2020-06-10,0.00078,0.00078,0.00078,0.00078,0,0.00%,0
2020-06-09,0.00078,0.00078,0.00078,0.00078,0.00003,+4.00%,0
2020-06-08,0.00075,0.00075,0.00075,0.00075,0.00001,+1.35%,0
2020-06-05,0.00074,0.00074,0.00074,0.00074,0.00003,+4.23%,0
2020-06-04,0.00071,0.00071,0.00071,0.00071,0.00004,+5.97%,0
2020-06-03,0.00067,0.00067,0.00067,0.00067,0,0.00%,0
2020-06-02,0.00067,0.00067,0.00067,0.00067,0.00001,+1.52%,0
2020-06-01,0.00066,0.00066,0.00066,0.00066,-0.00003,-4.35%,0
2020-05-29,0.00069,0.00069,0.00069,0.00069,0.00004,+6.15%,0
2020-05-28,0.00065,0.00065,0.00065,0.00065,0.00003,+4.84%,0
2020-05-27,0.00062,0.00062,0.00062,0.00062,0.00007,+12.73%,0
2020-05-26,0.00055,0.00055,0.00055,0.00055,0,0.00%,0
2020-05-22,0.00055,0.00055,0.00055,0.00055,-0.00006,-9.84%,0
2020-05-21,0.00061,0.00061,0.00061,0.00061,-0.00003,-4.69%,0
2020-05-20,0.00064,0.00064,0.00064,0.00064,0,0.00%,0
2020-05-19,0.00064,0.00064,0.00064,0.00064,0.00009,+16.36%,0
2020-05-18,0.00055,0.00055,0.00055,0.00055,-0.00003,-5.17%,0
2020-05-15,0.00058,0.00058,0.00058,0.00058,0.00001,+1.75%,0
2020-05-14,0.00057,0.00057,0.00057,0.00057,-0.00003,-5.00%,0
2020-05-13,0.0006,0.0006,0.0006,0.0006,0.00006,+11.11%,0
2020-05-12,0.00054,0.00054,0.00054,0.00054,0.0001,+22.73%,0
2020-05-11,0.00044,0.00044,0.00044,0.00044,0.00003,+7.32%,0
2020-05-08,0.00041,0.00041,0.00041,0.00041,-0.00001,-2.38%,0
2020-05-07,0.00042,0.00042,0.00042,0.00042,-0.00001,-2.33%,0
2020-05-06,0.00043,0.00043,0.00043,0.00043,0.00013,+43.33%,0
2020-05-05,0.0003,0.0003,0.0003,0.0003,-0.00015,-33.33%,0
2020-05-04,0.00045,0.00045,0.00045,0.00045,0.00014,+45.16%,0
2020-05-01,0.00031,0.00031,0.00031,0.00031,-0.00016,-34.04%,0
2020-04-29,0.00047,0.00047,0.00047,0.00047,-0.00003,-6.00%,0
2020-04-28,0.0005,0.0005,0.0005,0.0005,-0.00004,-7.41%,0
2020-04-27,0.00054,0.00054,0.00054,0.00054,-0.00001,-1.82%,0
2020-04-24,0.00055,0.00055,0.00055,0.00055,0.00003,+5.77%,0
2020-04-23,0.00052,0.00052,0.00052,0.00052,-0.00003,-5.45%,0
2020-04-22,0.00055,0.00055,0.00055,0.00055,-0.00008,-12.70%,0
2020-04-21,0.00063,0.00063,0.00063,0.00063,-0.00005,-7.35%,0
2020-04-20,0.00068,0.00068,0.00068,0.00068,-0.00005,-6.85%,0
2020-04-17,0.00073,0.00073,0.00073,0.00073,0.00001,+1.39%,0
2020-04-16,0.00072,0.00072,0.00072,0.00072,-0.00004,-5.26%,0
2020-04-15,0.00076,0.00076,0.00076,0.00076,0.00008,+11.76%,0
2020-04-14,0.00068,0.00068,0.00068,0.00068,0.00003,+4.62%,0
2020-04-13,0.00065,0.00065,0.00065,0.00065,-0.00003,-4.41%,0
2020-04-09,0.00068,0.00068,0.00068,0.00068,-0.00003,-4.23%,0
2020-04-08,0.00071,0.00071,0.00071,0.00071,0.00001,+1.43%,0
2020-04-07,0.0007,0.0007,0.0007,0.0007,0.00008,+12.90%,0
2020-04-06,0.00062,0.00062,0.00062,0.00062,-0.00002,-3.13%,0
2020-04-03,0.00064,0.00064,0.00064,0.00064,-0.00002,-3.03%,0
2020-04-02,0.00066,0.00066,0.00066,0.00066,0.00007,+11.86%,0
2020-04-01,0.00059,0.00059,0.00059,0.00059,0.00001,+1.72%,0
2020-03-31,0.00058,0.00058,0.00058,0.00058,0.00007,+13.73%,0
2020-03-30,0.00051,0.00051,0.00051,0.00051,-0.00004,-7.27%,0
2020-03-27,0.00055,0.00055,0.00055,0.00055,-0.00013,-19.12%,0
2020-03-26,0.00068,0.00068,0.00068,0.00068,0.00004,+6.25%,0
2020-03-25,0.00064,0.00064,0.00064,0.00064,-0.00005,-7.25%,0
2020-03-24,0.00069,0.00069,0.00069,0.00069,-0.00018,-20.69%,0
2020-03-23,0.00087,0.00087,0.00087,0.00087,-0.00013,-13.00%,0
2020-03-20,0.001,0.001,0.001,0.001,-0.00018,-15.25%,0
2020-03-19,0.00118,0.00118,0.00118,0.00118,0,0.00%,0
2020-03-18,0.00118,0.00118,0.00118,0.00118,0.00008,+7.27%,0
2020-03-17,0.0011,0.0011,0.0011,0.0011,-0.00034,-23.61%,0
2020-03-16,0.00144,0.00144,0.00144,0.00144,-0.00019,-11.66%,0
2020-03-13,0.00163,0.00163,0.00163,0.00163,-0.0008,-32.92%,0
2020-03-12,0.00243,0.00243,0.00243,0.00243,-0.00066,-21.36%,0
2020-03-11,0.00309,0.00309,0.00309,0.00309,0.00058,+23.11%,0
2020-03-10,0.00251,0.00251,0.00251,0.00251,-0.00168,-40.10%,0
2020-03-09,0.00419,0.00419,0.00419,0.00419,-0.00115,-21.54%,0
2020-03-06,0.00534,0.00534,0.00534,0.00534,-0.00094,-14.97%,0
2020-03-05,0.00628,0.00628,0.00628,0.00628,-0.00171,-21.40%,0
2020-03-04,0.00799,0.00799,0.00799,0.00799,-0.00106,-11.71%,0
2020-03-03,0.00905,0.00905,0.00905,0.00905,-0.00204,-18.39%,0
2020-03-02,0.01109,0.01109,0.01109,0.01109,-0.0014,-11.21%,0
2020-02-28,0.01249,0.01249,0.01249,0.01249,-0.00111,-8.16%,0
2020-02-27,0.0136,0.0136,0.0136,0.0136,-0.00035,-2.51%,0
2020-02-26,0.01395,0.01395,0.01395,0.01395,-0.00017,-1.20%,0
2020-02-25,0.01412,0.01412,0.01412,0.01412,-0.00064,-4.34%,0
2020-02-24,0.01476,0.01476,0.01476,0.01476,-0.00021,-1.40%,0
2020-02-21,0.01497,0.01497,0.01497,0.01497,-0.00004,-0.27%,0
2020-02-20,0.01501,0.01501,0.01501,0.01501,0.00011,+0.74%,0
2020-02-19,0.0149,0.0149,0.0149,0.0149,-0.00009,-0.60%,0
2020-02-18,0.01499,0.01499,0.01499,0.01499,-0.00007,-0.46%,0
2020-02-14,0.01506,0.01506,0.01506,0.01506,-0.00012,-0.79%,0
2020-02-13,0.01518,0.01518,0.01518,0.01518,0,0.00%,0
2020-02-12,0.01518,0.01518,0.01518,0.01518,0.00015,+1.00%,0
2020-02-11,0.01503,0.01503,0.01503,0.01503,-0.00026,-1.70%,0
2020-02-10,0.01529,0.01529,0.01529,0.01529,-0.00016,-1.04%,0
2020-02-07,0.01545,0.01545,0.01545,0.01545,0.00001,+0.06%,0
2020-02-06,0.01544,0.01544,0.01544,0.01544,0.00011,+0.72%,0
2020-02-05,0.01533,0.01533,0.01533,0.01533,0.00032,+2.13%,0
2020-02-04,0.01501,0.01501,0.01501,0.01501,-0.0001,-0.66%,0
2020-02-03,0.01511,0.01511,0.01511,0.01511,-0.00015,-0.98%,0
2020-01-31,0.01526,0.01526,0.01526,0.01526,-0.00025,-1.61%,0
2020-01-30,0.01551,0.01551,0.01551,0.01551,0.00003,+0.19%,0
2020-01-29,0.01548,0.01548,0.01548,0.01548,0.00011,+0.72%,0
2020-01-28,0.01537,0.01537,0.01537,0.01537,-0.00023,-1.47%,0
2020-01-27,0.0156,0.0156,0.0156,0.0156,-0.00002,-0.13%,0
2020-01-24,0.01562,0.01562,0.01562,0.01562,-0.00004,-0.26%,0
2020-01-23,0.01566,0.01566,0.01566,0.01566,-0.00002,-0.13%,0
2020-01-22,0.01568,0.01568,0.01568,0.01568,-0.00009,-0.57%,0
2020-01-21,0.01577,0.01577,0.01577,0.01577,0,0.00%,0
2020-01-17,0.01577,0.01577,0.01577,0.01577,-0.00001,-0.06%,0
2020-01-16,0.01578,0.01578,0.01578,0.01578,-0.00005,-0.32%,0
2020-01-15,0.01583,0.01583,0.01583,0.01583,0.00002,+0.13%,0
2020-01-14,0.01581,0.01581,0.01581,0.01581,0.00009,+0.57%,0
2020-01-13,0.01572,0.01572,0.01572,0.01572,-0.00004,-0.25%,0
2020-01-10,0.01576,0.01576,0.01576,0.01576,0.00006,+0.38%,0
2020-01-09,0.0157,0.0157,0.0157,0.0157,0.00006,+0.38%,0
2020-01-08,0.01564,0.01564,0.01564,0.01564,0,0.00%,0
2020-01-07,0.01564,0.01564,0.01564,0.01564,0.00021,+1.36%,0
2020-01-06,0.01543,0.01543,0.01543,0.01543,-0.00011,-0.71%,0
2020-01-03,0.01554,0.01554,0.01554,0.01554,-0.00002,-0.13%,0
2020-01-02,0.01556,0.01556,0.01556,0.01556,-0.00006,-0.38%,0
2019-12-31,0.01562,0.01562,0.01562,0.01562,0,0.00%,0
2019-12-30,0.01562,0.01562,0.01562,0.01562,-0.00008,-0.51%,0
2019-12-27,0.0157,0.0157,0.0157,0.0157,-0.00002,-0.13%,0
2019-12-26,0.01572,0.01572,0.01572,0.01572,0.00002,+0.13%,0
2019-12-24,0.0157,0.0157,0.0157,0.0157,0.00005,+0.32%,0
2019-12-23,0.01565,0.01565,0.01565,0.01565,0,0.00%,0
2019-12-20,0.01565,0.01565,0.01565,0.01565,-0.00007,-0.45%,0
2019-12-19,0.01572,0.01572,0.01572,0.01572,0,0.00%,0
2019-12-18,0.01572,0.01572,0.01572,0.01572,-0.00002,-0.13%,0
2019-12-17,0.01574,0.01574,0.01574,0.01574,0.00004,+0.25%,0
2019-12-16,0.0157,0.0157,0.0157,0.0157,-0.00006,-0.38%,0
2019-12-13,0.01576,0.01576,0.01576,0.01576,0.00002,+0.13%,0
2019-12-12,0.01574,0.01574,0.01574,0.01574,0.00005,+0.32%,0
2019-12-11,0.01569,0.01569,0.01569,0.01569,0.00003,+0.19%,0
2019-12-10,0.01566,0.01566,0.01566,0.01566,-0.00002,-0.13%,0
2019-12-09,0.01568,0.01568,0.01568,0.01568,0.00011,+0.71%,0
2019-12-06,0.01557,0.01557,0.01557,0.01557,0,0.00%,0
2019-12-05,0.01557,0.01557,0.01557,0.01557,0.00002,+0.13%,0
2019-12-04,0.01555,0.01555,0.01555,0.01555,-0.00022,-1.40%,0
2019-12-03,0.01577,0.01577,0.01577,0.01577,-0.00004,-0.25%,0
2019-12-02,0.01581,0.01581,0.01581,0.01581,0.00004,+0.25%,0
2019-11-29,0.01577,0.01577,0.01577,0.01577,0.00001,+0.06%,0
2019-11-27,0.01576,0.01576,0.01576,0.01576,-0.00004,-0.25%,0
2019-11-26,0.0158,0.0158,0.0158,0.0158,0.00005,+0.32%,0
2019-11-25,0.01575,0.01575,0.01575,0.01575,0.00007,+0.45%,0
2019-11-22,0.01568,0.01568,0.01568,0.01568,0.00022,+1.42%,0
2019-11-21,0.01546,0.01546,0.01546,0.01546,-0.00005,-0.32%,0
2019-11-20,0.01551,0.01551,0.01551,0.01551,0.00004,+0.26%,0
2019-11-19,0.01547,0.01547,0.01547,0.01547,-0.00005,-0.32%,0
2019-11-18,0.01552,0.01552,0.01552,0.01552,0.00007,+0.45%,0
2019-11-15,0.01545,0.01545,0.01545,0.01545,-0.00014,-0.90%,0
2019-11-14,0.01559,0.01559,0.01559,0.01559,-0.00009,-0.57%,0
2019-11-13,0.01568,0.01568,0.01568,0.01568,0.00007,+0.45%,0
2019-11-12,0.01561,0.01561,0.01561,0.01561,-0.00007,-0.45%,0
2019-11-08,0.01568,0.01568,0.01568,0.01568,0.00019,+1.23%,0
2019-11-07,0.01549,0.01549,0.01549,0.01549,-0.00011,-0.71%,0
2019-11-06,0.0156,0.0156,0.0156,0.0156,0.00007,+0.45%,0
2019-11-05,0.01553,0.01553,0.01553,0.01553,0.00016,+1.04%,0
2019-11-04,0.01537,0.01537,0.01537,0.01537,0.00021,+1.39%,0
2019-11-01,0.01516,0.01516,0.01516,0.01516,-0.00026,-1.69%,0
2019-10-31,0.01542,0.01542,0.01542,0.01542,-0.00016,-1.03%,0
2019-10-30,0.01558,0.01558,0.01558,0.01558,-0.0001,-0.64%,0
2019-10-29,0.01568,0.01568,0.01568,0.01568,0.0001,+0.64%,0
2019-10-28,0.01558,0.01558,0.01558,0.01558,0.00015,+0.97%,0
2019-10-25,0.01543,0.01543,0.01543,0.01543,-0.00004,-0.26%,0
2019-10-24,0.01547,0.01547,0.01547,0.01547,-0.00018,-1.15%,0
2019-10-23,0.01565,0.01565,0.01565,0.01565,-0.00007,-0.45%,0
2019-10-22,0.01572,0.01572,0.01572,0.01572,0.00001,+0.06%,0
2019-10-21,0.01571,0.01571,0.01571,0.01571,-0.00016,-1.01%,0
2019-10-18,0.01587,0.01587,0.01587,0.01587,-0.00002,-0.13%,0
2019-10-17,0.01589,0.01589,0.01589,0.01589,-0.00023,-1.43%,0
2019-10-16,0.01612,0.01612,0.01612,0.01612,-0.00001,-0.06%,0
2019-10-15,0.01613,0.01613,0.01613,0.01613,0.00046,+2.94%,0
2019-10-11,0.01567,0.01567,0.01567,0.01567,0.00026,+1.69%,0
2019-10-10,0.01541,0.01541,0.01541,0.01541,-0.0001,-0.64%,0
2019-10-09,0.01551,0.01551,0.01551,0.01551,-0.00007,-0.45%,0
2019-10-08,0.01558,0.01558,0.01558,0.01558,-0.00002,-0.13%,0
2019-10-07,0.0156,0.0156,0.0156,0.0156,0.00006,+0.39%,0
2019-10-04,0.01554,0.01554,0.01554,0.01554,-0.0006,-3.72%,0
2019-10-03,0.01614,0.01614,0.01614,0.01614,-0.00054,-3.24%,0
2019-10-02,0.01668,0.01668,0.01668,0.01668,-0.00038,-2.23%,0
2019-10-01,0.01706,0.01706,0.01706,0.01706,-0.0001,-0.58%,0
2019-09-30,0.01716,0.01716,0.01716,0.01716,-0.00004,-0.23%,0
2019-09-27,0.0172,0.0172,0.0172,0.0172,-0.00013,-0.75%,0
2019-09-26,0.01733,0.01733,0.01733,0.01733,-0.00007,-0.40%,0
2019-09-25,0.0174,0.0174,0.0174,0.0174,-0.00006,-0.34%,0
2019-09-24,0.01746,0.01746,0.01746,0.01746,-0.00036,-2.02%,0
2019-09-23,0.01782,0.01782,0.01782,0.01782,-0.00036,-1.98%,0
2019-09-20,0.01818,0.01818,0.01818,0.01818,0.00034,+1.91%,0
2019-09-19,0.01784,0.01784,0.01784,0.01784,-0.00017,-0.94%,0
2019-09-18,0.01801,0.01801,0.01801,0.01801,-0.00002,-0.11%,0
2019-09-17,0.01803,0.01803,0.01803,0.01803,0.00009,+0.50%,0
2019-09-16,0.01794,0.01794,0.01794,0.01794,0.00029,+1.64%,0
2019-09-13,0.01765,0.01765,0.01765,0.01765,0.00016,+0.91%,0
2019-09-12,0.01749,0.01749,0.01749,0.01749,0.00002,+0.11%,0
2019-09-11,0.01747,0.01747,0.01747,0.01747,0.00011,+0.63%,0
2019-09-10,0.01736,0.01736,0.01736,0.01736,0.00005,+0.29%,0
2019-09-09,0.01731,0.01731,0.01731,0.01731,0.00002,+0.12%,0
2019-09-06,0.01729,0.01729,0.01729,0.01729,0.0004,+2.37%,0
2019-09-05,0.01689,0.01689,0.01689,0.01689,-0.00031,-1.80%,0
2019-09-04,0.0172,0.0172,0.0172,0.0172,-0.00038,-2.16%,0
2019-09-03,0.01758,0.01758,0.01758,0.01758,0.00003,+0.17%,0
2019-08-30,0.01755,0.01755,0.01755,0.01755,0.00014,+0.80%,0
2019-08-29,0.01741,0.01741,0.01741,0.01741,-0.0003,-1.69%,0
2019-08-28,0.01771,0.01771,0.01771,0.01771,0.00015,+0.85%,0
2019-08-27,0.01756,0.01756,0.01756,0.01756,0.00012,+0.69%,0
2019-08-26,0.01744,0.01744,0.01744,0.01744,-0.00037,-2.08%,0
2019-08-23,0.01781,0.01781,0.01781,0.01781,0.00037,+2.12%,0
2019-08-22,0.01744,0.01744,0.01744,0.01744,-0.00002,-0.11%,0
2019-08-21,0.01746,0.01746,0.01746,0.01746,-0.00013,-0.74%,0
2019-08-20,0.01759,0.01759,0.01759,0.01759,0.00023,+1.32%,0
2019-08-19,0.01736,0.01736,0.01736,0.01736,-0.00004,-0.23%,0
2019-08-16,0.0174,0.0174,0.0174,0.0174,-0.00035,-1.97%,0
2019-08-15,0.01775,0.01775,0.01775,0.01775,-0.00038,-2.10%,0
2019-08-14,0.01813,0.01813,0.01813,0.01813,0.00033,+1.85%,0
2019-08-13,0.0178,0.0178,0.0178,0.0178,-0.00025,-1.39%,0
2019-08-12,0.01805,0.01805,0.01805,0.01805,-0.00001,-0.06%,0
2019-08-09,0.01806,0.01806,0.01806,0.01806,0.00041,+2.32%,0
2019-08-08,0.01765,0.01765,0.01765,0.01765,-0.00066,-3.60%,0
2019-08-07,0.01831,0.01831,0.01831,0.01831,-0.00003,-0.16%,0
2019-08-06,0.01834,0.01834,0.01834,0.01834,-0.0009,-4.68%,0
2019-08-05,0.01924,0.01924,0.01924,0.01924,-0.0009,-4.47%,0
2019-08-02,0.02014,0.02014,0.02014,0.02014,0.00017,+0.85%,0
2019-08-01,0.01997,0.01997,0.01997,0.01997,-0.00014,-0.70%,0
2019-07-31,0.02011,0.02011,0.02011,0.02011,0.00007,+0.35%,0
2019-07-30,0.02004,0.02004,0.02004,0.02004,-0.0002,-0.99%,0
2019-07-29,0.02024,0.02024,0.02024,0.02024,0.00013,+0.65%,0
2019-07-26,0.02011,0.02011,0.02011,0.02011,0.00014,+0.70%,0
2019-07-25,0.01997,0.01997,0.01997,0.01997,-0.0001,-0.50%,0
2019-07-24,0.02007,0.02007,0.02007,0.02007,0.00015,+0.75%,0
2019-07-23,0.01992,0.01992,0.01992,0.01992,0.00021,+1.07%,0
2019-07-22,0.01971,0.01971,0.01971,0.01971,-0.00008,-0.40%,0
2019-07-19,0.01979,0.01979,0.01979,0.01979,-0.00018,-0.90%,0
2019-07-18,0.01997,0.01997,0.01997,0.01997,-0.00013,-0.65%,0
2019-07-17,0.0201,0.0201,0.0201,0.0201,0.00012,+0.60%,0
2019-07-16,0.01998,0.01998,0.01998,0.01998,-0.00016,-0.79%,0
2019-07-15,0.02014,0.02014,0.02014,0.02014,-0.00009,-0.44%,0
2019-07-12,0.02023,0.02023,0.02023,0.02023,-0.00007,-0.34%,0
2019-07-11,0.0203,0.0203,0.0203,0.0203,-0.00052,-2.50%,0
2019-07-10,0.02082,0.02082,0.02082,0.02082,0.00018,+0.87%,0
2019-07-09,0.02064,0.02064,0.02064,0.02064,-0.00008,-0.39%,0
2019-07-08,0.02072,0.02072,0.02072,0.02072,0.00062,+3.08%,0
2019-07-05,0.0201,0.0201,0.0201,0.0201,-0.00013,-0.64%,0
2019-07-03,0.02023,0.02023,0.02023,0.02023,-0.00006,-0.30%,0
2019-07-02,0.02029,0.02029,0.02029,0.02029,0.0002,+1.00%,0
2019-07-01,0.02009,0.02009,0.02009,0.02009,-0.00013,-0.64%,0
2019-06-28,0.02022,0.02022,0.02022,0.02022,-0.00004,-0.20%,0
2019-06-27,0.02026,0.02026,0.02026,0.02026,0.00021,+1.05%,0
2019-06-26,0.02005,0.02005,0.02005,0.02005,-0.00006,-0.30%,0
2019-06-25,0.02011,0.02011,0.02011,0.02011,-0.00023,-1.13%,0
2019-06-24,0.02034,0.02034,0.02034,0.02034,0.00028,+1.40%,0
2019-06-21,0.02006,0.02006,0.02006,0.02006,-0.00108,-5.11%,0
2019-06-20,0.02114,0.02114,0.02114,0.02114,0.00002,+0.09%,0
2019-06-19,0.02112,0.02112,0.02112,0.02112,-0.00006,-0.28%,0
2019-06-18,0.02118,0.02118,0.02118,0.02118,0.00012,+0.57%,0
2019-06-17,0.02106,0.02106,0.02106,0.02106,-0.00024,-1.13%,0
2019-06-14,0.0213,0.0213,0.0213,0.0213,-0.00022,-1.02%,0
2019-06-13,0.02152,0.02152,0.02152,0.02152,-0.00026,-1.19%,0
2019-06-12,0.02178,0.02178,0.02178,0.02178,0.00016,+0.74%,0
2019-06-11,0.02162,0.02162,0.02162,0.02162,0.00022,+1.03%,0
2019-06-10,0.0214,0.0214,0.0214,0.0214,-0.00041,-1.88%,0
2019-06-07,0.02181,0.02181,0.02181,0.02181,0.00009,+0.41%,0
2019-06-06,0.02172,0.02172,0.02172,0.02172,-0.00063,-2.82%,0
2019-06-05,0.02235,0.02235,0.02235,0.02235,-0.00022,-0.97%,0
2019-06-04,0.02257,0.02257,0.02257,0.02257,-0.0006,-2.59%,0
2019-06-03,0.02317,0.02317,0.02317,0.02317,-0.00051,-2.15%,0
2019-05-31,0.02368,0.02368,0.02368,0.02368,0.00005,+0.21%,0
2019-05-30,0.02363,0.02363,0.02363,0.02363,-0.00011,-0.46%,0
2019-05-29,0.02374,0.02374,0.02374,0.02374,0.00002,+0.08%,0
2019-05-28,0.02372,0.02372,0.02372,0.02372,0.00006,+0.25%,0
2019-05-24,0.02366,0.02366,0.02366,0.02366,-0.00018,-0.76%,0
2019-05-23,0.02384,0.02384,0.02384,0.02384,0.00004,+0.17%,0
2019-05-22,0.0238,0.0238,0.0238,0.0238,0.00011,+0.46%,0
2019-05-21,0.02369,0.02369,0.02369,0.02369,0.00008,+0.34%,0
2019-05-20,0.02361,0.02361,0.02361,0.02361,0.00001,+0.04%,0
2019-05-17,0.0236,0.0236,0.0236,0.0236,0.00015,+0.64%,0
2019-05-16,0.02345,0.02345,0.02345,0.02345,-0.00008,-0.34%,0
2019-05-15,0.02353,0.02353,0.02353,0.02353,-0.00002,-0.08%,0
2019-05-14,0.02355,0.02355,0.02355,0.02355,-0.00023,-0.97%,0
2019-05-13,0.02378,0.02378,0.02378,0.02378,-0.00008,-0.34%,0
2019-05-10,0.02386,0.02386,0.02386,0.02386,-0.00011,-0.46%,0
2019-05-09,0.02397,0.02397,0.02397,0.02397,0.00002,+0.08%,0
2019-05-08,0.02395,0.02395,0.02395,0.02395,-0.00001,-0.04%,0
2019-05-07,0.02396,0.02396,0.02396,0.02396,-0.00015,-0.62%,0
2019-05-06,0.02411,0.02411,0.02411,0.02411,-0.00002,-0.08%,0
2019-05-03,0.02413,0.02413,0.02413,0.02413,0.0002,+0.84%,0
2019-05-02,0.02393,0.02393,0.02393,0.02393,-0.00003,-0.13%,0
2019-05-01,0.02396,0.02396,0.02396,0.02396,-0.00005,-0.21%,0
2019-04-30,0.02401,0.02401,0.02401,0.02401,0.00004,+0.17%,0
2019-04-29,0.02397,0.02397,0.02397,0.02397,-0.00009,-0.37%,0
2019-04-26,0.02406,0.02406,0.02406,0.02406,0.00004,+0.17%,0
2019-04-25,0.02402,0.02402,0.02402,0.02402,-0.00017,-0.70%,0
2019-04-24,0.02419,0.02419,0.02419,0.02419,-0.00008,-0.33%,0
2019-04-23,0.02427,0.02427,0.02427,0.02427,-0.00003,-0.12%,0
2019-04-22,0.0243,0.0243,0.0243,0.0243,0.00003,+0.12%,0
2019-04-18,0.02427,0.02427,0.02427,0.02427,0.00008,+0.33%,0
2019-04-17,0.02419,0.02419,0.02419,0.02419,0,0.00%,0
2019-04-16,0.02419,0.02419,0.02419,0.02419,0.00003,+0.12%,0
2019-04-15,0.02416,0.02416,0.02416,0.02416,0.00002,+0.08%,0
2019-04-12,0.02414,0.02414,0.02414,0.02414,0.00009,+0.37%,0
2019-04-11,0.02405,0.02405,0.02405,0.02405,-0.00006,-0.25%,0
2019-04-10,0.02411,0.02411,0.02411,0.02411,0.00002,+0.08%,0
2019-04-09,0.02409,0.02409,0.02409,0.02409,-0.00002,-0.08%,0
2019-04-08,0.02411,0.02411,0.02411,0.02411,0.0001,+0.42%,0
2019-04-05,0.02401,0.02401,0.02401,0.02401,0.00004,+0.17%,0
2019-04-04,0.02397,0.02397,0.02397,0.02397,0.00009,+0.38%,0
2019-04-03,0.02388,0.02388,0.02388,0.02388,-0.00001,-0.04%,0
2019-04-02,0.02389,0.02389,0.02389,0.02389,0.00009,+0.38%,0
2019-04-01,0.0238,0.0238,0.0238,0.0238,-0.00001,-0.04%,0
2019-03-29,0.02381,0.02381,0.02381,0.02381,0.00002,+0.08%,0
2019-03-28,0.02379,0.02379,0.02379,0.02379,-0.00016,-0.67%,0
2019-03-27,0.02395,0.02395,0.02395,0.02395,0.00002,+0.08%,0
2019-03-26,0.02393,0.02393,0.02393,0.02393,-0.00022,-0.91%,0
2019-03-25,0.02415,0.02415,0.02415,0.02415,-0.00019,-0.78%,0
2019-03-22,0.02434,0.02434,0.02434,0.02434,0.00006,+0.25%,0
2019-03-21,0.02428,0.02428,0.02428,0.02428,0.00006,+0.25%,0
2019-03-20,0.02422,0.02422,0.02422,0.02422,-0.00003,-0.12%,0
2019-03-18,0.02425,0.02425,0.02425,0.02425,-0.00006,-0.25%,0
2019-03-15,0.02431,0.02431,0.02431,0.02431,-0.00003,-0.12%,0
2019-03-14,0.02434,0.02434,0.02434,0.02434,0,0.00%,0
2019-03-13,0.02434,0.02434,0.02434,0.02434,-0.00002,-0.08%,0
2019-03-12,0.02436,0.02436,0.02436,0.02436,0,0.00%,0
2019-03-11,0.02436,0.02436,0.02436,0.02436,-0.00006,-0.25%,0
2019-03-08,0.02442,0.02442,0.02442,0.02442,-0.0001,-0.41%,0
2019-03-07,0.02452,0.02452,0.02452,0.02452,-0.00008,-0.33%,0
2019-03-06,0.0246,0.0246,0.0246,0.0246,-0.00004,-0.16%,0
2019-03-05,0.02464,0.02464,0.02464,0.02464,-0.00003,-0.12%,0
2019-03-04,0.02467,0.02467,0.02467,0.02467,0.00004,+0.16%,0
2019-03-01,0.02463,0.02463,0.02463,0.02463,0.00006,+0.24%,0
2019-02-28,0.02457,0.02457,0.02457,0.02457,0.00001,+0.04%,0
2019-02-27,0.02456,0.02456,0.02456,0.02456,0,0.00%,0
2019-02-26,0.02456,0.02456,0.02456,0.02456,0.00002,+0.08%,0
2019-02-25,0.02454,0.02454,0.02454,0.02454,-0.00004,-0.16%,0
2019-02-22,0.02458,0.02458,0.02458,0.02458,0.00005,+0.20%,0
2019-02-21,0.02453,0.02453,0.02453,0.02453,-0.00003,-0.12%,0
2019-02-20,0.02456,0.02456,0.02456,0.02456,-0.00005,-0.20%,0
2019-02-19,0.02461,0.02461,0.02461,0.02461,0.00003,+0.12%,0
2019-02-15,0.02458,0.02458,0.02458,0.02458,-0.00004,-0.16%,0
2019-02-14,0.02462,0.02462,0.02462,0.02462,0.00006,+0.24%,0
2019-02-13,0.02456,0.02456,0.02456,0.02456,0.00001,+0.04%,0
2019-02-12,0.02455,0.02455,0.02455,0.02455,0.00005,+0.20%,0
2019-02-11,0.0245,0.0245,0.0245,0.0245,-0.00003,-0.12%,0
2019-02-08,0.02453,0.02453,0.02453,0.02453,-0.00004,-0.16%,0
2019-02-07,0.02457,0.02457,0.02457,0.02457,0.00001,+0.04%,0
2019-02-06,0.02456,0.02456,0.02456,0.02456,0,0.00%,0
2019-02-05,0.02456,0.02456,0.02456,0.02456,0.00004,+0.16%,0
2019-02-04,0.02452,0.02452,0.02452,0.02452,-0.00002,-0.08%,0
2019-02-01,0.02454,0.02454,0.02454,0.02454,-0.00017,-0.69%,0
2019-01-31,0.02471,0.02471,0.02471,0.02471,-0.00001,-0.04%,0
2019-01-30,0.02472,0.02472,0.02472,0.02472,-0.00001,-0.04%,0
2019-01-29,0.02473,0.02473,0.02473,0.02473,-0.00008,-0.32%,0
2019-01-28,0.02481,0.02481,0.02481,0.02481,0.00004,+0.16%,0
2019-01-25,0.02477,0.02477,0.02477,0.02477,0,0.00%,0
2019-01-24,0.02477,0.02477,0.02477,0.02477,0.00002,+0.08%,0
2019-01-23,0.02475,0.02475,0.02475,0.02475,-0.00005,-0.20%,0
2019-01-22,0.0248,0.0248,0.0248,0.0248,0.00013,+0.53%,0
2019-01-18,0.02467,0.02467,0.02467,0.02467,0.00004,+0.16%,0
2019-01-17,0.02463,0.02463,0.02463,0.02463,0.00001,+0.04%,0
2019-01-16,0.02462,0.02462,0.02462,0.02462,-0.00004,-0.16%,0
2019-01-15,0.02466,0.02466,0.02466,0.02466,0.00006,+0.24%,0
2019-01-14,0.0246,0.0246,0.0246,0.0246,-0.00005,-0.20%,0
2019-01-11,0.02465,0.02465,0.02465,0.02465,-0.00003,-0.12%,0
2019-01-10,0.02468,0.02468,0.02468,0.02468,0.0001,+0.41%,0
2019-01-09,0.02458,0.02458,0.02458,0.02458,0.00019,+0.78%,0
2019-01-08,0.02439,0.02439,0.02439,0.02439,0.00003,+0.12%,0
2019-01-07,0.02436,0.02436,0.02436,0.02436,0.00003,+0.12%,0
2019-01-04,0.02433,0.02433,0.02433,0.02433,-0.00009,-0.37%,0
"Downloaded from Barchart.com as of 03-24-2026 08:10am CDT"
