Time,Open,High,Low,Latest,Change,%Change,Volume
2026-03-23,0.03679,0.03679,0.03679,0.03679,0.00004,+0.11%,0
2026-03-19,0.03675,0.03675,0.03675,0.03675,-0.00002,-0.05%,0
2026-03-17,0.03677,0.03677,0.03677,0.03677,-0.00003,-0.08%,0
2026-03-16,0.0368,0.0368,0.0368,0.0368,0.00002,+0.05%,0
2026-03-13,0.03678,0.03678,0.03678,0.03678,0.00006,+0.16%,0
2026-03-12,0.03672,0.03672,0.03672,0.03672,0,0.00%,0
2026-03-11,0.03672,0.03672,0.03672,0.03672,-0.00005,-0.14%,0
2026-03-10,0.03677,0.03677,0.03677,0.03677,0.00007,+0.19%,0
2026-03-09,0.0367,0.0367,0.0367,0.0367,0.00003,+0.08%,0
2026-03-06,0.03667,0.03667,0.03667,0.03667,-0.00002,-0.05%,0
2026-03-05,0.03669,0.03669,0.03669,0.03669,-0.00004,-0.11%,0
2026-03-04,0.03673,0.03673,0.03673,0.03673,0.00002,+0.05%,0
2026-03-03,0.03671,0.03671,0.03671,0.03671,0.00007,+0.19%,0
2026-03-02,0.03664,0.03664,0.03664,0.03664,-0.00003,-0.08%,0
2026-02-27,0.03667,0.03667,0.03667,0.03667,-0.00001,-0.03%,0
2026-02-26,0.03668,0.03668,0.03668,0.03668,-0.00005,-0.14%,0
2026-02-25,0.03673,0.03673,0.03673,0.03673,-0.00003,-0.08%,0
2026-02-24,0.03676,0.03676,0.03676,0.03676,0.00002,+0.05%,0
2026-02-23,0.03674,0.03674,0.03674,0.03674,0.00001,+0.03%,0
2026-02-20,0.03673,0.03673,0.03673,0.03673,-0.00004,-0.11%,0
2026-02-19,0.03677,0.03677,0.03677,0.03677,0.0001,+0.27%,0
2026-02-18,0.03667,0.03667,0.03667,0.03667,0.00001,+0.03%,0
2026-02-17,0.03666,0.03666,0.03666,0.03666,0.00002,+0.05%,0
2026-02-13,0.03664,0.03664,0.03664,0.03664,0.00004,+0.11%,0
2026-02-12,0.0366,0.0366,0.0366,0.0366,0,0.00%,0
2026-02-11,0.0366,0.0366,0.0366,0.0366,0,0.00%,0
2026-02-10,0.0366,0.0366,0.0366,0.0366,-0.00001,-0.03%,0
2026-02-09,0.03661,0.03661,0.03661,0.03661,-0.00004,-0.11%,0
2026-02-06,0.03665,0.03665,0.03665,0.03665,-0.00003,-0.08%,0
2026-02-05,0.03668,0.03668,0.03668,0.03668,-0.00005,-0.14%,0
2026-02-04,0.03673,0.03673,0.03673,0.03673,0.00002,+0.05%,0
2026-02-03,0.03671,0.03671,0.03671,0.03671,0,0.00%,0
2026-02-02,0.03671,0.03671,0.03671,0.03671,0.00002,+0.05%,0
2026-01-30,0.03669,0.03669,0.03669,0.03669,-0.00002,-0.05%,0
2026-01-29,0.03671,0.03671,0.03671,0.03671,-0.00001,-0.03%,0
2026-01-28,0.03672,0.03672,0.03672,0.03672,-0.00002,-0.05%,0
2026-01-27,0.03674,0.03674,0.03674,0.03674,0,0.00%,0
2026-01-26,0.03674,0.03674,0.03674,0.03674,0.00003,+0.08%,0
2026-01-23,0.03671,0.03671,0.03671,0.03671,-0.00002,-0.05%,0
2026-01-22,0.03673,0.03673,0.03673,0.03673,-0.00004,-0.11%,0
2026-01-21,0.03677,0.03677,0.03677,0.03677,0.00006,+0.16%,0
2026-01-20,0.03671,0.03671,0.03671,0.03671,-0.00002,-0.05%,0
2026-01-16,0.03673,0.03673,0.03673,0.03673,-0.00002,-0.05%,0
2026-01-15,0.03675,0.03675,0.03675,0.03675,-0.00002,-0.05%,0
2026-01-14,0.03677,0.03677,0.03677,0.03677,-0.00003,-0.08%,0
2026-01-13,0.0368,0.0368,0.0368,0.0368,0.00002,+0.05%,0
2026-01-12,0.03678,0.03678,0.03678,0.03678,0.00007,+0.19%,0
2026-01-09,0.03671,0.03671,0.03671,0.03671,-0.00003,-0.08%,0
2026-01-08,0.03674,0.03674,0.03674,0.03674,0.00002,+0.05%,0
2026-01-07,0.03672,0.03672,0.03672,0.03672,-0.00003,-0.08%,0
2026-01-06,0.03675,0.03675,0.03675,0.03675,0,0.00%,0
2026-01-05,0.03675,0.03675,0.03675,0.03675,-0.00007,-0.19%,0
2026-01-02,0.03682,0.03682,0.03682,0.03682,-0.00005,-0.14%,0
2025-12-31,0.03687,0.03687,0.03687,0.03687,-0.00013,-0.35%,0
2025-12-30,0.037,0.037,0.037,0.037,-0.00016,-0.43%,0
2025-12-29,0.03716,0.03716,0.03716,0.03716,-0.00005,-0.13%,0
2025-12-26,0.03721,0.03721,0.03721,0.03721,-0.00006,-0.16%,0
2025-12-24,0.03727,0.03727,0.03727,0.03727,-0.00005,-0.13%,0
2025-12-23,0.03732,0.03732,0.03732,0.03732,0.00002,+0.05%,0
2025-12-22,0.0373,0.0373,0.0373,0.0373,0.00001,+0.03%,0
2025-12-19,0.03729,0.03729,0.03729,0.03729,-0.00005,-0.13%,0
2025-12-18,0.03734,0.03734,0.03734,0.03734,0.00003,+0.08%,0
2025-12-17,0.03731,0.03731,0.03731,0.03731,-0.00003,-0.08%,0
2025-12-16,0.03734,0.03734,0.03734,0.03734,-0.00002,-0.05%,0
2025-12-15,0.03736,0.03736,0.03736,0.03736,0.00002,+0.05%,0
2025-12-12,0.03734,0.03734,0.03734,0.03734,-0.00016,-0.43%,0
2025-12-11,0.0375,0.0375,0.0375,0.0375,-0.00008,-0.21%,0
2025-12-10,0.03758,0.03758,0.03758,0.03758,-0.00003,-0.08%,0
2025-12-09,0.03761,0.03761,0.03761,0.03761,-0.00011,-0.29%,0
2025-12-08,0.03772,0.03772,0.03772,0.03772,-0.00005,-0.13%,0
2025-12-05,0.03777,0.03777,0.03777,0.03777,-0.00007,-0.18%,0
2025-12-04,0.03784,0.03784,0.03784,0.03784,-0.00034,-0.89%,0
2025-12-03,0.03818,0.03818,0.03818,0.03818,-0.00025,-0.65%,0
2025-12-01,0.03843,0.03843,0.03843,0.03843,-0.00021,-0.54%,0
2025-11-28,0.03864,0.03864,0.03864,0.03864,-0.00009,-0.23%,0
2025-11-26,0.03873,0.03873,0.03873,0.03873,-0.00043,-1.10%,0
2025-11-25,0.03916,0.03916,0.03916,0.03916,-0.00017,-0.43%,0
2025-11-24,0.03933,0.03933,0.03933,0.03933,-0.00021,-0.53%,0
2025-11-21,0.03954,0.03954,0.03954,0.03954,0.00003,+0.08%,0
2025-11-20,0.03951,0.03951,0.03951,0.03951,0.00001,+0.03%,0
2025-11-19,0.0395,0.0395,0.0395,0.0395,-0.0001,-0.25%,0
2025-11-18,0.0396,0.0396,0.0396,0.0396,0.00001,+0.03%,0
2025-11-17,0.03959,0.03959,0.03959,0.03959,-0.00004,-0.10%,0
2025-11-14,0.03963,0.03963,0.03963,0.03963,0.00004,+0.10%,0
2025-11-13,0.03959,0.03959,0.03959,0.03959,0,0.00%,0
2025-11-12,0.03959,0.03959,0.03959,0.03959,0.00011,+0.28%,0
2025-11-10,0.03948,0.03948,0.03948,0.03948,-0.00009,-0.23%,0
2025-11-07,0.03957,0.03957,0.03957,0.03957,-0.00015,-0.38%,0
2025-11-06,0.03972,0.03972,0.03972,0.03972,-0.0002,-0.50%,0
2025-11-05,0.03992,0.03992,0.03992,0.03992,-0.00014,-0.35%,0
2025-11-04,0.04006,0.04006,0.04006,0.04006,-0.00001,-0.02%,0
2025-11-03,0.04007,0.04007,0.04007,0.04007,0.00007,+0.18%,0
2025-10-31,0.04,0.04,0.04,0.04,0.00016,+0.40%,0
2025-10-30,0.03984,0.03984,0.03984,0.03984,0.00019,+0.48%,0
2025-10-29,0.03965,0.03965,0.03965,0.03965,-0.00021,-0.53%,0
2025-10-24,0.03986,0.03986,0.03986,0.03986,-0.00005,-0.13%,0
2025-10-23,0.03991,0.03991,0.03991,0.03991,-0.00024,-0.60%,0
2025-10-22,0.04015,0.04015,0.04015,0.04015,0.00013,+0.32%,0
2025-10-21,0.04002,0.04002,0.04002,0.04002,0,0.00%,0
2025-10-20,0.04002,0.04002,0.04002,0.04002,-0.00022,-0.55%,0
2025-10-17,0.04024,0.04024,0.04024,0.04024,-0.00007,-0.17%,0
2025-10-16,0.04031,0.04031,0.04031,0.04031,-0.00006,-0.15%,0
2025-10-15,0.04037,0.04037,0.04037,0.04037,0.00005,+0.12%,0
2025-10-14,0.04032,0.04032,0.04032,0.04032,0,0.00%,0
2025-10-10,0.04032,0.04032,0.04032,0.04032,-0.00016,-0.40%,0
2025-10-09,0.04048,0.04048,0.04048,0.04048,-0.00031,-0.76%,0
2025-10-08,0.04079,0.04079,0.04079,0.04079,-0.00005,-0.12%,0
2025-10-07,0.04084,0.04084,0.04084,0.04084,-0.00004,-0.10%,0
2025-10-06,0.04088,0.04088,0.04088,0.04088,-0.00014,-0.34%,0
2025-10-03,0.04102,0.04102,0.04102,0.04102,-0.00004,-0.10%,0
2025-10-02,0.04106,0.04106,0.04106,0.04106,-0.0002,-0.48%,0
2025-10-01,0.04126,0.04126,0.04126,0.04126,-0.00003,-0.07%,0
2025-09-30,0.04129,0.04129,0.04129,0.04129,-0.00005,-0.12%,0
2025-09-29,0.04134,0.04134,0.04134,0.04134,-0.00029,-0.70%,0
2025-09-26,0.04163,0.04163,0.04163,0.04163,-0.00003,-0.07%,0
2025-09-25,0.04166,0.04166,0.04166,0.04166,0.00008,+0.19%,0
2025-09-24,0.04158,0.04158,0.04158,0.04158,0,0.00%,0
2025-09-23,0.04158,0.04158,0.04158,0.04158,0.00001,+0.02%,0
2025-09-22,0.04157,0.04157,0.04157,0.04157,0.00002,+0.05%,0
2025-09-19,0.04155,0.04155,0.04155,0.04155,0.0002,+0.48%,0
2025-09-18,0.04135,0.04135,0.04135,0.04135,0.00001,+0.02%,0
2025-09-17,0.04134,0.04134,0.04134,0.04134,-0.00002,-0.05%,0
2025-09-16,0.04136,0.04136,0.04136,0.04136,-0.00007,-0.17%,0
2025-09-15,0.04143,0.04143,0.04143,0.04143,-0.00004,-0.10%,0
2025-09-12,0.04147,0.04147,0.04147,0.04147,-0.00003,-0.07%,0
2025-09-11,0.0415,0.0415,0.0415,0.0415,-0.00024,-0.57%,0
2025-09-10,0.04174,0.04174,0.04174,0.04174,-0.00001,-0.02%,0
2025-09-09,0.04175,0.04175,0.04175,0.04175,-0.00017,-0.41%,0
2025-09-08,0.04192,0.04192,0.04192,0.04192,-0.00025,-0.59%,0
2025-09-05,0.04217,0.04217,0.04217,0.04217,-0.00006,-0.14%,0
2025-09-04,0.04223,0.04223,0.04223,0.04223,-0.00027,-0.64%,0
2025-09-03,0.0425,0.0425,0.0425,0.0425,-0.00005,-0.12%,0
2025-09-02,0.04255,0.04255,0.04255,0.04255,-0.00018,-0.42%,0
2025-08-29,0.04273,0.04273,0.04273,0.04273,-0.00007,-0.16%,0
2025-08-28,0.0428,0.0428,0.0428,0.0428,-0.00036,-0.83%,0
2025-08-27,0.04316,0.04316,0.04316,0.04316,-0.00007,-0.16%,0
2025-08-26,0.04323,0.04323,0.04323,0.04323,0.00008,+0.19%,0
2025-08-25,0.04315,0.04315,0.04315,0.04315,-0.00016,-0.37%,0
2025-08-22,0.04331,0.04331,0.04331,0.04331,0.00008,+0.19%,0
2025-08-21,0.04323,0.04323,0.04323,0.04323,-0.00016,-0.37%,0
2025-08-20,0.04339,0.04339,0.04339,0.04339,-0.00002,-0.05%,0
2025-08-19,0.04341,0.04341,0.04341,0.04341,0.00001,+0.02%,0
2025-08-18,0.0434,0.0434,0.0434,0.0434,-0.00013,-0.30%,0
2025-08-15,0.04353,0.04353,0.04353,0.04353,-0.00007,-0.16%,0
2025-08-14,0.0436,0.0436,0.0436,0.0436,-0.00003,-0.07%,0
2025-08-13,0.04363,0.04363,0.04363,0.04363,-0.00003,-0.07%,0
2025-08-12,0.04366,0.04366,0.04366,0.04366,0.00004,+0.09%,0
2025-08-11,0.04362,0.04362,0.04362,0.04362,0.00001,+0.02%,0
2025-08-08,0.04361,0.04361,0.04361,0.04361,0.00004,+0.09%,0
2025-08-07,0.04357,0.04357,0.04357,0.04357,0.00005,+0.11%,0
2025-08-06,0.04352,0.04352,0.04352,0.04352,0.00003,+0.07%,0
2025-08-05,0.04349,0.04349,0.04349,0.04349,0.00006,+0.14%,0
2025-08-04,0.04343,0.04343,0.04343,0.04343,-0.00008,-0.18%,0
2025-08-01,0.04351,0.04351,0.04351,0.04351,0,0.00%,0
2025-07-31,0.04351,0.04351,0.04351,0.04351,-0.00003,-0.07%,0
2025-07-30,0.04354,0.04354,0.04354,0.04354,-0.00002,-0.05%,0
2025-07-29,0.04356,0.04356,0.04356,0.04356,-0.00002,-0.05%,0
2025-07-28,0.04358,0.04358,0.04358,0.04358,0.00003,+0.07%,0
2025-07-25,0.04355,0.04355,0.04355,0.04355,0.00002,+0.05%,0
2025-07-24,0.04353,0.04353,0.04353,0.04353,0.00001,+0.02%,0
2025-07-23,0.04352,0.04352,0.04352,0.04352,0.00001,+0.02%,0
2025-07-22,0.04351,0.04351,0.04351,0.04351,0.00002,+0.05%,0
2025-07-21,0.04349,0.04349,0.04349,0.04349,-0.00006,-0.14%,0
2025-07-18,0.04355,0.04355,0.04355,0.04355,0.00004,+0.09%,0
2025-07-17,0.04351,0.04351,0.04351,0.04351,0.00001,+0.02%,0
2025-07-16,0.0435,0.0435,0.0435,0.0435,0.00007,+0.16%,0
2025-07-15,0.04343,0.04343,0.04343,0.04343,0.00003,+0.07%,0
2025-07-14,0.0434,0.0434,0.0434,0.0434,-0.00002,-0.05%,0
2025-07-11,0.04342,0.04342,0.04342,0.04342,-0.00001,-0.02%,0
2025-07-10,0.04343,0.04343,0.04343,0.04343,-0.00003,-0.07%,0
2025-07-09,0.04346,0.04346,0.04346,0.04346,0.00008,+0.18%,0
2025-07-08,0.04338,0.04338,0.04338,0.04338,0.00002,+0.05%,0
2025-07-07,0.04336,0.04336,0.04336,0.04336,0.00011,+0.25%,0
2025-07-03,0.04325,0.04325,0.04325,0.04325,-0.00002,-0.05%,0
2025-07-02,0.04327,0.04327,0.04327,0.04327,-0.00001,-0.02%,0
2025-07-01,0.04328,0.04328,0.04328,0.04328,0.00006,+0.14%,0
2025-06-30,0.04322,0.04322,0.04322,0.04322,-0.00007,-0.16%,0
2025-06-27,0.04329,0.04329,0.04329,0.04329,0.00002,+0.05%,0
2025-06-26,0.04327,0.04327,0.04327,0.04327,0.00006,+0.14%,0
2025-06-25,0.04321,0.04321,0.04321,0.04321,0,0.00%,0
2025-06-24,0.04321,0.04321,0.04321,0.04321,0.00002,+0.05%,0
2025-06-23,0.04319,0.04319,0.04319,0.04319,-0.00001,-0.02%,0
2025-06-20,0.0432,0.0432,0.0432,0.0432,-0.00001,-0.02%,0
2025-06-18,0.04321,0.04321,0.04321,0.04321,0.00003,+0.07%,0
2025-06-17,0.04318,0.04318,0.04318,0.04318,0.00003,+0.07%,0
2025-06-16,0.04315,0.04315,0.04315,0.04315,0.00001,+0.02%,0
2025-06-13,0.04314,0.04314,0.04314,0.04314,0.00002,+0.05%,0
2025-06-12,0.04312,0.04312,0.04312,0.04312,-0.00001,-0.02%,0
2025-06-11,0.04313,0.04313,0.04313,0.04313,-0.00001,-0.02%,0
2025-06-10,0.04314,0.04314,0.04314,0.04314,0,0.00%,0
2025-06-09,0.04314,0.04314,0.04314,0.04314,0.00003,+0.07%,0
2025-06-06,0.04311,0.04311,0.04311,0.04311,0,0.00%,0
2025-06-05,0.04311,0.04311,0.04311,0.04311,-0.00002,-0.05%,0
2025-06-04,0.04313,0.04313,0.04313,0.04313,-0.00003,-0.07%,0
2025-06-03,0.04316,0.04316,0.04316,0.04316,-0.00004,-0.09%,0
2025-06-02,0.0432,0.0432,0.0432,0.0432,-0.00002,-0.05%,0
2025-05-30,0.04322,0.04322,0.04322,0.04322,-0.00002,-0.05%,0
2025-05-29,0.04324,0.04324,0.04324,0.04324,-0.00003,-0.07%,0
2025-05-28,0.04327,0.04327,0.04327,0.04327,-0.00002,-0.05%,0
2025-05-27,0.04329,0.04329,0.04329,0.04329,0,0.00%,0
2025-05-23,0.04329,0.04329,0.04329,0.04329,0.00004,+0.09%,0
2025-05-22,0.04325,0.04325,0.04325,0.04325,0,0.00%,0
2025-05-21,0.04325,0.04325,0.04325,0.04325,-0.00002,-0.05%,0
2025-05-20,0.04327,0.04327,0.04327,0.04327,0.00004,+0.09%,0
2025-05-19,0.04323,0.04323,0.04323,0.04323,-0.00001,-0.02%,0
2025-05-16,0.04324,0.04324,0.04324,0.04324,-0.00003,-0.07%,0
2025-05-15,0.04327,0.04327,0.04327,0.04327,-0.00002,-0.05%,0
2025-05-14,0.04329,0.04329,0.04329,0.04329,0,0.00%,0
2025-05-13,0.04329,0.04329,0.04329,0.04329,0.00004,+0.09%,0
2025-05-12,0.04325,0.04325,0.04325,0.04325,0,0.00%,0
2025-05-09,0.04325,0.04325,0.04325,0.04325,-0.00008,-0.18%,0
2025-05-08,0.04333,0.04333,0.04333,0.04333,-0.00004,-0.09%,0
2025-05-06,0.04337,0.04337,0.04337,0.04337,-0.00006,-0.14%,0
2025-05-05,0.04343,0.04343,0.04343,0.04343,0.00011,+0.25%,0
2025-05-02,0.04332,0.04332,0.04332,0.04332,0.00003,+0.07%,0
2025-05-01,0.04329,0.04329,0.04329,0.04329,0.00006,+0.14%,0
2025-04-30,0.04323,0.04323,0.04323,0.04323,-0.00001,-0.02%,0
2025-04-29,0.04324,0.04324,0.04324,0.04324,0.00002,+0.05%,0
2025-04-28,0.04322,0.04322,0.04322,0.04322,0,0.00%,0
2025-04-25,0.04322,0.04322,0.04322,0.04322,0.00002,+0.05%,0
2025-04-24,0.0432,0.0432,0.0432,0.0432,-0.00007,-0.16%,0
2025-04-23,0.04327,0.04327,0.04327,0.04327,0.00004,+0.09%,0
2025-04-22,0.04323,0.04323,0.04323,0.04323,0.00001,+0.02%,0
2025-04-21,0.04322,0.04322,0.04322,0.04322,0.00003,+0.07%,0
2025-04-17,0.04319,0.04319,0.04319,0.04319,-0.00001,-0.02%,0
2025-04-16,0.0432,0.0432,0.0432,0.0432,-0.00008,-0.18%,0
2025-04-15,0.04328,0.04328,0.04328,0.04328,0.00007,+0.16%,0
2025-04-14,0.04321,0.04321,0.04321,0.04321,-0.00001,-0.02%,0
2025-04-11,0.04322,0.04322,0.04322,0.04322,-0.00007,-0.16%,0
2025-04-10,0.04329,0.04329,0.04329,0.04329,0.00008,+0.19%,0
2025-04-09,0.04321,0.04321,0.04321,0.04321,0.00029,+0.68%,0
2025-04-08,0.04292,0.04292,0.04292,0.04292,-0.00009,-0.21%,0
2025-04-07,0.04301,0.04301,0.04301,0.04301,-0.00019,-0.44%,0
2025-04-04,0.0432,0.0432,0.0432,0.0432,-0.00001,-0.02%,0
2025-04-03,0.04321,0.04321,0.04321,0.04321,0.00002,+0.05%,0
2025-04-02,0.04319,0.04319,0.04319,0.04319,0,0.00%,0
2025-04-01,0.04319,0.04319,0.04319,0.04319,0,0.00%,0
2025-03-31,0.04319,0.04319,0.04319,0.04319,-0.00005,-0.12%,0
2025-03-28,0.04324,0.04324,0.04324,0.04324,-0.00001,-0.02%,0
2025-03-27,0.04325,0.04325,0.04325,0.04325,-0.00002,-0.05%,0
2025-03-26,0.04327,0.04327,0.04327,0.04327,0.00005,+0.12%,0
2025-03-25,0.04322,0.04322,0.04322,0.04322,0.00003,+0.07%,0
2025-03-20,0.04319,0.04319,0.04319,0.04319,-0.00003,-0.07%,0
2025-03-19,0.04322,0.04322,0.04322,0.04322,0.00003,+0.07%,0
2025-03-18,0.04319,0.04319,0.04319,0.04319,0.00002,+0.05%,0
2025-03-17,0.04317,0.04317,0.04317,0.04317,0.00001,+0.02%,0
2025-03-14,0.04316,0.04316,0.04316,0.04316,-0.00003,-0.07%,0
2025-03-13,0.04319,0.04319,0.04319,0.04319,-0.00002,-0.05%,0
2025-03-12,0.04321,0.04321,0.04321,0.04321,-0.00004,-0.09%,0
2025-03-11,0.04325,0.04325,0.04325,0.04325,0,0.00%,0
2025-03-10,0.04325,0.04325,0.04325,0.04325,0.00003,+0.07%,0
2025-03-07,0.04322,0.04322,0.04322,0.04322,0,0.00%,0
2025-03-06,0.04322,0.04322,0.04322,0.04322,0.00008,+0.19%,0
2025-03-05,0.04314,0.04314,0.04314,0.04314,0,0.00%,0
2025-03-04,0.04314,0.04314,0.04314,0.04314,-0.00007,-0.16%,0
2025-03-03,0.04321,0.04321,0.04321,0.04321,-0.00004,-0.09%,0
2025-02-28,0.04325,0.04325,0.04325,0.04325,0.00002,+0.05%,0
2025-02-27,0.04323,0.04323,0.04323,0.04323,-0.00001,-0.02%,0
2025-02-24,0.04324,0.04324,0.04324,0.04324,0.00005,+0.12%,0
2025-02-21,0.04319,0.04319,0.04319,0.04319,-0.00003,-0.07%,0
2025-02-20,0.04322,0.04322,0.04322,0.04322,0.00002,+0.05%,0
2025-02-19,0.0432,0.0432,0.0432,0.0432,0.00008,+0.19%,0
2025-02-18,0.04312,0.04312,0.04312,0.04312,-0.00002,-0.05%,0
2025-02-14,0.04314,0.04314,0.04314,0.04314,0.00002,+0.05%,0
2025-02-13,0.04312,0.04312,0.04312,0.04312,-0.00002,-0.05%,0
2025-02-12,0.04314,0.04314,0.04314,0.04314,-0.00003,-0.07%,0
2025-02-11,0.04317,0.04317,0.04317,0.04317,0.00009,+0.21%,0
2025-02-05,0.04308,0.04308,0.04308,0.04308,-0.00005,-0.12%,0
2025-02-03,0.04313,0.04313,0.04313,0.04313,0.00001,+0.02%,0
2025-01-29,0.04312,0.04312,0.04312,0.04312,0.00002,+0.05%,0
2025-01-28,0.0431,0.0431,0.0431,0.0431,-0.00003,-0.07%,0
2025-01-27,0.04313,0.04313,0.04313,0.04313,-0.00002,-0.05%,0
2025-01-24,0.04315,0.04315,0.04315,0.04315,0.00004,+0.09%,0
2025-01-23,0.04311,0.04311,0.04311,0.04311,0.00006,+0.14%,0
2025-01-22,0.04305,0.04305,0.04305,0.04305,0.00003,+0.07%,0
2025-01-21,0.04302,0.04302,0.04302,0.04302,0.00002,+0.05%,0
2025-01-17,0.043,0.043,0.043,0.043,0.00001,+0.02%,0
2025-01-16,0.04299,0.04299,0.04299,0.04299,-0.00002,-0.05%,0
2025-01-15,0.04301,0.04301,0.04301,0.04301,-0.00004,-0.09%,0
2025-01-14,0.04305,0.04305,0.04305,0.04305,-0.00001,-0.02%,0
2025-01-13,0.04306,0.04306,0.04306,0.04306,0.00004,+0.09%,0
2025-01-10,0.04302,0.04302,0.04302,0.04302,0,0.00%,0
2025-01-09,0.04302,0.04302,0.04302,0.04302,0.00004,+0.09%,0
2025-01-08,0.04298,0.04298,0.04298,0.04298,0.00001,+0.02%,0
2025-01-07,0.04297,0.04297,0.04297,0.04297,-0.00009,-0.21%,0
2025-01-06,0.04306,0.04306,0.04306,0.04306,-0.00009,-0.21%,0
2025-01-03,0.04315,0.04315,0.04315,0.04315,-0.00011,-0.25%,0
2025-01-02,0.04326,0.04326,0.04326,0.04326,-0.00006,-0.14%,0
2024-12-31,0.04332,0.04332,0.04332,0.04332,-0.00005,-0.12%,0
2024-12-30,0.04337,0.04337,0.04337,0.04337,-0.0002,-0.46%,0
2024-12-27,0.04357,0.04357,0.04357,0.04357,0.00012,+0.28%,0
2024-12-26,0.04345,0.04345,0.04345,0.04345,0.00007,+0.16%,0
2024-12-24,0.04338,0.04338,0.04338,0.04338,-0.00001,-0.02%,0
2024-12-23,0.04339,0.04339,0.04339,0.04339,0.00002,+0.05%,0
2024-12-20,0.04337,0.04337,0.04337,0.04337,-0.00019,-0.44%,0
2024-12-19,0.04356,0.04356,0.04356,0.04356,-0.00014,-0.32%,0
2024-12-18,0.0437,0.0437,0.0437,0.0437,0.00004,+0.09%,0
2024-12-17,0.04366,0.04366,0.04366,0.04366,-0.00009,-0.21%,0
2024-12-16,0.04375,0.04375,0.04375,0.04375,-0.00007,-0.16%,0
2024-12-13,0.04382,0.04382,0.04382,0.04382,-0.00015,-0.34%,0
2024-12-12,0.04397,0.04397,0.04397,0.04397,-0.00046,-1.04%,0
2024-12-11,0.04443,0.04443,0.04443,0.04443,-0.00004,-0.09%,0
2024-12-10,0.04447,0.04447,0.04447,0.04447,-0.00005,-0.11%,0
2024-12-09,0.04452,0.04452,0.04452,0.04452,-0.00025,-0.56%,0
2024-12-06,0.04477,0.04477,0.04477,0.04477,-0.00005,-0.11%,0
2024-12-05,0.04482,0.04482,0.04482,0.04482,-0.00025,-0.55%,0
2024-12-04,0.04507,0.04507,0.04507,0.04507,-0.00018,-0.40%,0
2024-12-03,0.04525,0.04525,0.04525,0.04525,0.00001,+0.02%,0
2024-12-02,0.04524,0.04524,0.04524,0.04524,-0.00007,-0.15%,0
2024-11-29,0.04531,0.04531,0.04531,0.04531,-0.00022,-0.48%,0
2024-11-27,0.04553,0.04553,0.04553,0.04553,-0.0002,-0.44%,0
2024-11-26,0.04573,0.04573,0.04573,0.04573,-0.00013,-0.28%,0
2024-11-25,0.04586,0.04586,0.04586,0.04586,-0.00003,-0.07%,0
2024-11-22,0.04589,0.04589,0.04589,0.04589,0.00001,+0.02%,0
2024-11-21,0.04588,0.04588,0.04588,0.04588,-0.00007,-0.15%,0
2024-11-20,0.04595,0.04595,0.04595,0.04595,-0.00004,-0.09%,0
2024-11-19,0.04599,0.04599,0.04599,0.04599,-0.00007,-0.15%,0
2024-11-18,0.04606,0.04606,0.04606,0.04606,-0.00005,-0.11%,0
2024-11-15,0.04611,0.04611,0.04611,0.04611,0,0.00%,0
2024-11-14,0.04611,0.04611,0.04611,0.04611,0.00002,+0.04%,0
2024-11-13,0.04609,0.04609,0.04609,0.04609,0.00001,+0.02%,0
2024-11-12,0.04608,0.04608,0.04608,0.04608,-0.00009,-0.19%,0
2024-11-08,0.04617,0.04617,0.04617,0.04617,-0.00005,-0.11%,0
2024-11-07,0.04622,0.04622,0.04622,0.04622,-0.00011,-0.24%,0
2024-11-06,0.04633,0.04633,0.04633,0.04633,0.00003,+0.06%,0
2024-11-05,0.0463,0.0463,0.0463,0.0463,-0.0001,-0.22%,0
2024-11-04,0.0464,0.0464,0.0464,0.0464,-0.00012,-0.26%,0
2024-11-01,0.04652,0.04652,0.04652,0.04652,-0.00004,-0.09%,0
2024-10-31,0.04656,0.04656,0.04656,0.04656,-0.00016,-0.34%,0
2024-10-30,0.04672,0.04672,0.04672,0.04672,-0.00013,-0.28%,0
2024-10-29,0.04685,0.04685,0.04685,0.04685,-0.00011,-0.23%,0
2024-10-28,0.04696,0.04696,0.04696,0.04696,-0.00011,-0.23%,0
2024-10-25,0.04707,0.04707,0.04707,0.04707,-0.00011,-0.23%,0
2024-10-24,0.04718,0.04718,0.04718,0.04718,-0.0002,-0.42%,0
2024-10-23,0.04738,0.04738,0.04738,0.04738,-0.00005,-0.11%,0
2024-10-22,0.04743,0.04743,0.04743,0.04743,-0.00002,-0.04%,0
2024-10-21,0.04745,0.04745,0.04745,0.04745,-0.00014,-0.29%,0
2024-10-18,0.04759,0.04759,0.04759,0.04759,0,0.00%,0
2024-10-17,0.04759,0.04759,0.04759,0.04759,-0.00022,-0.46%,0
2024-10-16,0.04781,0.04781,0.04781,0.04781,-0.00003,-0.06%,0
2024-10-15,0.04784,0.04784,0.04784,0.04784,-0.00002,-0.04%,0
2024-10-11,0.04786,0.04786,0.04786,0.04786,-0.00018,-0.37%,0
2024-10-10,0.04804,0.04804,0.04804,0.04804,-0.00019,-0.39%,0
2024-10-09,0.04823,0.04823,0.04823,0.04823,0,0.00%,0
2024-10-08,0.04823,0.04823,0.04823,0.04823,0.00005,+0.10%,0
2024-10-07,0.04818,0.04818,0.04818,0.04818,-0.00028,-0.58%,0
2024-10-04,0.04846,0.04846,0.04846,0.04846,-0.00005,-0.10%,0
2024-10-03,0.04851,0.04851,0.04851,0.04851,-0.00006,-0.12%,0
2024-10-02,0.04857,0.04857,0.04857,0.04857,0.00008,+0.16%,0
2024-10-01,0.04849,0.04849,0.04849,0.04849,0.00003,+0.06%,0
2024-09-30,0.04846,0.04846,0.04846,0.04846,0.00002,+0.04%,0
2024-09-27,0.04844,0.04844,0.04844,0.04844,-0.00001,-0.02%,0
2024-09-26,0.04845,0.04845,0.04845,0.04845,-0.0001,-0.21%,0
2024-09-25,0.04855,0.04855,0.04855,0.04855,0.00001,+0.02%,0
2024-09-24,0.04854,0.04854,0.04854,0.04854,-0.00001,-0.02%,0
2024-09-23,0.04855,0.04855,0.04855,0.04855,-0.00002,-0.04%,0
2024-09-20,0.04857,0.04857,0.04857,0.04857,-0.00063,-1.28%,0
2024-09-19,0.0492,0.0492,0.0492,0.0492,-0.00041,-0.83%,0
2024-09-18,0.04961,0.04961,0.04961,0.04961,-0.00004,-0.08%,0
2024-09-17,0.04965,0.04965,0.04965,0.04965,-0.00049,-0.98%,0
2024-09-16,0.05014,0.05014,0.05014,0.05014,-0.00069,-1.36%,0
2024-09-13,0.05083,0.05083,0.05083,0.05083,-0.00013,-0.26%,0
2024-09-12,0.05096,0.05096,0.05096,0.05096,0,0.00%,0
2024-09-11,0.05096,0.05096,0.05096,0.05096,-0.00015,-0.29%,0
2024-09-10,0.05111,0.05111,0.05111,0.05111,0.00007,+0.14%,0
2024-09-09,0.05104,0.05104,0.05104,0.05104,-0.00006,-0.12%,0
2024-09-06,0.0511,0.0511,0.0511,0.0511,-0.00008,-0.16%,0
2024-09-05,0.05118,0.05118,0.05118,0.05118,-0.00044,-0.85%,0
2024-09-04,0.05162,0.05162,0.05162,0.05162,-0.00012,-0.23%,0
2024-09-03,0.05174,0.05174,0.05174,0.05174,-0.00021,-0.40%,0
2024-08-30,0.05195,0.05195,0.05195,0.05195,-0.00006,-0.12%,0
2024-08-29,0.05201,0.05201,0.05201,0.05201,-0.00046,-0.88%,0
2024-08-28,0.05247,0.05247,0.05247,0.05247,-0.00005,-0.10%,0
2024-08-27,0.05252,0.05252,0.05252,0.05252,0,0.00%,0
2024-08-26,0.05252,0.05252,0.05252,0.05252,-0.00026,-0.49%,0
2024-08-22,0.05278,0.05278,0.05278,0.05278,-0.00031,-0.58%,0
2024-08-21,0.05309,0.05309,0.05309,0.05309,-0.00002,-0.04%,0
2024-08-20,0.05311,0.05311,0.05311,0.05311,0.00001,+0.02%,0
2024-08-19,0.0531,0.0531,0.0531,0.0531,-0.00026,-0.49%,0
2024-08-16,0.05336,0.05336,0.05336,0.05336,-0.00006,-0.11%,0
2024-08-15,0.05342,0.05342,0.05342,0.05342,0.00003,+0.06%,0
2024-08-14,0.05339,0.05339,0.05339,0.05339,0.00002,+0.04%,0
2024-08-13,0.05337,0.05337,0.05337,0.05337,-0.00001,-0.02%,0
2024-08-12,0.05338,0.05338,0.05338,0.05338,0.00005,+0.09%,0
2024-08-09,0.05333,0.05333,0.05333,0.05333,0.00006,+0.11%,0
2024-08-08,0.05327,0.05327,0.05327,0.05327,0.00002,+0.04%,0
2024-08-07,0.05325,0.05325,0.05325,0.05325,0.00036,+0.68%,0
2024-08-06,0.05289,0.05289,0.05289,0.05289,-0.00038,-0.71%,0
2024-08-05,0.05327,0.05327,0.05327,0.05327,-0.00025,-0.47%,0
2024-08-02,0.05352,0.05352,0.05352,0.05352,0.00002,+0.04%,0
2024-08-01,0.0535,0.0535,0.0535,0.0535,0.00007,+0.13%,0
2024-07-31,0.05343,0.05343,0.05343,0.05343,0.00001,+0.02%,0
2024-07-30,0.05342,0.05342,0.05342,0.05342,-0.00002,-0.04%,0
2024-07-29,0.05344,0.05344,0.05344,0.05344,-0.00003,-0.06%,0
2024-07-26,0.05347,0.05347,0.05347,0.05347,0,0.00%,0
2024-07-25,0.05347,0.05347,0.05347,0.05347,-0.00002,-0.04%,0
2024-07-24,0.05349,0.05349,0.05349,0.05349,-0.00001,-0.02%,0
2024-07-23,0.0535,0.0535,0.0535,0.0535,0,0.00%,0
2024-07-22,0.0535,0.0535,0.0535,0.0535,0.00003,+0.06%,0
2024-07-19,0.05347,0.05347,0.05347,0.05347,0.00002,+0.04%,0
2024-07-18,0.05345,0.05345,0.05345,0.05345,0.00004,+0.07%,0
2024-07-17,0.05341,0.05341,0.05341,0.05341,0.00007,+0.13%,0
2024-07-16,0.05334,0.05334,0.05334,0.05334,-0.00001,-0.02%,0
2024-07-15,0.05335,0.05335,0.05335,0.05335,0.00007,+0.13%,0
2024-07-12,0.05328,0.05328,0.05328,0.05328,-0.00001,-0.02%,0
2024-07-11,0.05329,0.05329,0.05329,0.05329,0,0.00%,0
2024-07-10,0.05329,0.05329,0.05329,0.05329,0.00003,+0.06%,0
2024-07-09,0.05326,0.05326,0.05326,0.05326,0,0.00%,0
2024-07-08,0.05326,0.05326,0.05326,0.05326,-0.00001,-0.02%,0
2024-07-05,0.05327,0.05327,0.05327,0.05327,-0.00005,-0.09%,0
2024-07-03,0.05332,0.05332,0.05332,0.05332,0,0.00%,0
2024-07-02,0.05332,0.05332,0.05332,0.05332,-0.00002,-0.04%,0
2024-07-01,0.05334,0.05334,0.05334,0.05334,-0.00003,-0.06%,0
2024-06-28,0.05337,0.05337,0.05337,0.05337,-0.00006,-0.11%,0
2024-06-27,0.05343,0.05343,0.05343,0.05343,-0.00001,-0.02%,0
2024-06-26,0.05344,0.05344,0.05344,0.05344,-0.00002,-0.04%,0
2024-06-25,0.05346,0.05346,0.05346,0.05346,0.00002,+0.04%,0
2024-06-24,0.05344,0.05344,0.05344,0.05344,-0.00001,-0.02%,0
2024-06-21,0.05345,0.05345,0.05345,0.05345,0.00001,+0.02%,0
2024-06-20,0.05344,0.05344,0.05344,0.05344,0.00002,+0.04%,0
2024-06-18,0.05342,0.05342,0.05342,0.05342,0.00003,+0.06%,0
2024-06-17,0.05339,0.05339,0.05339,0.05339,0.00007,+0.13%,0
2024-06-14,0.05332,0.05332,0.05332,0.05332,0.00003,+0.06%,0
2024-06-13,0.05329,0.05329,0.05329,0.05329,-0.00002,-0.04%,0
2024-06-12,0.05331,0.05331,0.05331,0.05331,0,0.00%,0
2024-06-11,0.05331,0.05331,0.05331,0.05331,0.00002,+0.04%,0
2024-06-10,0.05329,0.05329,0.05329,0.05329,0.00001,+0.02%,0
2024-06-07,0.05328,0.05328,0.05328,0.05328,0.00002,+0.04%,0
2024-06-06,0.05326,0.05326,0.05326,0.05326,-0.00002,-0.04%,0
2024-06-05,0.05328,0.05328,0.05328,0.05328,0,0.00%,0
2024-06-04,0.05328,0.05328,0.05328,0.05328,0,0.00%,0
2024-06-03,0.05328,0.05328,0.05328,0.05328,-0.00002,-0.04%,0
2024-05-31,0.0533,0.0533,0.0533,0.0533,0.00001,+0.02%,0
2024-05-30,0.05329,0.05329,0.05329,0.05329,0,0.00%,0
2024-05-29,0.05329,0.05329,0.05329,0.05329,0.00001,+0.02%,0
2024-05-28,0.05328,0.05328,0.05328,0.05328,0,0.00%,0
2024-05-24,0.05328,0.05328,0.05328,0.05328,0.00003,+0.06%,0
2024-05-23,0.05325,0.05325,0.05325,0.05325,0.00003,+0.06%,0
2024-05-22,0.05322,0.05322,0.05322,0.05322,0,0.00%,0
2024-05-21,0.05322,0.05322,0.05322,0.05322,0.00001,+0.02%,0
2024-05-20,0.05321,0.05321,0.05321,0.05321,0.00001,+0.02%,0
2024-05-17,0.0532,0.0532,0.0532,0.0532,0,0.00%,0
2024-05-16,0.0532,0.0532,0.0532,0.0532,0,0.00%,0
2024-05-15,0.0532,0.0532,0.0532,0.0532,0,0.00%,0
2024-05-14,0.0532,0.0532,0.0532,0.0532,0.00003,+0.06%,0
2024-05-13,0.05317,0.05317,0.05317,0.05317,-0.00003,-0.06%,0
2024-05-10,0.0532,0.0532,0.0532,0.0532,-0.00001,-0.02%,0
2024-05-09,0.05321,0.05321,0.05321,0.05321,0,0.00%,0
2024-05-08,0.05321,0.05321,0.05321,0.05321,0.00001,+0.02%,0
2024-05-07,0.0532,0.0532,0.0532,0.0532,-0.00001,-0.02%,0
2024-05-06,0.05321,0.05321,0.05321,0.05321,-0.00001,-0.02%,0
2024-05-03,0.05322,0.05322,0.05322,0.05322,-0.00001,-0.02%,0
2024-05-02,0.05323,0.05323,0.05323,0.05323,0.00003,+0.06%,0
2024-05-01,0.0532,0.0532,0.0532,0.0532,0.00004,+0.08%,0
2024-04-30,0.05316,0.05316,0.05316,0.05316,0.00003,+0.06%,0
2024-04-29,0.05313,0.05313,0.05313,0.05313,-0.00003,-0.06%,0
2024-04-26,0.05316,0.05316,0.05316,0.05316,-0.00002,-0.04%,0
2024-04-25,0.05318,0.05318,0.05318,0.05318,0,0.00%,0
2024-04-24,0.05318,0.05318,0.05318,0.05318,0.00001,+0.02%,0
2024-04-23,0.05317,0.05317,0.05317,0.05317,0.00001,+0.02%,0
2024-04-22,0.05316,0.05316,0.05316,0.05316,-0.00001,-0.02%,0
2024-04-19,0.05317,0.05317,0.05317,0.05317,0.00002,+0.04%,0
2024-04-18,0.05315,0.05315,0.05315,0.05315,-0.00004,-0.08%,0
2024-04-17,0.05319,0.05319,0.05319,0.05319,0,0.00%,0
2024-04-16,0.05319,0.05319,0.05319,0.05319,0.00003,+0.06%,0
2024-04-15,0.05316,0.05316,0.05316,0.05316,-0.00003,-0.06%,0
2024-04-12,0.05319,0.05319,0.05319,0.05319,-0.00002,-0.04%,0
2024-04-11,0.05321,0.05321,0.05321,0.05321,0.00002,+0.04%,0
2024-04-10,0.05319,0.05319,0.05319,0.05319,-0.00002,-0.04%,0
2024-04-09,0.05321,0.05321,0.05321,0.05321,0.00004,+0.08%,0
2024-04-08,0.05317,0.05317,0.05317,0.05317,-0.00005,-0.09%,0
2024-04-04,0.05322,0.05322,0.05322,0.05322,-0.00001,-0.02%,0
2024-04-03,0.05323,0.05323,0.05323,0.05323,-0.00001,-0.02%,0
2024-04-02,0.05324,0.05324,0.05324,0.05324,0,0.00%,0
2024-04-01,0.05324,0.05324,0.05324,0.05324,-0.00005,-0.09%,0
2024-03-28,0.05329,0.05329,0.05329,0.05329,0.00002,+0.04%,0
2024-03-27,0.05327,0.05327,0.05327,0.05327,-0.00003,-0.06%,0
2024-03-26,0.0533,0.0533,0.0533,0.0533,-0.00002,-0.04%,0
2024-03-25,0.05332,0.05332,0.05332,0.05332,0.00003,+0.06%,0
2024-03-22,0.05329,0.05329,0.05329,0.05329,0,0.00%,0
2024-03-21,0.05329,0.05329,0.05329,0.05329,0,0.00%,0
2024-03-20,0.05329,0.05329,0.05329,0.05329,0.00002,+0.04%,0
2024-03-14,0.05327,0.05327,0.05327,0.05327,0.00002,+0.04%,0
2024-03-13,0.05325,0.05325,0.05325,0.05325,0,0.00%,0
2024-03-12,0.05325,0.05325,0.05325,0.05325,0.00004,+0.08%,0
2024-03-11,0.05321,0.05321,0.05321,0.05321,0.00002,+0.04%,0
2024-03-08,0.05319,0.05319,0.05319,0.05319,0.00001,+0.02%,0
2024-03-07,0.05318,0.05318,0.05318,0.05318,-0.00002,-0.04%,0
2024-03-06,0.0532,0.0532,0.0532,0.0532,-0.00001,-0.02%,0
2024-03-05,0.05321,0.05321,0.05321,0.05321,0,0.00%,0
2024-03-04,0.05321,0.05321,0.05321,0.05321,-0.00002,-0.04%,0
2024-03-01,0.05323,0.05323,0.05323,0.05323,0.00001,+0.02%,0
2024-02-29,0.05322,0.05322,0.05322,0.05322,-0.00004,-0.08%,0
2024-02-28,0.05326,0.05326,0.05326,0.05326,0,0.00%,0
2024-02-27,0.05326,0.05326,0.05326,0.05326,-0.00002,-0.04%,0
2024-02-26,0.05328,0.05328,0.05328,0.05328,0.00004,+0.08%,0
2024-02-23,0.05324,0.05324,0.05324,0.05324,0.00003,+0.06%,0
2024-02-22,0.05321,0.05321,0.05321,0.05321,0,0.00%,0
2024-02-21,0.05321,0.05321,0.05321,0.05321,0.00001,+0.02%,0
2024-02-20,0.0532,0.0532,0.0532,0.0532,0.00004,+0.08%,0
2024-02-16,0.05316,0.05316,0.05316,0.05316,-0.00004,-0.08%,0
2024-02-15,0.0532,0.0532,0.0532,0.0532,-0.00001,-0.02%,0
2024-02-14,0.05321,0.05321,0.05321,0.05321,0.00003,+0.06%,0
2024-02-13,0.05318,0.05318,0.05318,0.05318,-0.00002,-0.04%,0
2024-02-12,0.0532,0.0532,0.0532,0.0532,-0.00001,-0.02%,0
2024-02-09,0.05321,0.05321,0.05321,0.05321,0.00003,+0.06%,0
2024-02-08,0.05318,0.05318,0.05318,0.05318,-0.00003,-0.06%,0
2024-02-07,0.05321,0.05321,0.05321,0.05321,-0.00002,-0.04%,0
2024-02-06,0.05323,0.05323,0.05323,0.05323,0.00001,+0.02%,0
2024-02-05,0.05322,0.05322,0.05322,0.05322,0,0.00%,0
2024-02-02,0.05322,0.05322,0.05322,0.05322,-0.00002,-0.04%,0
2024-02-01,0.05324,0.05324,0.05324,0.05324,-0.00006,-0.11%,0
2024-01-31,0.0533,0.0533,0.0533,0.0533,0.00002,+0.04%,0
2024-01-30,0.05328,0.05328,0.05328,0.05328,-0.00005,-0.09%,0
2024-01-29,0.05333,0.05333,0.05333,0.05333,-0.00003,-0.06%,0
2024-01-26,0.05336,0.05336,0.05336,0.05336,-0.00001,-0.02%,0
2024-01-25,0.05337,0.05337,0.05337,0.05337,0,0.00%,0
2024-01-24,0.05337,0.05337,0.05337,0.05337,0.00001,+0.02%,0
2024-01-23,0.05336,0.05336,0.05336,0.05336,0.00001,+0.02%,0
2024-01-22,0.05335,0.05335,0.05335,0.05335,-0.00001,-0.02%,0
2024-01-19,0.05336,0.05336,0.05336,0.05336,-0.00001,-0.02%,0
2024-01-18,0.05337,0.05337,0.05337,0.05337,0.00002,+0.04%,0
2024-01-17,0.05335,0.05335,0.05335,0.05335,-0.00003,-0.06%,0
2024-01-12,0.05338,0.05338,0.05338,0.05338,0.00005,+0.09%,0
2024-01-11,0.05333,0.05333,0.05333,0.05333,-0.00001,-0.02%,0
2024-01-10,0.05334,0.05334,0.05334,0.05334,-0.00002,-0.04%,0
2024-01-09,0.05336,0.05336,0.05336,0.05336,-0.00002,-0.04%,0
2024-01-08,0.05338,0.05338,0.05338,0.05338,-0.00001,-0.02%,0
2024-01-05,0.05339,0.05339,0.05339,0.05339,-0.00005,-0.09%,0
2024-01-04,0.05344,0.05344,0.05344,0.05344,-0.00001,-0.02%,0
2024-01-03,0.05345,0.05345,0.05345,0.05345,-0.00003,-0.06%,0
2024-01-02,0.05348,0.05348,0.05348,0.05348,-0.00007,-0.13%,0
2023-12-29,0.05355,0.05355,0.05355,0.05355,0.00002,+0.04%,0
2023-12-28,0.05353,0.05353,0.05353,0.05353,-0.00003,-0.06%,0
2023-12-27,0.05356,0.05356,0.05356,0.05356,-0.00001,-0.02%,0
2023-12-26,0.05357,0.05357,0.05357,0.05357,0.00002,+0.04%,0
2023-12-22,0.05355,0.05355,0.05355,0.05355,-0.00001,-0.02%,0
2023-12-21,0.05356,0.05356,0.05356,0.05356,-0.00001,-0.02%,0
2023-12-20,0.05357,0.05357,0.05357,0.05357,-0.00001,-0.02%,0
2023-12-19,0.05358,0.05358,0.05358,0.05358,0,0.00%,0
2023-12-18,0.05358,0.05358,0.05358,0.05358,0.00002,+0.04%,0
2023-12-15,0.05356,0.05356,0.05356,0.05356,-0.00002,-0.04%,0
2023-12-14,0.05358,0.05358,0.05358,0.05358,-0.00004,-0.07%,0
2023-12-13,0.05362,0.05362,0.05362,0.05362,-0.00003,-0.06%,0
2023-12-12,0.05365,0.05365,0.05365,0.05365,0.00005,+0.09%,0
2023-12-11,0.0536,0.0536,0.0536,0.0536,0.00005,+0.09%,0
2023-12-08,0.05355,0.05355,0.05355,0.05355,-0.00002,-0.04%,0
2023-12-07,0.05357,0.05357,0.05357,0.05357,-0.00009,-0.17%,0
2023-12-06,0.05366,0.05366,0.05366,0.05366,0.00006,+0.11%,0
2023-12-05,0.0536,0.0536,0.0536,0.0536,0.00015,+0.28%,0
2023-12-04,0.05345,0.05345,0.05345,0.05345,-0.00001,-0.02%,0
2023-12-01,0.05346,0.05346,0.05346,0.05346,0.00005,+0.09%,0
2023-11-30,0.05341,0.05341,0.05341,0.05341,-0.00002,-0.04%,0
2023-11-29,0.05343,0.05343,0.05343,0.05343,-0.00005,-0.09%,0
2023-11-28,0.05348,0.05348,0.05348,0.05348,-0.00004,-0.07%,0
2023-11-27,0.05352,0.05352,0.05352,0.05352,0.00005,+0.09%,0
2023-11-24,0.05347,0.05347,0.05347,0.05347,0.00004,+0.07%,0
2023-11-22,0.05343,0.05343,0.05343,0.05343,0.00002,+0.04%,0
2023-11-21,0.05341,0.05341,0.05341,0.05341,0.00006,+0.11%,0
2023-11-20,0.05335,0.05335,0.05335,0.05335,0.00002,+0.04%,0
2023-11-17,0.05333,0.05333,0.05333,0.05333,0.00002,+0.04%,0
2023-11-16,0.05331,0.05331,0.05331,0.05331,0.00001,+0.02%,0
2023-11-15,0.0533,0.0533,0.0533,0.0533,0,0.00%,0
2023-11-14,0.0533,0.0533,0.0533,0.0533,0.00007,+0.13%,0
2023-11-13,0.05323,0.05323,0.05323,0.05323,0.00001,+0.02%,0
2023-11-10,0.05322,0.05322,0.05322,0.05322,0.00001,+0.02%,0
2023-11-09,0.05321,0.05321,0.05321,0.05321,0,0.00%,0
2023-11-08,0.05321,0.05321,0.05321,0.05321,-0.00001,-0.02%,0
2023-11-07,0.05322,0.05322,0.05322,0.05322,-0.00001,-0.02%,0
2023-11-06,0.05323,0.05323,0.05323,0.05323,0.00001,+0.02%,0
2023-11-03,0.05322,0.05322,0.05322,0.05322,-0.00008,-0.15%,0
2023-11-02,0.0533,0.0533,0.0533,0.0533,0.00007,+0.13%,0
2023-11-01,0.05323,0.05323,0.05323,0.05323,0.00003,+0.06%,0
2023-10-31,0.0532,0.0532,0.0532,0.0532,0,0.00%,0
2023-10-30,0.0532,0.0532,0.0532,0.0532,-0.00004,-0.08%,0
2023-10-27,0.05324,0.05324,0.05324,0.05324,-0.00003,-0.06%,0
2023-10-26,0.05327,0.05327,0.05327,0.05327,0.00001,+0.02%,0
2023-10-25,0.05326,0.05326,0.05326,0.05326,0.00001,+0.02%,0
2023-10-24,0.05325,0.05325,0.05325,0.05325,0.00001,+0.02%,0
2023-10-23,0.05324,0.05324,0.05324,0.05324,-0.00008,-0.15%,0
2023-10-20,0.05332,0.05332,0.05332,0.05332,-0.00007,-0.13%,0
2023-10-19,0.05339,0.05339,0.05339,0.05339,0,0.00%,0
2023-10-18,0.05339,0.05339,0.05339,0.05339,0.00006,+0.11%,0
2023-10-17,0.05333,0.05333,0.05333,0.05333,-0.00002,-0.04%,0
2023-10-16,0.05335,0.05335,0.05335,0.05335,0,0.00%,0
2023-10-13,0.05335,0.05335,0.05335,0.05335,0.00003,+0.06%,0
2023-10-11,0.05332,0.05332,0.05332,0.05332,-0.00017,-0.32%,0
2023-10-10,0.05349,0.05349,0.05349,0.05349,0.00008,+0.15%,0
2023-10-06,0.05341,0.05341,0.05341,0.05341,0.00005,+0.09%,0
2023-10-05,0.05336,0.05336,0.05336,0.05336,0.00008,+0.15%,0
2023-10-03,0.05328,0.05328,0.05328,0.05328,0.00004,+0.08%,0
2023-10-02,0.05324,0.05324,0.05324,0.05324,0.00009,+0.17%,0
2023-09-28,0.05315,0.05315,0.05315,0.05315,-0.00001,-0.02%,0
2023-09-27,0.05316,0.05316,0.05316,0.05316,-0.00002,-0.04%,0
2023-09-26,0.05318,0.05318,0.05318,0.05318,0.00001,+0.02%,0
2023-09-25,0.05317,0.05317,0.05317,0.05317,0,0.00%,0
2023-09-22,0.05317,0.05317,0.05317,0.05317,-0.00003,-0.06%,0
2023-09-21,0.0532,0.0532,0.0532,0.0532,-0.00004,-0.08%,0
2023-09-20,0.05324,0.05324,0.05324,0.05324,0,0.00%,0
2023-09-19,0.05324,0.05324,0.05324,0.05324,-0.00001,-0.02%,0
2023-09-18,0.05325,0.05325,0.05325,0.05325,-0.00002,-0.04%,0
2023-09-15,0.05327,0.05327,0.05327,0.05327,-0.00004,-0.08%,0
2023-09-14,0.05331,0.05331,0.05331,0.05331,-0.00001,-0.02%,0
2023-09-13,0.05332,0.05332,0.05332,0.05332,-0.00002,-0.04%,0
2023-09-12,0.05334,0.05334,0.05334,0.05334,0.00006,+0.11%,0
2023-09-11,0.05328,0.05328,0.05328,0.05328,-0.00002,-0.04%,0
2023-09-08,0.0533,0.0533,0.0533,0.0533,0.00001,+0.02%,0
2023-09-07,0.05329,0.05329,0.05329,0.05329,0.00002,+0.04%,0
2023-09-06,0.05327,0.05327,0.05327,0.05327,-0.00001,-0.02%,0
2023-09-05,0.05328,0.05328,0.05328,0.05328,-0.00001,-0.02%,0
2023-09-01,0.05329,0.05329,0.05329,0.05329,0.00002,+0.04%,0
2023-08-31,0.05327,0.05327,0.05327,0.05327,-0.00003,-0.06%,0
2023-08-30,0.0533,0.0533,0.0533,0.0533,-0.00001,-0.02%,0
2023-08-29,0.05331,0.05331,0.05331,0.05331,-0.00003,-0.06%,0
2023-08-28,0.05334,0.05334,0.05334,0.05334,0.00005,+0.09%,0
2023-08-25,0.05329,0.05329,0.05329,0.05329,0.00009,+0.17%,0
2023-08-24,0.0532,0.0532,0.0532,0.0532,0.00005,+0.09%,0
2023-08-23,0.05315,0.05315,0.05315,0.05315,0,0.00%,0
2023-08-22,0.05315,0.05315,0.05315,0.05315,-0.00003,-0.06%,0
2023-08-21,0.05318,0.05318,0.05318,0.05318,0.00004,+0.08%,0
2023-08-18,0.05314,0.05314,0.05314,0.05314,0,0.00%,0
2023-08-17,0.05314,0.05314,0.05314,0.05314,0.00002,+0.04%,0
2023-08-16,0.05312,0.05312,0.05312,0.05312,-0.00002,-0.04%,0
2023-08-15,0.05314,0.05314,0.05314,0.05314,0.00001,+0.02%,0
2023-08-14,0.05313,0.05313,0.05313,0.05313,0.00002,+0.04%,0
2023-08-11,0.05311,0.05311,0.05311,0.05311,-0.00002,-0.04%,0
2023-08-10,0.05313,0.05313,0.05313,0.05313,0,0.00%,0
2023-08-09,0.05313,0.05313,0.05313,0.05313,0.00001,+0.02%,0
2023-08-08,0.05312,0.05312,0.05312,0.05312,-0.00004,-0.08%,0
2023-08-07,0.05316,0.05316,0.05316,0.05316,-0.00001,-0.02%,0
2023-08-04,0.05317,0.05317,0.05317,0.05317,0.00001,+0.02%,0
2023-08-03,0.05316,0.05316,0.05316,0.05316,-0.00001,-0.02%,0
2023-08-02,0.05317,0.05317,0.05317,0.05317,-0.00001,-0.02%,0
2023-08-01,0.05318,0.05318,0.05318,0.05318,0,0.00%,0
2023-07-31,0.05318,0.05318,0.05318,0.05318,0,0.00%,0
2023-07-28,0.05318,0.05318,0.05318,0.05318,-0.00001,-0.02%,0
2023-07-27,0.05319,0.05319,0.05319,0.05319,0.00002,+0.04%,0
2023-07-26,0.05317,0.05317,0.05317,0.05317,0.00001,+0.02%,0
2023-07-25,0.05316,0.05316,0.05316,0.05316,0.00011,+0.21%,0
2023-07-24,0.05305,0.05305,0.05305,0.05305,0.00007,+0.13%,0
2023-07-21,0.05298,0.05298,0.05298,0.05298,0.00007,+0.13%,0
2023-07-20,0.05291,0.05291,0.05291,0.05291,0.00027,+0.51%,0
2023-07-19,0.05264,0.05264,0.05264,0.05264,0.00009,+0.17%,0
2023-07-18,0.05255,0.05255,0.05255,0.05255,0.00009,+0.17%,0
2023-07-17,0.05246,0.05246,0.05246,0.05246,0.00016,+0.31%,0
2023-07-14,0.0523,0.0523,0.0523,0.0523,0.00008,+0.15%,0
2023-07-13,0.05222,0.05222,0.05222,0.05222,0.0002,+0.38%,0
2023-07-12,0.05202,0.05202,0.05202,0.05202,0.00006,+0.12%,0
2023-07-11,0.05196,0.05196,0.05196,0.05196,0.00002,+0.04%,0
2023-07-10,0.05194,0.05194,0.05194,0.05194,0.00017,+0.33%,0
2023-07-07,0.05177,0.05177,0.05177,0.05177,0.00012,+0.23%,0
2023-07-06,0.05165,0.05165,0.05165,0.05165,0.0002,+0.39%,0
2023-07-05,0.05145,0.05145,0.05145,0.05145,0.00003,+0.06%,0
2023-07-03,0.05142,0.05142,0.05142,0.05142,0.00001,+0.02%,0
2023-06-30,0.05141,0.05141,0.05141,0.05141,0.00028,+0.55%,0
2023-06-29,0.05113,0.05113,0.05113,0.05113,0.00011,+0.22%,0
2023-06-28,0.05102,0.05102,0.05102,0.05102,-0.00003,-0.06%,0
2023-06-27,0.05105,0.05105,0.05105,0.05105,0.00018,+0.35%,0
2023-06-26,0.05087,0.05087,0.05087,0.05087,0.00003,+0.06%,0
2023-06-23,0.05084,0.05084,0.05084,0.05084,-0.00005,-0.10%,0
2023-06-22,0.05089,0.05089,0.05089,0.05089,0.00007,+0.14%,0
2023-06-21,0.05082,0.05082,0.05082,0.05082,0.00005,+0.10%,0
2023-06-20,0.05077,0.05077,0.05077,0.05077,0.00001,+0.02%,0
2023-06-16,0.05076,0.05076,0.05076,0.05076,-0.00015,-0.29%,0
2023-06-15,0.05091,0.05091,0.05091,0.05091,-0.00011,-0.22%,0
2023-06-14,0.05102,0.05102,0.05102,0.05102,-0.00045,-0.87%,0
2023-06-13,0.05147,0.05147,0.05147,0.05147,-0.00001,-0.02%,0
2023-06-12,0.05148,0.05148,0.05148,0.05148,0.00002,+0.04%,0
2023-06-09,0.05146,0.05146,0.05146,0.05146,0,0.00%,0
2023-06-08,0.05146,0.05146,0.05146,0.05146,0.00015,+0.29%,0
2023-06-07,0.05131,0.05131,0.05131,0.05131,-0.00007,-0.14%,0
2023-06-06,0.05138,0.05138,0.05138,0.05138,-0.00012,-0.23%,0
2023-06-05,0.0515,0.0515,0.0515,0.0515,0.00009,+0.18%,0
2023-06-02,0.05141,0.05141,0.05141,0.05141,-0.00033,-0.64%,0
2023-06-01,0.05174,0.05174,0.05174,0.05174,0.00002,+0.04%,0
2023-05-31,0.05172,0.05172,0.05172,0.05172,0.00012,+0.23%,0
2023-05-30,0.0516,0.0516,0.0516,0.0516,0.00007,+0.14%,0
2023-05-26,0.05153,0.05153,0.05153,0.05153,0.00017,+0.33%,0
2023-05-25,0.05136,0.05136,0.05136,0.05136,0.00025,+0.49%,0
2023-05-24,0.05111,0.05111,0.05111,0.05111,0.00011,+0.22%,0
2023-05-23,0.051,0.051,0.051,0.051,0.00002,+0.04%,0
2023-05-22,0.05098,0.05098,0.05098,0.05098,0.00004,+0.08%,0
2023-05-19,0.05094,0.05094,0.05094,0.05094,0.00012,+0.24%,0
2023-05-18,0.05082,0.05082,0.05082,0.05082,0.00009,+0.18%,0
2023-05-17,0.05073,0.05073,0.05073,0.05073,0.00005,+0.10%,0
2023-05-16,0.05068,0.05068,0.05068,0.05068,0.00002,+0.04%,0
2023-05-15,0.05066,0.05066,0.05066,0.05066,0.00009,+0.18%,0
2023-05-12,0.05057,0.05057,0.05057,0.05057,-0.00002,-0.04%,0
2023-05-11,0.05059,0.05059,0.05059,0.05059,0.00002,+0.04%,0
2023-05-10,0.05057,0.05057,0.05057,0.05057,0.00003,+0.06%,0
2023-05-09,0.05054,0.05054,0.05054,0.05054,-0.00001,-0.02%,0
2023-05-08,0.05055,0.05055,0.05055,0.05055,0.00005,+0.10%,0
2023-05-05,0.0505,0.0505,0.0505,0.0505,0.00007,+0.14%,0
2023-05-04,0.05043,0.05043,0.05043,0.05043,0.00003,+0.06%,0
2023-05-03,0.0504,0.0504,0.0504,0.0504,-0.00006,-0.12%,0
2023-05-02,0.05046,0.05046,0.05046,0.05046,0.00012,+0.24%,0
2023-05-01,0.05034,0.05034,0.05034,0.05034,0.00015,+0.30%,0
2023-04-28,0.05019,0.05019,0.05019,0.05019,0.00026,+0.52%,0
2023-04-27,0.04993,0.04993,0.04993,0.04993,0.00011,+0.22%,0
2023-04-26,0.04982,0.04982,0.04982,0.04982,-0.00015,-0.30%,0
2023-04-25,0.04997,0.04997,0.04997,0.04997,0.0002,+0.40%,0
2023-04-24,0.04977,0.04977,0.04977,0.04977,0.00007,+0.14%,0
2023-04-21,0.0497,0.0497,0.0497,0.0497,0.00006,+0.12%,0
2023-04-20,0.04964,0.04964,0.04964,0.04964,0.00018,+0.36%,0
2023-04-19,0.04946,0.04946,0.04946,0.04946,0.00008,+0.16%,0
2023-04-18,0.04938,0.04938,0.04938,0.04938,0.00021,+0.43%,0
2023-04-17,0.04917,0.04917,0.04917,0.04917,0.00024,+0.49%,0
2023-04-14,0.04893,0.04893,0.04893,0.04893,0.00003,+0.06%,0
2023-04-13,0.0489,0.0489,0.0489,0.0489,0.00009,+0.18%,0
2023-04-12,0.04881,0.04881,0.04881,0.04881,0.00005,+0.10%,0
2023-04-11,0.04876,0.04876,0.04876,0.04876,0.00021,+0.43%,0
2023-04-10,0.04855,0.04855,0.04855,0.04855,0.00021,+0.43%,0
2023-04-07,0.04834,0.04834,0.04834,0.04834,0.00001,+0.02%,0
2023-04-06,0.04833,0.04833,0.04833,0.04833,0.00003,+0.06%,0
2023-04-05,0.0483,0.0483,0.0483,0.0483,0.00002,+0.04%,0
2023-04-04,0.04828,0.04828,0.04828,0.04828,0.00018,+0.37%,0
2023-04-03,0.0481,0.0481,0.0481,0.0481,0.00007,+0.15%,0
2023-03-31,0.04803,0.04803,0.04803,0.04803,0,0.00%,0
2023-03-30,0.04803,0.04803,0.04803,0.04803,-0.00004,-0.08%,0
2023-03-29,0.04807,0.04807,0.04807,0.04807,-0.00002,-0.04%,0
2023-03-28,0.04809,0.04809,0.04809,0.04809,0.00018,+0.38%,0
2023-03-27,0.04791,0.04791,0.04791,0.04791,-0.00015,-0.31%,0
2023-03-24,0.04806,0.04806,0.04806,0.04806,0.00014,+0.29%,0
2023-03-23,0.04792,0.04792,0.04792,0.04792,0.00016,+0.34%,0
2023-03-22,0.04776,0.04776,0.04776,0.04776,0.00017,+0.36%,0
2023-03-21,0.04759,0.04759,0.04759,0.04759,0.00008,+0.17%,0
2023-03-20,0.04751,0.04751,0.04751,0.04751,-0.00005,-0.11%,0
2023-03-17,0.04756,0.04756,0.04756,0.04756,0.00065,+1.39%,0
2023-03-16,0.04691,0.04691,0.04691,0.04691,-0.00052,-1.10%,0
2023-03-15,0.04743,0.04743,0.04743,0.04743,0.00084,+1.80%,0
2023-03-14,0.04659,0.04659,0.04659,0.04659,-0.00168,-3.48%,0
2023-03-13,0.04827,0.04827,0.04827,0.04827,-0.00033,-0.68%,0
2023-03-10,0.0486,0.0486,0.0486,0.0486,0.00013,+0.27%,0
2023-03-09,0.04847,0.04847,0.04847,0.04847,0.0007,+1.47%,0
2023-03-08,0.04777,0.04777,0.04777,0.04777,0.00044,+0.93%,0
2023-03-07,0.04733,0.04733,0.04733,0.04733,0.00009,+0.19%,0
2023-03-06,0.04724,0.04724,0.04724,0.04724,0.00016,+0.34%,0
2023-03-03,0.04708,0.04708,0.04708,0.04708,0.0001,+0.21%,0
2023-03-02,0.04698,0.04698,0.04698,0.04698,0.00034,+0.73%,0
2023-03-01,0.04664,0.04664,0.04664,0.04664,0.00003,+0.06%,0
2023-02-28,0.04661,0.04661,0.04661,0.04661,-0.00004,-0.09%,0
2023-02-27,0.04665,0.04665,0.04665,0.04665,0.00047,+1.02%,0
2023-02-24,0.04618,0.04618,0.04618,0.04618,0.00013,+0.28%,0
2023-02-23,0.04605,0.04605,0.04605,0.04605,0.0003,+0.66%,0
2023-02-22,0.04575,0.04575,0.04575,0.04575,0.00014,+0.31%,0
2023-02-21,0.04561,0.04561,0.04561,0.04561,-0.00002,-0.04%,0
2023-02-17,0.04563,0.04563,0.04563,0.04563,0,0.00%,0
2023-02-16,0.04563,0.04563,0.04563,0.04563,-0.00001,-0.02%,0
2023-02-15,0.04564,0.04564,0.04564,0.04564,0.00002,+0.04%,0
2023-02-14,0.04562,0.04562,0.04562,0.04562,-0.00001,-0.02%,0
2023-02-13,0.04563,0.04563,0.04563,0.04563,0.00002,+0.04%,0
2023-02-10,0.04561,0.04561,0.04561,0.04561,0.00001,+0.02%,0
2023-02-09,0.0456,0.0456,0.0456,0.0456,-0.00001,-0.02%,0
2023-02-08,0.04561,0.04561,0.04561,0.04561,-0.00005,-0.11%,0
2023-02-07,0.04566,0.04566,0.04566,0.04566,0,0.00%,0
2023-02-06,0.04566,0.04566,0.04566,0.04566,-0.00001,-0.02%,0
2023-02-03,0.04567,0.04567,0.04567,0.04567,0,0.00%,0
2023-02-02,0.04567,0.04567,0.04567,0.04567,-0.00005,-0.11%,0
2023-02-01,0.04572,0.04572,0.04572,0.04572,0,0.00%,0
2023-01-31,0.04572,0.04572,0.04572,0.04572,0.00004,+0.09%,0
2023-01-30,0.04568,0.04568,0.04568,0.04568,0.00007,+0.15%,0
2023-01-27,0.04561,0.04561,0.04561,0.04561,0.00008,+0.18%,0
2023-01-26,0.04553,0.04553,0.04553,0.04553,0.00015,+0.33%,0
2023-01-25,0.04538,0.04538,0.04538,0.04538,0.00004,+0.09%,0
2023-01-24,0.04534,0.04534,0.04534,0.04534,0.00004,+0.09%,0
2023-01-23,0.0453,0.0453,0.0453,0.0453,0.0001,+0.22%,0
2023-01-20,0.0452,0.0452,0.0452,0.0452,0.00008,+0.18%,0
2023-01-19,0.04512,0.04512,0.04512,0.04512,0.00024,+0.53%,0
2023-01-18,0.04488,0.04488,0.04488,0.04488,0.00006,+0.13%,0
2023-01-17,0.04482,0.04482,0.04482,0.04482,-0.00001,-0.02%,0
2023-01-13,0.04483,0.04483,0.04483,0.04483,0.00005,+0.11%,0
2023-01-12,0.04478,0.04478,0.04478,0.04478,0.00044,+0.99%,0
2023-01-11,0.04434,0.04434,0.04434,0.04434,0.00004,+0.09%,0
2023-01-10,0.0443,0.0443,0.0443,0.0443,-0.00003,-0.07%,0
2023-01-09,0.04433,0.04433,0.04433,0.04433,0.0002,+0.45%,0
2023-01-06,0.04413,0.04413,0.04413,0.04413,0.00016,+0.36%,0
2023-01-05,0.04397,0.04397,0.04397,0.04397,0.00033,+0.76%,0
2023-01-04,0.04364,0.04364,0.04364,0.04364,0.00004,+0.09%,0
2023-01-03,0.0436,0.0436,0.0436,0.0436,0.00002,+0.05%,0
2022-12-30,0.04358,0.04358,0.04358,0.04358,0.00024,+0.55%,0
2022-12-29,0.04334,0.04334,0.04334,0.04334,0.00011,+0.25%,0
2022-12-28,0.04323,0.04323,0.04323,0.04323,0,0.00%,0
2022-12-27,0.04323,0.04323,0.04323,0.04323,0,0.00%,0
2022-12-23,0.04323,0.04323,0.04323,0.04323,0,0.00%,0
2022-12-22,0.04323,0.04323,0.04323,0.04323,0,0.00%,0
2022-12-21,0.04323,0.04323,0.04323,0.04323,0.00002,+0.05%,0
2022-12-20,0.04321,0.04321,0.04321,0.04321,0,0.00%,0
2022-12-19,0.04321,0.04321,0.04321,0.04321,0,0.00%,0
2022-12-16,0.04321,0.04321,0.04321,0.04321,-0.00004,-0.09%,0
2022-12-15,0.04325,0.04325,0.04325,0.04325,-0.00001,-0.02%,0
2022-12-14,0.04326,0.04326,0.04326,0.04326,-0.0001,-0.23%,0
2022-12-13,0.04336,0.04336,0.04336,0.04336,0.00019,+0.44%,0
2022-12-12,0.04317,0.04317,0.04317,0.04317,0.00019,+0.44%,0
2022-12-09,0.04298,0.04298,0.04298,0.04298,0.00015,+0.35%,0
2022-12-08,0.04283,0.04283,0.04283,0.04283,0.00049,+1.16%,0
2022-12-07,0.04234,0.04234,0.04234,0.04234,0.00009,+0.21%,0
2022-12-06,0.04225,0.04225,0.04225,0.04225,0.00008,+0.19%,0
2022-12-05,0.04217,0.04217,0.04217,0.04217,0.00029,+0.69%,0
2022-12-02,0.04188,0.04188,0.04188,0.04188,0.00007,+0.17%,0
2022-12-01,0.04181,0.04181,0.04181,0.04181,0.00052,+1.26%,0
2022-11-30,0.04129,0.04129,0.04129,0.04129,0.00005,+0.12%,0
2022-11-29,0.04124,0.04124,0.04124,0.04124,0.00037,+0.91%,0
2022-11-28,0.04087,0.04087,0.04087,0.04087,0.00006,+0.15%,0
2022-11-25,0.04081,0.04081,0.04081,0.04081,0.00026,+0.64%,0
2022-11-23,0.04055,0.04055,0.04055,0.04055,0.00036,+0.90%,0
2022-11-22,0.04019,0.04019,0.04019,0.04019,0.00068,+1.72%,0
2022-11-21,0.03951,0.03951,0.03951,0.03951,0.00019,+0.48%,0
2022-11-18,0.03932,0.03932,0.03932,0.03932,0.00021,+0.54%,0
2022-11-17,0.03911,0.03911,0.03911,0.03911,0.00036,+0.93%,0
2022-11-16,0.03875,0.03875,0.03875,0.03875,0.00011,+0.28%,0
2022-11-15,0.03864,0.03864,0.03864,0.03864,0.00053,+1.39%,0
2022-11-14,0.03811,0.03811,0.03811,0.03811,0.00017,+0.45%,0
2022-11-10,0.03794,0.03794,0.03794,0.03794,-0.00002,-0.05%,0
2022-11-09,0.03796,0.03796,0.03796,0.03796,-0.00003,-0.08%,0
2022-11-08,0.03799,0.03799,0.03799,0.03799,-0.00002,-0.05%,0
2022-11-07,0.03801,0.03801,0.03801,0.03801,-0.00006,-0.16%,0
2022-11-04,0.03807,0.03807,0.03807,0.03807,0.00013,+0.34%,0
2022-11-03,0.03794,0.03794,0.03794,0.03794,0.00012,+0.32%,0
2022-11-02,0.03782,0.03782,0.03782,0.03782,-0.00004,-0.11%,0
2022-11-01,0.03786,0.03786,0.03786,0.03786,0.00025,+0.66%,0
2022-10-31,0.03761,0.03761,0.03761,0.03761,0.00017,+0.45%,0
2022-10-28,0.03744,0.03744,0.03744,0.03744,0.00015,+0.40%,0
2022-10-27,0.03729,0.03729,0.03729,0.03729,0.0006,+1.64%,0
2022-10-26,0.03669,0.03669,0.03669,0.03669,0.00023,+0.63%,0
2022-10-25,0.03646,0.03646,0.03646,0.03646,0.00019,+0.52%,0
2022-10-24,0.03627,0.03627,0.03627,0.03627,0.00029,+0.81%,0
2022-10-21,0.03598,0.03598,0.03598,0.03598,0.0002,+0.56%,0
2022-10-20,0.03578,0.03578,0.03578,0.03578,0.00087,+2.49%,0
2022-10-19,0.03491,0.03491,0.03491,0.03491,0.00014,+0.40%,0
2022-10-18,0.03477,0.03477,0.03477,0.03477,0.0001,+0.29%,0
2022-10-17,0.03467,0.03467,0.03467,0.03467,0.00051,+1.49%,0
2022-10-14,0.03416,0.03416,0.03416,0.03416,0.0004,+1.18%,0
2022-10-13,0.03376,0.03376,0.03376,0.03376,0.00074,+2.24%,0
2022-10-12,0.03302,0.03302,0.03302,0.03302,0.00013,+0.40%,0
2022-10-11,0.03289,0.03289,0.03289,0.03289,0.00015,+0.46%,0
2022-10-07,0.03274,0.03274,0.03274,0.03274,0.00006,+0.18%,0
2022-10-06,0.03268,0.03268,0.03268,0.03268,0.00142,+4.54%,0
2022-10-05,0.03126,0.03126,0.03126,0.03126,0.00018,+0.58%,0
2022-10-04,0.03108,0.03108,0.03108,0.03108,0.00006,+0.19%,0
2022-10-03,0.03102,0.03102,0.03102,0.03102,0.0006,+1.97%,0
2022-09-30,0.03042,0.03042,0.03042,0.03042,0.00022,+0.73%,0
2022-09-29,0.0302,0.0302,0.0302,0.0302,-0.00014,-0.46%,0
2022-09-28,0.03034,0.03034,0.03034,0.03034,-0.00013,-0.43%,0
2022-09-27,0.03047,0.03047,0.03047,0.03047,0.00012,+0.40%,0
2022-09-26,0.03035,0.03035,0.03035,0.03035,0.00003,+0.10%,0
2022-09-23,0.03032,0.03032,0.03032,0.03032,-0.00032,-1.04%,0
2022-09-22,0.03064,0.03064,0.03064,0.03064,-0.00011,-0.36%,0
2022-09-21,0.03075,0.03075,0.03075,0.03075,-0.00001,-0.03%,0
2022-09-20,0.03076,0.03076,0.03076,0.03076,0.0003,+0.98%,0
2022-09-19,0.03046,0.03046,0.03046,0.03046,0.00022,+0.73%,0
2022-09-16,0.03024,0.03024,0.03024,0.03024,0.00006,+0.20%,0
2022-09-15,0.03018,0.03018,0.03018,0.03018,0.00096,+3.29%,0
2022-09-14,0.02922,0.02922,0.02922,0.02922,0.00077,+2.71%,0
2022-09-13,0.02845,0.02845,0.02845,0.02845,0.00066,+2.37%,0
2022-09-09,0.02779,0.02779,0.02779,0.02779,0.00032,+1.16%,0
2022-09-08,0.02747,0.02747,0.02747,0.02747,0.00064,+2.39%,0
2022-09-07,0.02683,0.02683,0.02683,0.02683,0.00029,+1.09%,0
2022-09-06,0.02654,0.02654,0.02654,0.02654,0.0003,+1.14%,0
2022-09-02,0.02624,0.02624,0.02624,0.02624,0.00028,+1.08%,0
2022-09-01,0.02596,0.02596,0.02596,0.02596,0.00074,+2.93%,0
2022-08-31,0.02522,0.02522,0.02522,0.02522,0.0001,+0.40%,0
2022-08-30,0.02512,0.02512,0.02512,0.02512,0.00057,+2.32%,0
2022-08-29,0.02455,0.02455,0.02455,0.02455,-0.00004,-0.16%,0
2022-08-26,0.02459,0.02459,0.02459,0.02459,0.00018,+0.74%,0
2022-08-25,0.02441,0.02441,0.02441,0.02441,0.00065,+2.74%,0
2022-08-24,0.02376,0.02376,0.02376,0.02376,-0.00003,-0.13%,0
2022-08-23,0.02379,0.02379,0.02379,0.02379,0.00007,+0.30%,0
2022-08-22,0.02372,0.02372,0.02372,0.02372,0.00059,+2.55%,0
2022-08-19,0.02313,0.02313,0.02313,0.02313,0.00013,+0.57%,0
2022-08-18,0.023,0.023,0.023,0.023,-0.00001,-0.04%,0
2022-08-17,0.02301,0.02301,0.02301,0.02301,0.00004,+0.17%,0
2022-08-16,0.02297,0.02297,0.02297,0.02297,0.00001,+0.04%,0
2022-08-15,0.02296,0.02296,0.02296,0.02296,-0.00001,-0.04%,0
2022-08-12,0.02297,0.02297,0.02297,0.02297,-0.0001,-0.43%,0
2022-08-11,0.02307,0.02307,0.02307,0.02307,-0.00013,-0.56%,0
2022-08-10,0.0232,0.0232,0.0232,0.0232,0.00008,+0.35%,0
2022-08-09,0.02312,0.02312,0.02312,0.02312,0.00009,+0.39%,0
2022-08-08,0.02303,0.02303,0.02303,0.02303,0.00012,+0.52%,0
2022-08-05,0.02291,0.02291,0.02291,0.02291,-0.00002,-0.09%,0
2022-08-04,0.02293,0.02293,0.02293,0.02293,0.00006,+0.26%,0
2022-08-03,0.02287,0.02287,0.02287,0.02287,0.00002,+0.09%,0
2022-08-02,0.02285,0.02285,0.02285,0.02285,0,0.00%,0
2022-08-01,0.02285,0.02285,0.02285,0.02285,0,0.00%,0
2022-07-29,0.02285,0.02285,0.02285,0.02285,-0.00022,-0.95%,0
2022-07-28,0.02307,0.02307,0.02307,0.02307,-0.0002,-0.86%,0
2022-07-27,0.02327,0.02327,0.02327,0.02327,0.00005,+0.22%,0
2022-07-26,0.02322,0.02322,0.02322,0.02322,0.00036,+1.57%,0
2022-07-25,0.02286,0.02286,0.02286,0.02286,0.00001,+0.04%,0
2022-07-22,0.02285,0.02285,0.02285,0.02285,0.00028,+1.24%,0
2022-07-21,0.02257,0.02257,0.02257,0.02257,0.00077,+3.53%,0
2022-07-20,0.0218,0.0218,0.0218,0.0218,0.00027,+1.25%,0
2022-07-19,0.02153,0.02153,0.02153,0.02153,0.00008,+0.37%,0
2022-07-18,0.02145,0.02145,0.02145,0.02145,-0.00017,-0.79%,0
2022-07-15,0.02162,0.02162,0.02162,0.02162,0.00061,+2.90%,0
2022-07-14,0.02101,0.02101,0.02101,0.02101,0.00142,+7.25%,0
2022-07-13,0.01959,0.01959,0.01959,0.01959,0.00015,+0.77%,0
2022-07-12,0.01944,0.01944,0.01944,0.01944,0.00018,+0.93%,0
2022-07-11,0.01926,0.01926,0.01926,0.01926,0.00058,+3.10%,0
2022-07-08,0.01868,0.01868,0.01868,0.01868,0.00044,+2.41%,0
2022-07-07,0.01824,0.01824,0.01824,0.01824,0.00075,+4.29%,0
2022-07-06,0.01749,0.01749,0.01749,0.01749,0.00019,+1.10%,0
2022-07-05,0.0173,0.0173,0.0173,0.0173,0.00002,+0.12%,0
2022-07-01,0.01728,0.01728,0.01728,0.01728,0.00042,+2.49%,0
2022-06-30,0.01686,0.01686,0.01686,0.01686,0.00161,+10.56%,0
2022-06-28,0.01525,0.01525,0.01525,0.01525,0.00007,+0.46%,0
2022-06-27,0.01518,0.01518,0.01518,0.01518,0.00032,+2.15%,0
2022-06-24,0.01486,0.01486,0.01486,0.01486,-0.00011,-0.73%,0
2022-06-23,0.01497,0.01497,0.01497,0.01497,-0.00008,-0.53%,0
2022-06-22,0.01505,0.01505,0.01505,0.01505,0.00007,+0.47%,0
2022-06-21,0.01498,0.01498,0.01498,0.01498,-0.00009,-0.60%,0
2022-06-17,0.01507,0.01507,0.01507,0.01507,-0.00002,-0.13%,0
2022-06-16,0.01509,0.01509,0.01509,0.01509,0.00032,+2.17%,0
2022-06-15,0.01477,0.01477,0.01477,0.01477,0.00143,+10.72%,0
2022-06-14,0.01334,0.01334,0.01334,0.01334,0.00055,+4.30%,0
2022-06-13,0.01279,0.01279,0.01279,0.01279,0.00021,+1.67%,0
2022-06-10,0.01258,0.01258,0.01258,0.01258,0.00014,+1.13%,0
2022-06-09,0.01244,0.01244,0.01244,0.01244,0.00045,+3.75%,0
2022-06-08,0.01199,0.01199,0.01199,0.01199,0.00015,+1.27%,0
2022-06-07,0.01184,0.01184,0.01184,0.01184,0.00026,+2.25%,0
2022-06-06,0.01158,0.01158,0.01158,0.01158,0.00015,+1.31%,0
2022-06-03,0.01143,0.01143,0.01143,0.01143,0.00017,+1.51%,0
2022-06-02,0.01126,0.01126,0.01126,0.01126,0.00038,+3.49%,0
2022-06-01,0.01088,0.01088,0.01088,0.01088,0.00007,+0.65%,0
2022-05-31,0.01081,0.01081,0.01081,0.01081,0.00036,+3.44%,0
2022-05-27,0.01045,0.01045,0.01045,0.01045,0.00011,+1.06%,0
2022-05-26,0.01034,0.01034,0.01034,0.01034,0.00059,+6.05%,0
2022-05-25,0.00975,0.00975,0.00975,0.00975,0.00003,+0.31%,0
2022-05-24,0.00972,0.00972,0.00972,0.00972,0.00008,+0.83%,0
2022-05-23,0.00964,0.00964,0.00964,0.00964,0.00042,+4.56%,0
2022-05-20,0.00922,0.00922,0.00922,0.00922,0.00014,+1.54%,0
2022-05-19,0.00908,0.00908,0.00908,0.00908,0.00036,+4.13%,0
2022-05-18,0.00872,0.00872,0.00872,0.00872,0.00008,+0.93%,0
2022-05-17,0.00864,0.00864,0.00864,0.00864,0.00001,+0.12%,0
2022-05-16,0.00863,0.00863,0.00863,0.00863,0.00067,+8.42%,0
2022-05-13,0.00796,0.00796,0.00796,0.00796,0.00014,+1.79%,0
2022-05-12,0.00782,0.00782,0.00782,0.00782,-0.00002,-0.26%,0
2022-05-11,0.00784,0.00784,0.00784,0.00784,-0.00003,-0.38%,0
2022-05-10,0.00787,0.00787,0.00787,0.00787,-0.00001,-0.13%,0
2022-05-09,0.00788,0.00788,0.00788,0.00788,-0.00002,-0.25%,0
2022-05-06,0.0079,0.0079,0.0079,0.0079,-0.00008,-1.00%,0
2022-05-05,0.00798,0.00798,0.00798,0.00798,-0.0001,-1.24%,0
2022-05-04,0.00808,0.00808,0.00808,0.00808,-0.00003,-0.37%,0
2022-05-03,0.00811,0.00811,0.00811,0.00811,0.00016,+2.01%,0
2022-05-02,0.00795,0.00795,0.00795,0.00795,0.00029,+3.79%,0
2022-04-29,0.00766,0.00766,0.00766,0.00766,0.00024,+3.23%,0
2022-04-28,0.00742,0.00742,0.00742,0.00742,0.00042,+6.00%,0
2022-04-27,0.007,0.007,0.007,0.007,0.00012,+1.74%,0
2022-04-26,0.00688,0.00688,0.00688,0.00688,0.00019,+2.84%,0
2022-04-25,0.00669,0.00669,0.00669,0.00669,0.00023,+3.56%,0
2022-04-22,0.00646,0.00646,0.00646,0.00646,0.00022,+3.53%,0
2022-04-21,0.00624,0.00624,0.00624,0.00624,0.00044,+7.59%,0
2022-04-20,0.0058,0.0058,0.0058,0.0058,0.00009,+1.58%,0
2022-04-19,0.00571,0.00571,0.00571,0.00571,0.00031,+5.74%,0
2022-04-18,0.0054,0.0054,0.0054,0.0054,0.00018,+3.45%,0
2022-04-14,0.00522,0.00522,0.00522,0.00522,0.00013,+2.55%,0
2022-04-13,0.00509,0.00509,0.00509,0.00509,0.00036,+7.61%,0
2022-04-12,0.00473,0.00473,0.00473,0.00473,0.0004,+9.24%,0
2022-04-11,0.00433,0.00433,0.00433,0.00433,0.00019,+4.59%,0
2022-04-08,0.00414,0.00414,0.00414,0.00414,0.00016,+4.02%,0
2022-04-07,0.00398,0.00398,0.00398,0.00398,0.00033,+9.04%,0
2022-04-06,0.00365,0.00365,0.00365,0.00365,0.00007,+1.96%,0
2022-04-05,0.00358,0.00358,0.00358,0.00358,0.00048,+15.48%,0
2022-04-04,0.0031,0.0031,0.0031,0.0031,0.00017,+5.80%,0
2022-04-01,0.00293,0.00293,0.00293,0.00293,-0.00009,-2.98%,0
2022-03-31,0.00302,0.00302,0.00302,0.00302,-0.00004,-1.31%,0
2022-03-30,0.00306,0.00306,0.00306,0.00306,-0.00007,-2.24%,0
2022-03-29,0.00313,0.00313,0.00313,0.00313,0.00006,+1.95%,0
2022-03-28,0.00307,0.00307,0.00307,0.00307,0.00003,+0.99%,0
2022-03-25,0.00304,0.00304,0.00304,0.00304,-0.00006,-1.94%,0
2022-03-24,0.0031,0.0031,0.0031,0.0031,-0.00007,-2.21%,0
2022-03-23,0.00317,0.00317,0.00317,0.00317,0.00005,+1.60%,0
2022-03-22,0.00312,0.00312,0.00312,0.00312,0.00006,+1.96%,0
2022-03-21,0.00306,0.00306,0.00306,0.00306,-0.00001,-0.33%,0
2022-03-18,0.00307,0.00307,0.00307,0.00307,-0.00023,-6.97%,0
2022-03-17,0.0033,0.0033,0.0033,0.0033,-0.00005,-1.49%,0
2022-03-16,0.00335,0.00335,0.00335,0.00335,0.00006,+1.82%,0
2022-03-15,0.00329,0.00329,0.00329,0.00329,0.00025,+8.22%,0
2022-03-14,0.00304,0.00304,0.00304,0.00304,0.00003,+1.00%,0
2022-03-11,0.00301,0.00301,0.00301,0.00301,0.00003,+1.01%,0
2022-03-10,0.00298,0.00298,0.00298,0.00298,0.00029,+10.78%,0
2022-03-09,0.00269,0.00269,0.00269,0.00269,0.00007,+2.67%,0
2022-03-08,0.00262,0.00262,0.00262,0.00262,0.00008,+3.15%,0
2022-03-07,0.00254,0.00254,0.00254,0.00254,0.0001,+4.10%,0
2022-03-04,0.00244,0.00244,0.00244,0.00244,0,0.00%,0
2022-03-03,0.00244,0.00244,0.00244,0.00244,0.00026,+11.93%,0
2022-03-02,0.00218,0.00218,0.00218,0.00218,-0.00003,-1.36%,0
2022-03-01,0.00221,0.00221,0.00221,0.00221,-0.00002,-0.90%,0
2022-02-28,0.00223,0.00223,0.00223,0.00223,0.00028,+14.36%,0
2022-02-25,0.00195,0.00195,0.00195,0.00195,0.00005,+2.63%,0
2022-02-24,0.0019,0.0019,0.0019,0.0019,0.00036,+23.38%,0
2022-02-23,0.00154,0.00154,0.00154,0.00154,0.00014,+10.00%,0
2022-02-22,0.0014,0.0014,0.0014,0.0014,0.00009,+6.87%,0
2022-02-18,0.00131,0.00131,0.00131,0.00131,-0.00002,-1.50%,0
2022-02-17,0.00133,0.00133,0.00133,0.00133,0.00053,+66.25%,0
2022-02-16,0.0008,0.0008,0.0008,0.0008,0.00009,+12.68%,0
2022-02-15,0.00071,0.00071,0.00071,0.00071,-0.00024,-25.26%,0
2022-02-14,0.00095,0.00095,0.00095,0.00095,-0.00004,-4.04%,0
2022-02-11,0.00099,0.00099,0.00099,0.00099,0.00042,+73.68%,0
2022-02-10,0.00057,0.00057,0.00057,0.00057,0,0.00%,0
2022-02-09,0.00057,0.00057,0.00057,0.00057,-0.00002,-3.39%,0
2022-02-08,0.00059,0.00059,0.00059,0.00059,0.00005,+9.26%,0
2022-02-07,0.00054,0.00054,0.00054,0.00054,0.00005,+10.20%,0
2022-02-04,0.00049,0.00049,0.00049,0.00049,-0.00001,-2.00%,0
2022-02-03,0.0005,0.0005,0.0005,0.0005,0,0.00%,0
2022-02-02,0.0005,0.0005,0.0005,0.0005,0,0.00%,0
2022-02-01,0.0005,0.0005,0.0005,0.0005,0.00002,+4.17%,0
2022-01-31,0.00048,0.00048,0.00048,0.00048,-0.00003,-5.88%,0
2022-01-28,0.00051,0.00051,0.00051,0.00051,-0.00005,-8.93%,0
2022-01-27,0.00056,0.00056,0.00056,0.00056,-0.00002,-3.45%,0
2022-01-26,0.00058,0.00058,0.00058,0.00058,-0.00001,-1.69%,0
2022-01-25,0.00059,0.00059,0.00059,0.00059,0,0.00%,0
2022-01-24,0.00059,0.00059,0.00059,0.00059,-0.00002,-3.28%,0
2022-01-21,0.00061,0.00061,0.00061,0.00061,-0.00002,-3.17%,0
2022-01-20,0.00063,0.00063,0.00063,0.00063,0.00003,+5.00%,0
2022-01-19,0.0006,0.0006,0.0006,0.0006,0.00003,+5.26%,0
2022-01-18,0.00057,0.00057,0.00057,0.00057,0.00001,+1.79%,0
2022-01-14,0.00056,0.00056,0.00056,0.00056,-0.00002,-3.45%,0
2022-01-13,0.00058,0.00058,0.00058,0.00058,-0.00001,-1.69%,0
2022-01-12,0.00059,0.00059,0.00059,0.00059,-0.00004,-6.35%,0
2022-01-11,0.00063,0.00063,0.00063,0.00063,0.00003,+5.00%,0
2022-01-10,0.0006,0.0006,0.0006,0.0006,0.00002,+3.45%,0
2022-01-07,0.00058,0.00058,0.00058,0.00058,0.00003,+5.45%,0
2022-01-06,0.00055,0.00055,0.00055,0.00055,0.00001,+1.85%,0
2022-01-05,0.00054,0.00054,0.00054,0.00054,-0.00001,-1.82%,0
2022-01-04,0.00055,0.00055,0.00055,0.00055,-0.00001,-1.79%,0
2022-01-03,0.00056,0.00056,0.00056,0.00056,0.00001,+1.82%,0
2021-12-31,0.00055,0.00055,0.00055,0.00055,0.00002,+3.77%,0
2021-12-30,0.00053,0.00053,0.00053,0.00053,0.00002,+3.92%,0
2021-12-29,0.00051,0.00051,0.00051,0.00051,-0.00002,-3.77%,0
2021-12-28,0.00053,0.00053,0.00053,0.00053,0.00001,+1.92%,0
2021-12-27,0.00052,0.00052,0.00052,0.00052,0.00001,+1.96%,0
2021-12-23,0.00051,0.00051,0.00051,0.00051,-0.00001,-1.92%,0
2021-12-22,0.00052,0.00052,0.00052,0.00052,-0.00001,-1.89%,0
2021-12-21,0.00053,0.00053,0.00053,0.00053,0,0.00%,0
2021-12-20,0.00053,0.00053,0.00053,0.00053,-0.00002,-3.64%,0
2021-12-17,0.00055,0.00055,0.00055,0.00055,-0.00004,-6.78%,0
2021-12-16,0.00059,0.00059,0.00059,0.00059,-0.00002,-3.28%,0
2021-12-15,0.00061,0.00061,0.00061,0.00061,0.00005,+8.93%,0
2021-12-14,0.00056,0.00056,0.00056,0.00056,0.00003,+5.66%,0
2021-12-13,0.00053,0.00053,0.00053,0.00053,0,0.00%,0
2021-12-10,0.00053,0.00053,0.00053,0.00053,0.00001,+1.92%,0
2021-12-09,0.00052,0.00052,0.00052,0.00052,-0.00001,-1.89%,0
2021-12-08,0.00053,0.00053,0.00053,0.00053,0,0.00%,0
2021-12-07,0.00053,0.00053,0.00053,0.00053,0.00001,+1.92%,0
2021-12-06,0.00052,0.00052,0.00052,0.00052,0,0.00%,0
2021-12-03,0.00052,0.00052,0.00052,0.00052,0,0.00%,0
2021-12-02,0.00052,0.00052,0.00052,0.00052,0.00001,+1.96%,0
2021-12-01,0.00051,0.00051,0.00051,0.00051,0,0.00%,0
2021-11-30,0.00051,0.00051,0.00051,0.00051,-0.00001,-1.92%,0
2021-11-29,0.00052,0.00052,0.00052,0.00052,0.00001,+1.96%,0
2021-11-26,0.00051,0.00051,0.00051,0.00051,0.00001,+2.00%,0
2021-11-24,0.0005,0.0005,0.0005,0.0005,0.00003,+6.38%,0
2021-11-23,0.00047,0.00047,0.00047,0.00047,0,0.00%,0
2021-11-22,0.00047,0.00047,0.00047,0.00047,0,0.00%,0
2021-11-19,0.00047,0.00047,0.00047,0.00047,0,0.00%,0
2021-11-18,0.00047,0.00047,0.00047,0.00047,0.00001,+2.17%,0
2021-11-17,0.00046,0.00046,0.00046,0.00046,0.00002,+4.55%,0
2021-11-16,0.00044,0.00044,0.00044,0.00044,0,0.00%,0
2021-11-15,0.00044,0.00044,0.00044,0.00044,-0.00001,-2.22%,0
2021-11-12,0.00045,0.00045,0.00045,0.00045,0.00002,+4.65%,0
2021-11-10,0.00043,0.00043,0.00043,0.00043,0,0.00%,0
2021-11-09,0.00043,0.00043,0.00043,0.00043,0,0.00%,0
2021-11-08,0.00043,0.00043,0.00043,0.00043,0,0.00%,0
2021-11-05,0.00043,0.00043,0.00043,0.00043,0.00001,+2.38%,0
2021-11-04,0.00042,0.00042,0.00042,0.00042,0.00001,+2.44%,0
2021-11-03,0.00041,0.00041,0.00041,0.00041,-0.00001,-2.38%,0
2021-11-02,0.00042,0.00042,0.00042,0.00042,-0.00002,-4.55%,0
2021-11-01,0.00044,0.00044,0.00044,0.00044,0.00001,+2.33%,0
2021-10-29,0.00043,0.00043,0.00043,0.00043,0,0.00%,0
2021-10-28,0.00043,0.00043,0.00043,0.00043,0.00001,+2.38%,0
2021-10-27,0.00042,0.00042,0.00042,0.00042,-0.00003,-6.67%,0
2021-10-26,0.00045,0.00045,0.00045,0.00045,0.00002,+4.65%,0
2021-10-25,0.00043,0.00043,0.00043,0.00043,-0.00001,-2.27%,0
2021-10-22,0.00044,0.00044,0.00044,0.00044,0.00002,+4.76%,0
2021-10-21,0.00042,0.00042,0.00042,0.00042,-0.00006,-12.50%,0
2021-10-20,0.00048,0.00048,0.00048,0.00048,-0.00002,-4.00%,0
2021-10-19,0.0005,0.0005,0.0005,0.0005,-0.00003,-5.66%,0
2021-10-18,0.00053,0.00053,0.00053,0.00053,0,0.00%,0
2021-10-15,0.00053,0.00053,0.00053,0.00053,0.00001,+1.92%,0
2021-10-14,0.00052,0.00052,0.00052,0.00052,0,0.00%,0
2021-10-13,0.00052,0.00052,0.00052,0.00052,-0.00001,-1.89%,0
2021-10-12,0.00053,0.00053,0.00053,0.00053,-0.00001,-1.85%,0
2021-10-08,0.00054,0.00054,0.00054,0.00054,-0.00002,-3.57%,0
2021-10-07,0.00056,0.00056,0.00056,0.00056,-0.00003,-5.08%,0
2021-10-06,0.00059,0.00059,0.00059,0.00059,0.00001,+1.72%,0
2021-10-05,0.00058,0.00058,0.00058,0.00058,0,0.00%,0
2021-10-04,0.00058,0.00058,0.00058,0.00058,0.00003,+5.45%,0
2021-10-01,0.00055,0.00055,0.00055,0.00055,-0.00003,-5.17%,0
2021-09-30,0.00058,0.00058,0.00058,0.00058,-0.00002,-3.33%,0
2021-09-29,0.0006,0.0006,0.0006,0.0006,0.00003,+5.26%,0
2021-09-28,0.00057,0.00057,0.00057,0.00057,0,0.00%,0
2021-09-27,0.00057,0.00057,0.00057,0.00057,0.00001,+1.79%,0
2021-09-24,0.00056,0.00056,0.00056,0.00056,0.00002,+3.70%,0
2021-09-23,0.00054,0.00054,0.00054,0.00054,-0.00003,-5.26%,0
2021-09-22,0.00057,0.00057,0.00057,0.00057,0.00001,+1.79%,0
2021-09-21,0.00056,0.00056,0.00056,0.00056,-0.00001,-1.75%,0
2021-09-20,0.00057,0.00057,0.00057,0.00057,0,0.00%,0
2021-09-17,0.00057,0.00057,0.00057,0.00057,0.00002,+3.64%,0
2021-09-16,0.00055,0.00055,0.00055,0.00055,0.00003,+5.77%,0
2021-09-15,0.00052,0.00052,0.00052,0.00052,0,0.00%,0
2021-09-14,0.00052,0.00052,0.00052,0.00052,0,0.00%,0
2021-09-13,0.00052,0.00052,0.00052,0.00052,0,0.00%,0
2021-09-10,0.00052,0.00052,0.00052,0.00052,0,0.00%,0
2021-09-09,0.00052,0.00052,0.00052,0.00052,0,0.00%,0
2021-09-08,0.00052,0.00052,0.00052,0.00052,0,0.00%,0
2021-09-07,0.00052,0.00052,0.00052,0.00052,0.00001,+1.96%,0
2021-09-03,0.00051,0.00051,0.00051,0.00051,0.00002,+4.08%,0
2021-09-02,0.00049,0.00049,0.00049,0.00049,0,0.00%,0
2021-09-01,0.00049,0.00049,0.00049,0.00049,0,0.00%,0
2021-08-31,0.00049,0.00049,0.00049,0.00049,0.00001,+2.08%,0
2021-08-30,0.00048,0.00048,0.00048,0.00048,-0.00004,-7.69%,0
2021-08-27,0.00052,0.00052,0.00052,0.00052,0.00002,+4.00%,0
2021-08-26,0.0005,0.0005,0.0005,0.0005,0.00005,+11.11%,0
2021-08-25,0.00045,0.00045,0.00045,0.00045,-0.00003,-6.25%,0
2021-08-24,0.00048,0.00048,0.00048,0.00048,0.00001,+2.13%,0
2021-08-23,0.00047,0.00047,0.00047,0.00047,-0.00001,-2.08%,0
2021-08-20,0.00048,0.00048,0.00048,0.00048,0,0.00%,0
2021-08-19,0.00048,0.00048,0.00048,0.00048,0.00001,+2.13%,0
2021-08-18,0.00047,0.00047,0.00047,0.00047,-0.00004,-7.84%,0
2021-08-17,0.00051,0.00051,0.00051,0.00051,0.00002,+4.08%,0
2021-08-16,0.00049,0.00049,0.00049,0.00049,0.00002,+4.26%,0
2021-08-13,0.00047,0.00047,0.00047,0.00047,0,0.00%,0
2021-08-12,0.00047,0.00047,0.00047,0.00047,-0.00001,-2.08%,0
2021-08-11,0.00048,0.00048,0.00048,0.00048,0.00001,+2.13%,0
2021-08-10,0.00047,0.00047,0.00047,0.00047,-0.00001,-2.08%,0
2021-08-09,0.00048,0.00048,0.00048,0.00048,-0.00001,-2.04%,0
2021-08-06,0.00049,0.00049,0.00049,0.00049,0.00001,+2.08%,0
2021-08-05,0.00048,0.00048,0.00048,0.00048,0,0.00%,0
2021-08-04,0.00048,0.00048,0.00048,0.00048,0,0.00%,0
2021-08-03,0.00048,0.00048,0.00048,0.00048,0,0.00%,0
2021-08-02,0.00048,0.00048,0.00048,0.00048,0,0.00%,0
2021-07-30,0.00048,0.00048,0.00048,0.00048,0,0.00%,0
2021-07-29,0.00048,0.00048,0.00048,0.00048,0,0.00%,0
2021-07-28,0.00048,0.00048,0.00048,0.00048,0.00002,+4.35%,0
2021-07-27,0.00046,0.00046,0.00046,0.00046,-0.00002,-4.17%,0
2021-07-26,0.00048,0.00048,0.00048,0.00048,0,0.00%,0
2021-07-23,0.00048,0.00048,0.00048,0.00048,0.00001,+2.13%,0
2021-07-22,0.00047,0.00047,0.00047,0.00047,0,0.00%,0
2021-07-21,0.00047,0.00047,0.00047,0.00047,0,0.00%,0
2021-07-20,0.00047,0.00047,0.00047,0.00047,-0.00001,-2.08%,0
2021-07-19,0.00048,0.00048,0.00048,0.00048,0,0.00%,0
2021-07-16,0.00048,0.00048,0.00048,0.00048,0,0.00%,0
2021-07-15,0.00048,0.00048,0.00048,0.00048,0,0.00%,0
2021-07-14,0.00048,0.00048,0.00048,0.00048,0.00001,+2.13%,0
2021-07-13,0.00047,0.00047,0.00047,0.00047,-0.00001,-2.08%,0
2021-07-12,0.00048,0.00048,0.00048,0.00048,0,0.00%,0
2021-07-09,0.00048,0.00048,0.00048,0.00048,-0.00001,-2.04%,0
2021-07-08,0.00049,0.00049,0.00049,0.00049,0.00001,+2.08%,0
2021-07-07,0.00048,0.00048,0.00048,0.00048,-0.00001,-2.04%,0
2021-07-06,0.00049,0.00049,0.00049,0.00049,0.00002,+4.26%,0
2021-07-02,0.00047,0.00047,0.00047,0.00047,0,0.00%,0
2021-07-01,0.00047,0.00047,0.00047,0.00047,0.00001,+2.17%,0
2021-06-30,0.00046,0.00046,0.00046,0.00046,0,0.00%,0
2021-06-29,0.00046,0.00046,0.00046,0.00046,0.00001,+2.22%,0
2021-06-28,0.00045,0.00045,0.00045,0.00045,0.00002,+4.65%,0
2021-06-25,0.00043,0.00043,0.00043,0.00043,-0.00001,-2.27%,0
2021-06-24,0.00044,0.00044,0.00044,0.00044,0.00001,+2.33%,0
2021-06-23,0.00043,0.00043,0.00043,0.00043,-0.00005,-10.42%,0
2021-06-22,0.00048,0.00048,0.00048,0.00048,-0.00001,-2.04%,0
2021-06-21,0.00049,0.00049,0.00049,0.00049,0.00002,+4.26%,0
2021-06-18,0.00047,0.00047,0.00047,0.00047,0.00006,+14.63%,0
2021-06-17,0.00041,0.00041,0.00041,0.00041,0.00015,+57.69%,0
2021-06-16,0.00026,0.00026,0.00026,0.00026,0.00002,+8.33%,0
2021-06-15,0.00024,0.00024,0.00024,0.00024,0.00005,+26.32%,0
2021-06-14,0.00019,0.00019,0.00019,0.00019,-0.00002,-9.52%,0
2021-06-11,0.00021,0.00021,0.00021,0.00021,0,0.00%,0
2021-06-10,0.00021,0.00021,0.00021,0.00021,-0.00001,-4.55%,0
2021-06-09,0.00022,0.00022,0.00022,0.00022,-0.00001,-4.35%,0
2021-06-08,0.00023,0.00023,0.00023,0.00023,0,0.00%,0
2021-06-07,0.00023,0.00023,0.00023,0.00023,0,0.00%,0
2021-06-04,0.00023,0.00023,0.00023,0.00023,0,0.00%,0
2021-06-03,0.00023,0.00023,0.00023,0.00023,0.00002,+9.52%,0
2021-06-02,0.00021,0.00021,0.00021,0.00021,0.00001,+5.00%,0
2021-06-01,0.0002,0.0002,0.0002,0.0002,0.00001,+5.26%,0
2021-05-28,0.00019,0.00019,0.00019,0.00019,0.00002,+11.76%,0
2021-05-27,0.00017,0.00017,0.00017,0.00017,-0.00001,-5.56%,0
2021-05-26,0.00018,0.00018,0.00018,0.00018,-0.00001,-5.26%,0
2021-05-25,0.00019,0.00019,0.00019,0.00019,0,0.00%,0
2021-05-24,0.00019,0.00019,0.00019,0.00019,0,0.00%,0
2021-05-21,0.00019,0.00019,0.00019,0.00019,0.00001,+5.56%,0
2021-05-20,0.00018,0.00018,0.00018,0.00018,0.00003,+20.00%,0
2021-05-19,0.00015,0.00015,0.00015,0.00015,-0.00001,-6.25%,0
2021-05-18,0.00016,0.00016,0.00016,0.00016,0,0.00%,0
2021-05-17,0.00016,0.00016,0.00016,0.00016,0.00001,+6.67%,0
2021-05-14,0.00015,0.00015,0.00015,0.00015,0,0.00%,0
2021-05-13,0.00015,0.00015,0.00015,0.00015,-0.00002,-11.76%,0
2021-05-12,0.00017,0.00017,0.00017,0.00017,0.00001,+6.25%,0
2021-05-11,0.00016,0.00016,0.00016,0.00016,-0.00001,-5.88%,0
2021-05-10,0.00017,0.00017,0.00017,0.00017,0,0.00%,0
2021-05-07,0.00017,0.00017,0.00017,0.00017,-0.00004,-19.05%,0
2021-05-06,0.00021,0.00021,0.00021,0.00021,0,0.00%,0
2021-05-05,0.00021,0.00021,0.00021,0.00021,-0.00003,-12.50%,0
2021-05-04,0.00024,0.00024,0.00024,0.00024,0.00002,+9.09%,0
2021-05-03,0.00022,0.00022,0.00022,0.00022,0.00002,+10.00%,0
2021-04-30,0.0002,0.0002,0.0002,0.0002,-0.00001,-4.76%,0
2021-04-29,0.00021,0.00021,0.00021,0.00021,-0.00001,-4.55%,0
2021-04-28,0.00022,0.00022,0.00022,0.00022,-0.00003,-12.00%,0
2021-04-27,0.00025,0.00025,0.00025,0.00025,0.00002,+8.70%,0
2021-04-26,0.00023,0.00023,0.00023,0.00023,-0.00001,-4.17%,0
2021-04-23,0.00024,0.00024,0.00024,0.00024,0.00002,+9.09%,0
2021-04-22,0.00022,0.00022,0.00022,0.00022,0.00001,+4.76%,0
2021-04-21,0.00021,0.00021,0.00021,0.00021,0,0.00%,0
2021-04-20,0.00021,0.00021,0.00021,0.00021,-0.00005,-19.23%,0
2021-04-19,0.00026,0.00026,0.00026,0.00026,-0.00002,-7.14%,0
2021-04-16,0.00028,0.00028,0.00028,0.00028,0.00003,+12.00%,0
2021-04-15,0.00025,0.00025,0.00025,0.00025,0.00001,+4.17%,0
2021-04-14,0.00024,0.00024,0.00024,0.00024,0.00001,+4.35%,0
2021-04-13,0.00023,0.00023,0.00023,0.00023,0,0.00%,0
2021-04-12,0.00023,0.00023,0.00023,0.00023,0.00003,+15.00%,0
2021-04-09,0.0002,0.0002,0.0002,0.0002,0.00001,+5.26%,0
2021-04-08,0.00019,0.00019,0.00019,0.00019,0.00002,+11.76%,0
2021-04-07,0.00017,0.00017,0.00017,0.00017,0.00002,+13.33%,0
2021-04-06,0.00015,0.00015,0.00015,0.00015,0.00001,+7.14%,0
2021-04-05,0.00014,0.00014,0.00014,0.00014,0,0.00%,0
2021-04-02,0.00014,0.00014,0.00014,0.00014,0,0.00%,0
2021-04-01,0.00014,0.00014,0.00014,0.00014,-0.00003,-17.65%,0
2021-03-31,0.00017,0.00017,0.00017,0.00017,-0.00002,-10.53%,0
2021-03-30,0.00019,0.00019,0.00019,0.00019,0,0.00%,0
2021-03-29,0.00019,0.00019,0.00019,0.00019,0.00001,+5.56%,0
2021-03-26,0.00018,0.00018,0.00018,0.00018,0.00002,+12.50%,0
2021-03-25,0.00016,0.00016,0.00016,0.00016,0.00002,+14.29%,0
2021-03-24,0.00014,0.00014,0.00014,0.00014,0.00002,+16.67%,0
2021-03-23,0.00012,0.00012,0.00012,0.00012,-0.00001,-7.69%,0
2021-03-22,0.00013,0.00013,0.00013,0.00013,-0.00008,-38.10%,0
2021-03-19,0.00021,0.00021,0.00021,0.00021,-0.00005,-19.23%,0
2021-03-18,0.00026,0.00026,0.00026,0.00026,0,0.00%,0
2021-03-17,0.00026,0.00026,0.00026,0.00026,0,0.00%,0
2021-03-16,0.00026,0.00026,0.00026,0.00026,-0.00002,-7.14%,0
2021-03-15,0.00028,0.00028,0.00028,0.00028,-0.00005,-15.15%,0
2021-03-12,0.00033,0.00033,0.00033,0.00033,-0.00001,-2.94%,0
2021-03-11,0.00034,0.00034,0.00034,0.00034,0.00004,+13.33%,0
2021-03-10,0.0003,0.0003,0.0003,0.0003,0,0.00%,0
2021-03-09,0.0003,0.0003,0.0003,0.0003,-0.00003,-9.09%,0
2021-03-08,0.00033,0.00033,0.00033,0.00033,-0.00002,-5.71%,0
2021-03-05,0.00035,0.00035,0.00035,0.00035,-0.00003,-7.89%,0
2021-03-04,0.00038,0.00038,0.00038,0.00038,0.00001,+2.70%,0
2021-03-03,0.00037,0.00037,0.00037,0.00037,0.00005,+15.63%,0
2021-03-02,0.00032,0.00032,0.00032,0.00032,-0.00001,-3.03%,0
2021-03-01,0.00033,0.00033,0.00033,0.00033,-0.00006,-15.38%,0
2021-02-26,0.00039,0.00039,0.00039,0.00039,0.00003,+8.33%,0
2021-02-25,0.00036,0.00036,0.00036,0.00036,0.00005,+16.13%,0
2021-02-24,0.00031,0.00031,0.00031,0.00031,0.00005,+19.23%,0
2021-02-23,0.00026,0.00026,0.00026,0.00026,0.00001,+4.00%,0
2021-02-22,0.00025,0.00025,0.00025,0.00025,-0.00002,-7.41%,0
2021-02-19,0.00027,0.00027,0.00027,0.00027,-0.00001,-3.57%,0
2021-02-18,0.00028,0.00028,0.00028,0.00028,-0.00002,-6.67%,0
2021-02-17,0.0003,0.0003,0.0003,0.0003,0,0.00%,0
2021-02-16,0.0003,0.0003,0.0003,0.0003,-0.00004,-11.76%,0
2021-02-12,0.00034,0.00034,0.00034,0.00034,0.00002,+6.25%,0
2021-02-11,0.00032,0.00032,0.00032,0.00032,0.00004,+14.29%,0
2021-02-10,0.00028,0.00028,0.00028,0.00028,0.00003,+12.00%,0
2021-02-09,0.00025,0.00025,0.00025,0.00025,-0.00003,-10.71%,0
2021-02-08,0.00028,0.00028,0.00028,0.00028,-0.00005,-15.15%,0
2021-02-05,0.00033,0.00033,0.00033,0.00033,-0.00013,-28.26%,0
2021-02-04,0.00046,0.00046,0.00046,0.00046,0,0.00%,0
2021-02-03,0.00046,0.00046,0.00046,0.00046,0.00003,+6.98%,0
2021-02-02,0.00043,0.00043,0.00043,0.00043,0.00001,+2.38%,0
2021-02-01,0.00042,0.00042,0.00042,0.00042,-0.00009,-17.65%,0
2021-01-29,0.00051,0.00051,0.00051,0.00051,0.00004,+8.51%,0
2021-01-28,0.00047,0.00047,0.00047,0.00047,-0.00003,-6.00%,0
2021-01-27,0.0005,0.0005,0.0005,0.0005,-0.00008,-13.79%,0
2021-01-26,0.00058,0.00058,0.00058,0.00058,-0.00002,-3.33%,0
2021-01-25,0.0006,0.0006,0.0006,0.0006,-0.00001,-1.64%,0
2021-01-22,0.00061,0.00061,0.00061,0.00061,-0.00005,-7.58%,0
2021-01-21,0.00066,0.00066,0.00066,0.00066,-0.00004,-5.71%,0
2021-01-20,0.0007,0.0007,0.0007,0.0007,0,0.00%,0
2021-01-19,0.0007,0.0007,0.0007,0.0007,-0.00002,-2.78%,0
2021-01-15,0.00072,0.00072,0.00072,0.00072,0,0.00%,0
2021-01-14,0.00072,0.00072,0.00072,0.00072,-0.00003,-4.00%,0
2021-01-13,0.00075,0.00075,0.00075,0.00075,0.00003,+4.17%,0
2021-01-12,0.00072,0.00072,0.00072,0.00072,-0.00003,-4.00%,0
2021-01-11,0.00075,0.00075,0.00075,0.00075,-0.00001,-1.32%,0
2021-01-08,0.00076,0.00076,0.00076,0.00076,-0.00001,-1.30%,0
2021-01-07,0.00077,0.00077,0.00077,0.00077,0.00001,+1.32%,0
2021-01-06,0.00076,0.00076,0.00076,0.00076,0.00006,+8.57%,0
2021-01-05,0.0007,0.0007,0.0007,0.0007,0,0.00%,0
2021-01-04,0.0007,0.0007,0.0007,0.0007,-0.00003,-4.11%,0
2020-12-31,0.00073,0.00073,0.00073,0.00073,-0.00004,-5.19%,0
2020-12-30,0.00077,0.00077,0.00077,0.00077,-0.00002,-2.53%,0
2020-12-29,0.00079,0.00079,0.00079,0.00079,0.00001,+1.28%,0
2020-12-28,0.00078,0.00078,0.00078,0.00078,0.00002,+2.63%,0
2020-12-24,0.00076,0.00076,0.00076,0.00076,-0.00001,-1.30%,0
2020-12-23,0.00077,0.00077,0.00077,0.00077,0.00002,+2.67%,0
2020-12-22,0.00075,0.00075,0.00075,0.00075,0.00003,+4.17%,0
2020-12-21,0.00072,0.00072,0.00072,0.00072,-0.00003,-4.00%,0
2020-12-18,0.00075,0.00075,0.00075,0.00075,0.00006,+8.70%,0
2020-12-17,0.00069,0.00069,0.00069,0.00069,0.00003,+4.55%,0
2020-12-16,0.00066,0.00066,0.00066,0.00066,0,0.00%,0
2020-12-15,0.00066,0.00066,0.00066,0.00066,0.00002,+3.13%,0
2020-12-14,0.00064,0.00064,0.00064,0.00064,-0.00004,-5.88%,0
2020-12-11,0.00068,0.00068,0.00068,0.00068,0.00003,+4.62%,0
2020-12-10,0.00065,0.00065,0.00065,0.00065,-0.00002,-2.99%,0
2020-12-09,0.00067,0.00067,0.00067,0.00067,-0.00001,-1.47%,0
2020-12-08,0.00068,0.00068,0.00068,0.00068,-0.00005,-6.85%,0
2020-12-07,0.00073,0.00073,0.00073,0.00073,-0.00001,-1.35%,0
2020-12-04,0.00074,0.00074,0.00074,0.00074,0.00001,+1.37%,0
2020-12-03,0.00073,0.00073,0.00073,0.00073,0.00001,+1.39%,0
2020-12-02,0.00072,0.00072,0.00072,0.00072,-0.00002,-2.70%,0
2020-12-01,0.00074,0.00074,0.00074,0.00074,-0.00003,-3.90%,0
2020-11-30,0.00077,0.00077,0.00077,0.00077,0.00003,+4.05%,0
2020-11-27,0.00074,0.00074,0.00074,0.00074,-0.00001,-1.33%,0
2020-11-25,0.00075,0.00075,0.00075,0.00075,0.00003,+4.17%,0
2020-11-24,0.00072,0.00072,0.00072,0.00072,0,0.00%,0
2020-11-23,0.00072,0.00072,0.00072,0.00072,-0.00005,-6.49%,0
2020-11-20,0.00077,0.00077,0.00077,0.00077,-0.00005,-6.10%,0
2020-11-19,0.00082,0.00082,0.00082,0.00082,-0.00002,-2.38%,0
2020-11-18,0.00084,0.00084,0.00084,0.00084,-0.00003,-3.45%,0
2020-11-17,0.00087,0.00087,0.00087,0.00087,0.00001,+1.16%,0
2020-11-16,0.00086,0.00086,0.00086,0.00086,-0.00004,-4.44%,0
2020-11-13,0.0009,0.0009,0.0009,0.0009,-0.00003,-3.23%,0
2020-11-12,0.00093,0.00093,0.00093,0.00093,0.00001,+1.09%,0
2020-11-10,0.00092,0.00092,0.00092,0.00092,-0.00002,-2.13%,0
2020-11-09,0.00094,0.00094,0.00094,0.00094,0.00003,+3.30%,0
2020-11-06,0.00091,0.00091,0.00091,0.00091,0.00004,+4.60%,0
2020-11-05,0.00087,0.00087,0.00087,0.00087,0.00002,+2.35%,0
2020-11-04,0.00085,0.00085,0.00085,0.00085,0.00002,+2.41%,0
2020-11-03,0.00083,0.00083,0.00083,0.00083,0.00002,+2.47%,0
2020-11-02,0.00081,0.00081,0.00081,0.00081,-0.00003,-3.57%,0
2020-10-30,0.00084,0.00084,0.00084,0.00084,0.00002,+2.44%,0
2020-10-29,0.00082,0.00082,0.00082,0.00082,0,0.00%,0
2020-10-28,0.00082,0.00082,0.00082,0.00082,0.00002,+2.50%,0
2020-10-27,0.0008,0.0008,0.0008,0.0008,-0.00001,-1.23%,0
2020-10-26,0.00081,0.00081,0.00081,0.00081,0.00001,+1.25%,0
2020-10-23,0.0008,0.0008,0.0008,0.0008,0,0.00%,0
2020-10-22,0.0008,0.0008,0.0008,0.0008,-0.00003,-3.61%,0
2020-10-21,0.00083,0.00083,0.00083,0.00083,0.00001,+1.22%,0
2020-10-20,0.00082,0.00082,0.00082,0.00082,0,0.00%,0
2020-10-19,0.00082,0.00082,0.00082,0.00082,0.00001,+1.23%,0
2020-10-16,0.00081,0.00081,0.00081,0.00081,0.00002,+2.53%,0
2020-10-15,0.00079,0.00079,0.00079,0.00079,0.00004,+5.33%,0
2020-10-14,0.00075,0.00075,0.00075,0.00075,0.00001,+1.35%,0
2020-10-13,0.00074,0.00074,0.00074,0.00074,0,0.00%,0
2020-10-09,0.00074,0.00074,0.00074,0.00074,-0.00001,-1.33%,0
2020-10-08,0.00075,0.00075,0.00075,0.00075,-0.00001,-1.32%,0
2020-10-07,0.00076,0.00076,0.00076,0.00076,0,0.00%,0
2020-10-06,0.00076,0.00076,0.00076,0.00076,0.00003,+4.11%,0
2020-10-05,0.00073,0.00073,0.00073,0.00073,0.00002,+2.82%,0
2020-10-02,0.00071,0.00071,0.00071,0.00071,-0.00002,-2.74%,0
2020-10-01,0.00073,0.00073,0.00073,0.00073,-0.00001,-1.35%,0
2020-09-30,0.00074,0.00074,0.00074,0.00074,-0.00002,-2.63%,0
2020-09-29,0.00076,0.00076,0.00076,0.00076,0.00002,+2.70%,0
2020-09-28,0.00074,0.00074,0.00074,0.00074,0,0.00%,0
2020-09-25,0.00074,0.00074,0.00074,0.00074,-0.00001,-1.33%,0
2020-09-24,0.00075,0.00075,0.00075,0.00075,0.00001,+1.35%,0
2020-09-23,0.00074,0.00074,0.00074,0.00074,-0.00002,-2.63%,0
2020-09-22,0.00076,0.00076,0.00076,0.00076,-0.00003,-3.80%,0
2020-09-21,0.00079,0.00079,0.00079,0.00079,0.00001,+1.28%,0
2020-09-18,0.00078,0.00078,0.00078,0.00078,0.00002,+2.63%,0
2020-09-17,0.00076,0.00076,0.00076,0.00076,-0.00003,-3.80%,0
2020-09-16,0.00079,0.00079,0.00079,0.00079,0.00003,+3.95%,0
2020-09-15,0.00076,0.00076,0.00076,0.00076,-0.00004,-5.00%,0
2020-09-14,0.0008,0.0008,0.0008,0.0008,-0.00003,-3.61%,0
2020-09-11,0.00083,0.00083,0.00083,0.00083,0,0.00%,0
2020-09-10,0.00083,0.00083,0.00083,0.00083,-0.00001,-1.19%,0
2020-09-09,0.00084,0.00084,0.00084,0.00084,0.00002,+2.44%,0
2020-09-08,0.00082,0.00082,0.00082,0.00082,0.00005,+6.49%,0
2020-09-04,0.00077,0.00077,0.00077,0.00077,0.00003,+4.05%,0
2020-09-03,0.00074,0.00074,0.00074,0.00074,-0.00001,-1.33%,0
2020-09-02,0.00075,0.00075,0.00075,0.00075,0.00001,+1.35%,0
2020-09-01,0.00074,0.00074,0.00074,0.00074,0.00004,+5.71%,0
2020-08-31,0.0007,0.0007,0.0007,0.0007,-0.00003,-4.11%,0
2020-08-28,0.00073,0.00073,0.00073,0.00073,-0.00004,-5.19%,0
2020-08-27,0.00077,0.00077,0.00077,0.00077,0,0.00%,0
2020-08-26,0.00077,0.00077,0.00077,0.00077,0.00006,+8.45%,0
2020-08-25,0.00071,0.00071,0.00071,0.00071,0.00001,+1.43%,0
2020-08-24,0.0007,0.0007,0.0007,0.0007,-0.00003,-4.11%,0
2020-08-21,0.00073,0.00073,0.00073,0.00073,-0.00004,-5.19%,0
2020-08-20,0.00077,0.00077,0.00077,0.00077,-0.00009,-10.47%,0
2020-08-19,0.00086,0.00086,0.00086,0.00086,-0.00002,-2.27%,0
2020-08-18,0.00088,0.00088,0.00088,0.00088,0.00002,+2.33%,0
2020-08-17,0.00086,0.00086,0.00086,0.00086,0.00001,+1.18%,0
2020-08-14,0.00085,0.00085,0.00085,0.00085,0.00001,+1.19%,0
2020-08-13,0.00084,0.00084,0.00084,0.00084,0.00002,+2.44%,0
2020-08-12,0.00082,0.00082,0.00082,0.00082,0,0.00%,0
2020-08-11,0.00082,0.00082,0.00082,0.00082,0.00002,+2.50%,0
2020-08-10,0.0008,0.0008,0.0008,0.0008,-0.00002,-2.44%,0
2020-08-07,0.00082,0.00082,0.00082,0.00082,0.00001,+1.23%,0
2020-08-06,0.00081,0.00081,0.00081,0.00081,-0.00002,-2.41%,0
2020-08-05,0.00083,0.00083,0.00083,0.00083,0.00001,+1.22%,0
2020-08-04,0.00082,0.00082,0.00082,0.00082,0,0.00%,0
2020-08-03,0.00082,0.00082,0.00082,0.00082,0.00001,+1.23%,0
2020-07-31,0.00081,0.00081,0.00081,0.00081,-0.00004,-4.71%,0
2020-07-30,0.00085,0.00085,0.00085,0.00085,-0.00004,-4.49%,0
2020-07-29,0.00089,0.00089,0.00089,0.00089,-0.00001,-1.11%,0
2020-07-28,0.0009,0.0009,0.0009,0.0009,0.00001,+1.12%,0
2020-07-27,0.00089,0.00089,0.00089,0.00089,0,0.00%,0
2020-07-24,0.00089,0.00089,0.00089,0.00089,-0.00005,-5.32%,0
2020-07-23,0.00094,0.00094,0.00094,0.00094,-0.00001,-1.05%,0
2020-07-22,0.00095,0.00095,0.00095,0.00095,0.00005,+5.56%,0
2020-07-21,0.0009,0.0009,0.0009,0.0009,0.00001,+1.12%,0
2020-07-20,0.00089,0.00089,0.00089,0.00089,0.00002,+2.30%,0
2020-07-17,0.00087,0.00087,0.00087,0.00087,-0.00007,-7.45%,0
2020-07-16,0.00094,0.00094,0.00094,0.00094,0.00001,+1.08%,0
2020-07-15,0.00093,0.00093,0.00093,0.00093,0.00001,+1.09%,0
2020-07-14,0.00092,0.00092,0.00092,0.00092,0.00001,+1.10%,0
2020-07-13,0.00091,0.00091,0.00091,0.00091,0.00004,+4.60%,0
2020-07-10,0.00087,0.00087,0.00087,0.00087,0.00001,+1.16%,0
2020-07-09,0.00086,0.00086,0.00086,0.00086,-0.00006,-6.52%,0
2020-07-08,0.00092,0.00092,0.00092,0.00092,0.00003,+3.37%,0
2020-07-07,0.00089,0.00089,0.00089,0.00089,0.00004,+4.71%,0
2020-07-06,0.00085,0.00085,0.00085,0.00085,0.00011,+14.86%,0
2020-07-02,0.00074,0.00074,0.00074,0.00074,0.00005,+7.25%,0
2020-07-01,0.00069,0.00069,0.00069,0.00069,-0.00002,-2.82%,0
2020-06-30,0.00071,0.00071,0.00071,0.00071,-0.00004,-5.33%,0
2020-06-29,0.00075,0.00075,0.00075,0.00075,0,0.00%,0
2020-06-26,0.00075,0.00075,0.00075,0.00075,-0.00001,-1.32%,0
2020-06-25,0.00076,0.00076,0.00076,0.00076,-0.00004,-5.00%,0
2020-06-24,0.0008,0.0008,0.0008,0.0008,-0.00004,-4.76%,0
2020-06-23,0.00084,0.00084,0.00084,0.00084,0,0.00%,0
2020-06-22,0.00084,0.00084,0.00084,0.00084,-0.00001,-1.18%,0
2020-06-19,0.00085,0.00085,0.00085,0.00085,-0.00011,-11.46%,0
2020-06-18,0.00096,0.00096,0.00096,0.00096,0.00011,+12.94%,0
2020-06-17,0.00085,0.00085,0.00085,0.00085,-0.00016,-15.84%,0
2020-06-16,0.00101,0.00101,0.00101,0.00101,0.00002,+2.02%,0
2020-06-15,0.00099,0.00099,0.00099,0.00099,0.00021,+26.92%,0
2020-06-12,0.00078,0.00078,0.00078,0.00078,-0.00002,-2.50%,0
2020-06-11,0.0008,0.0008,0.0008,0.0008,-0.00004,-4.76%,0
2020-06-10,0.00084,0.00084,0.00084,0.00084,0.00004,+5.00%,0
2020-06-09,0.0008,0.0008,0.0008,0.0008,0.00004,+5.26%,0
2020-06-08,0.00076,0.00076,0.00076,0.00076,-0.00002,-2.56%,0
2020-06-05,0.00078,0.00078,0.00078,0.00078,0.00002,+2.63%,0
2020-06-04,0.00076,0.00076,0.00076,0.00076,0.00006,+8.57%,0
2020-06-03,0.0007,0.0007,0.0007,0.0007,0,0.00%,0
2020-06-02,0.0007,0.0007,0.0007,0.0007,0.00001,+1.45%,0
2020-06-01,0.00069,0.00069,0.00069,0.00069,-0.00002,-2.82%,0
2020-05-29,0.00071,0.00071,0.00071,0.00071,0.00005,+7.58%,0
2020-05-28,0.00066,0.00066,0.00066,0.00066,0.00006,+10.00%,0
2020-05-27,0.0006,0.0006,0.0006,0.0006,0.00007,+13.21%,0
2020-05-26,0.00053,0.00053,0.00053,0.00053,0,0.00%,0
2020-05-22,0.00053,0.00053,0.00053,0.00053,-0.00004,-7.02%,0
2020-05-21,0.00057,0.00057,0.00057,0.00057,-0.00001,-1.72%,0
2020-05-20,0.00058,0.00058,0.00058,0.00058,-0.00001,-1.69%,0
2020-05-19,0.00059,0.00059,0.00059,0.00059,0.00004,+7.27%,0
2020-05-18,0.00055,0.00055,0.00055,0.00055,-0.00003,-5.17%,0
2020-05-15,0.00058,0.00058,0.00058,0.00058,-0.00006,-9.38%,0
2020-05-14,0.00064,0.00064,0.00064,0.00064,-0.00006,-8.57%,0
2020-05-13,0.0007,0.0007,0.0007,0.0007,0.00001,+1.45%,0
2020-05-12,0.00069,0.00069,0.00069,0.00069,0.00002,+2.99%,0
2020-05-11,0.00067,0.00067,0.00067,0.00067,0.00002,+3.08%,0
2020-05-08,0.00065,0.00065,0.00065,0.00065,0.0001,+18.18%,0
2020-05-07,0.00055,0.00055,0.00055,0.00055,0.00008,+17.02%,0
2020-05-06,0.00047,0.00047,0.00047,0.00047,0.00016,+51.61%,0
2020-05-05,0.00031,0.00031,0.00031,0.00031,-0.00008,-20.51%,0
2020-05-04,0.00039,0.00039,0.00039,0.00039,0.00008,+25.81%,0
2020-05-01,0.00031,0.00031,0.00031,0.00031,-0.00012,-27.91%,0
2020-04-29,0.00043,0.00043,0.00043,0.00043,-0.00003,-6.52%,0
2020-04-28,0.00046,0.00046,0.00046,0.00046,-0.00006,-11.54%,0
2020-04-27,0.00052,0.00052,0.00052,0.00052,0.00002,+4.00%,0
2020-04-24,0.0005,0.0005,0.0005,0.0005,0.00006,+13.64%,0
2020-04-23,0.00044,0.00044,0.00044,0.00044,0.00001,+2.33%,0
2020-04-22,0.00043,0.00043,0.00043,0.00043,-0.00007,-14.00%,0
2020-04-21,0.0005,0.0005,0.0005,0.0005,-0.00008,-13.79%,0
2020-04-20,0.00058,0.00058,0.00058,0.00058,-0.00008,-12.12%,0
2020-04-17,0.00066,0.00066,0.00066,0.00066,0,0.00%,0
2020-04-16,0.00066,0.00066,0.00066,0.00066,-0.00007,-9.59%,0
2020-04-15,0.00073,0.00073,0.00073,0.00073,0.00009,+14.06%,0
2020-04-14,0.00064,0.00064,0.00064,0.00064,0.00007,+12.28%,0
2020-04-13,0.00057,0.00057,0.00057,0.00057,-0.00001,-1.72%,0
2020-04-09,0.00058,0.00058,0.00058,0.00058,0.00002,+3.57%,0
2020-04-08,0.00056,0.00056,0.00056,0.00056,0.00006,+12.00%,0
2020-04-07,0.0005,0.0005,0.0005,0.0005,0.00009,+21.95%,0
2020-04-06,0.00041,0.00041,0.00041,0.00041,-0.00008,-16.33%,0
2020-04-03,0.00049,0.00049,0.00049,0.00049,0,0.00%,0
2020-04-02,0.00049,0.00049,0.00049,0.00049,0.00004,+8.89%,0
2020-04-01,0.00045,0.00045,0.00045,0.00045,-0.00007,-13.46%,0
2020-03-31,0.00052,0.00052,0.00052,0.00052,0.00004,+8.33%,0
2020-03-30,0.00048,0.00048,0.00048,0.00048,-0.00007,-12.73%,0
2020-03-27,0.00055,0.00055,0.00055,0.00055,0,0.00%,0
2020-03-26,0.00055,0.00055,0.00055,0.00055,0.00004,+7.84%,0
2020-03-25,0.00051,0.00051,0.00051,0.00051,-0.00012,-19.05%,0
2020-03-24,0.00063,0.00063,0.00063,0.00063,-0.00025,-28.41%,0
2020-03-23,0.00088,0.00088,0.00088,0.00088,-0.0003,-25.42%,0
2020-03-20,0.00118,0.00118,0.00118,0.00118,-0.00023,-16.31%,0
2020-03-19,0.00141,0.00141,0.00141,0.00141,-0.00017,-10.76%,0
2020-03-18,0.00158,0.00158,0.00158,0.00158,-0.00008,-4.82%,0
2020-03-17,0.00166,0.00166,0.00166,0.00166,-0.00051,-23.50%,0
2020-03-16,0.00217,0.00217,0.00217,0.00217,-0.00054,-19.93%,0
2020-03-13,0.00271,0.00271,0.00271,0.00271,-0.00169,-38.41%,0
2020-03-12,0.0044,0.0044,0.0044,0.0044,-0.00129,-22.67%,0
2020-03-11,0.00569,0.00569,0.00569,0.00569,0.00096,+20.30%,0
2020-03-10,0.00473,0.00473,0.00473,0.00473,-0.002,-29.72%,0
2020-03-09,0.00673,0.00673,0.00673,0.00673,-0.00157,-18.92%,0
2020-03-06,0.0083,0.0083,0.0083,0.0083,-0.00092,-9.98%,0
2020-03-05,0.00922,0.00922,0.00922,0.00922,-0.00063,-6.40%,0
2020-03-04,0.00985,0.00985,0.00985,0.00985,-0.00253,-20.44%,0
2020-03-03,0.01238,0.01238,0.01238,0.01238,-0.0017,-12.07%,0
2020-03-02,0.01408,0.01408,0.01408,0.01408,-0.00103,-6.82%,0
2020-02-28,0.01511,0.01511,0.01511,0.01511,-0.00038,-2.45%,0
2020-02-27,0.01549,0.01549,0.01549,0.01549,-0.00012,-0.77%,0
2020-02-26,0.01561,0.01561,0.01561,0.01561,-0.00007,-0.45%,0
2020-02-25,0.01568,0.01568,0.01568,0.01568,-0.00012,-0.76%,0
2020-02-24,0.0158,0.0158,0.0158,0.0158,-0.00006,-0.38%,0
2020-02-21,0.01586,0.01586,0.01586,0.01586,0.00003,+0.19%,0
2020-02-20,0.01583,0.01583,0.01583,0.01583,0.00004,+0.25%,0
2020-02-19,0.01579,0.01579,0.01579,0.01579,-0.00004,-0.25%,0
2020-02-18,0.01583,0.01583,0.01583,0.01583,-0.00002,-0.13%,0
2020-02-14,0.01585,0.01585,0.01585,0.01585,0.00001,+0.06%,0
2020-02-13,0.01584,0.01584,0.01584,0.01584,-0.00001,-0.06%,0
2020-02-12,0.01585,0.01585,0.01585,0.01585,0.00001,+0.06%,0
2020-02-11,0.01584,0.01584,0.01584,0.01584,-0.00007,-0.44%,0
2020-02-10,0.01591,0.01591,0.01591,0.01591,0,0.00%,0
2020-02-07,0.01591,0.01591,0.01591,0.01591,0,0.00%,0
2020-02-06,0.01591,0.01591,0.01591,0.01591,0.00002,+0.13%,0
2020-02-05,0.01589,0.01589,0.01589,0.01589,0.00003,+0.19%,0
2020-02-04,0.01586,0.01586,0.01586,0.01586,-0.00002,-0.13%,0
2020-02-03,0.01588,0.01588,0.01588,0.01588,0,0.00%,0
2020-01-31,0.01588,0.01588,0.01588,0.01588,0.00003,+0.19%,0
2020-01-30,0.01585,0.01585,0.01585,0.01585,0.00001,+0.06%,0
2020-01-29,0.01584,0.01584,0.01584,0.01584,0.00002,+0.13%,0
2020-01-28,0.01582,0.01582,0.01582,0.01582,-0.00002,-0.13%,0
2020-01-27,0.01584,0.01584,0.01584,0.01584,0.00001,+0.06%,0
2020-01-24,0.01583,0.01583,0.01583,0.01583,0.00003,+0.19%,0
2020-01-23,0.0158,0.0158,0.0158,0.0158,0,0.00%,0
2020-01-22,0.0158,0.0158,0.0158,0.0158,-0.00001,-0.06%,0
2020-01-21,0.01581,0.01581,0.01581,0.01581,0,0.00%,0
2020-01-17,0.01581,0.01581,0.01581,0.01581,-0.00001,-0.06%,0
2020-01-16,0.01582,0.01582,0.01582,0.01582,-0.00001,-0.06%,0
2020-01-15,0.01583,0.01583,0.01583,0.01583,0.00002,+0.13%,0
2020-01-14,0.01581,0.01581,0.01581,0.01581,0.00004,+0.25%,0
2020-01-13,0.01577,0.01577,0.01577,0.01577,0,0.00%,0
2020-01-10,0.01577,0.01577,0.01577,0.01577,0.00002,+0.13%,0
2020-01-09,0.01575,0.01575,0.01575,0.01575,0.00001,+0.06%,0
2020-01-08,0.01574,0.01574,0.01574,0.01574,0.00003,+0.19%,0
2020-01-07,0.01571,0.01571,0.01571,0.01571,0.00013,+0.83%,0
2020-01-06,0.01558,0.01558,0.01558,0.01558,0.00002,+0.13%,0
2020-01-03,0.01556,0.01556,0.01556,0.01556,0,0.00%,0
2020-01-02,0.01556,0.01556,0.01556,0.01556,-0.00011,-0.70%,0
2019-12-31,0.01567,0.01567,0.01567,0.01567,-0.00017,-1.07%,0
2019-12-30,0.01584,0.01584,0.01584,0.01584,-0.00011,-0.69%,0
2019-12-27,0.01595,0.01595,0.01595,0.01595,-0.00001,-0.06%,0
2019-12-26,0.01596,0.01596,0.01596,0.01596,0.00001,+0.06%,0
2019-12-24,0.01595,0.01595,0.01595,0.01595,0.00002,+0.13%,0
2019-12-23,0.01593,0.01593,0.01593,0.01593,-0.00004,-0.25%,0
2019-12-20,0.01597,0.01597,0.01597,0.01597,-0.00006,-0.37%,0
2019-12-19,0.01603,0.01603,0.01603,0.01603,-0.00002,-0.12%,0
2019-12-18,0.01605,0.01605,0.01605,0.01605,0,0.00%,0
2019-12-17,0.01605,0.01605,0.01605,0.01605,-0.00004,-0.25%,0
2019-12-16,0.01609,0.01609,0.01609,0.01609,-0.00019,-1.17%,0
2019-12-13,0.01628,0.01628,0.01628,0.01628,-0.00008,-0.49%,0
2019-12-12,0.01636,0.01636,0.01636,0.01636,0.00009,+0.55%,0
2019-12-11,0.01627,0.01627,0.01627,0.01627,0,0.00%,0
2019-12-10,0.01627,0.01627,0.01627,0.01627,-0.00004,-0.25%,0
2019-12-09,0.01631,0.01631,0.01631,0.01631,0.00009,+0.55%,0
2019-12-06,0.01622,0.01622,0.01622,0.01622,0.00003,+0.19%,0
2019-12-05,0.01619,0.01619,0.01619,0.01619,-0.00002,-0.12%,0
2019-12-04,0.01621,0.01621,0.01621,0.01621,-0.00008,-0.49%,0
2019-12-03,0.01629,0.01629,0.01629,0.01629,-0.00005,-0.31%,0
2019-12-02,0.01634,0.01634,0.01634,0.01634,0,0.00%,0
2019-11-29,0.01634,0.01634,0.01634,0.01634,0.00003,+0.18%,0
2019-11-27,0.01631,0.01631,0.01631,0.01631,-0.00003,-0.18%,0
2019-11-26,0.01634,0.01634,0.01634,0.01634,-0.00004,-0.24%,0
2019-11-25,0.01638,0.01638,0.01638,0.01638,0.00005,+0.31%,0
2019-11-22,0.01633,0.01633,0.01633,0.01633,0.00013,+0.80%,0
2019-11-21,0.0162,0.0162,0.0162,0.0162,0.00006,+0.37%,0
2019-11-20,0.01614,0.01614,0.01614,0.01614,0.0001,+0.62%,0
2019-11-19,0.01604,0.01604,0.01604,0.01604,-0.00001,-0.06%,0
2019-11-18,0.01605,0.01605,0.01605,0.01605,-0.00009,-0.56%,0
2019-11-15,0.01614,0.01614,0.01614,0.01614,-0.00006,-0.37%,0
2019-11-14,0.0162,0.0162,0.0162,0.0162,0.00003,+0.19%,0
2019-11-13,0.01617,0.01617,0.01617,0.01617,0.00013,+0.81%,0
2019-11-12,0.01604,0.01604,0.01604,0.01604,-0.00006,-0.37%,0
2019-11-08,0.0161,0.0161,0.0161,0.0161,-0.00003,-0.19%,0
2019-11-07,0.01613,0.01613,0.01613,0.01613,0.00002,+0.12%,0
2019-11-06,0.01611,0.01611,0.01611,0.01611,-0.00006,-0.37%,0
2019-11-05,0.01617,0.01617,0.01617,0.01617,-0.00002,-0.12%,0
2019-11-04,0.01619,0.01619,0.01619,0.01619,-0.00006,-0.37%,0
2019-11-01,0.01625,0.01625,0.01625,0.01625,-0.00016,-0.98%,0
2019-10-31,0.01641,0.01641,0.01641,0.01641,-0.00011,-0.67%,0
2019-10-30,0.01652,0.01652,0.01652,0.01652,-0.00015,-0.90%,0
2019-10-29,0.01667,0.01667,0.01667,0.01667,-0.00013,-0.77%,0
2019-10-28,0.0168,0.0168,0.0168,0.0168,-0.0001,-0.59%,0
2019-10-25,0.0169,0.0169,0.0169,0.0169,-0.00009,-0.53%,0
2019-10-24,0.01699,0.01699,0.01699,0.01699,-0.0002,-1.16%,0
2019-10-23,0.01719,0.01719,0.01719,0.01719,0.00001,+0.06%,0
2019-10-22,0.01718,0.01718,0.01718,0.01718,-0.00005,-0.29%,0
2019-10-21,0.01723,0.01723,0.01723,0.01723,-0.00018,-1.03%,0
2019-10-18,0.01741,0.01741,0.01741,0.01741,-0.00006,-0.34%,0
2019-10-17,0.01747,0.01747,0.01747,0.01747,-0.00025,-1.41%,0
2019-10-16,0.01772,0.01772,0.01772,0.01772,0.00001,+0.06%,0
2019-10-15,0.01771,0.01771,0.01771,0.01771,-0.00002,-0.11%,0
2019-10-11,0.01773,0.01773,0.01773,0.01773,-0.00006,-0.34%,0
2019-10-10,0.01779,0.01779,0.01779,0.01779,-0.00023,-1.28%,0
2019-10-09,0.01802,0.01802,0.01802,0.01802,-0.00003,-0.17%,0
2019-10-08,0.01805,0.01805,0.01805,0.01805,-0.00019,-1.04%,0
2019-10-07,0.01824,0.01824,0.01824,0.01824,-0.00019,-1.03%,0
2019-10-04,0.01843,0.01843,0.01843,0.01843,-0.00021,-1.13%,0
2019-10-03,0.01864,0.01864,0.01864,0.01864,-0.00021,-1.11%,0
2019-10-02,0.01885,0.01885,0.01885,0.01885,-0.00009,-0.48%,0
2019-10-01,0.01894,0.01894,0.01894,0.01894,-0.00013,-0.68%,0
2019-09-30,0.01907,0.01907,0.01907,0.01907,-0.00029,-1.50%,0
2019-09-27,0.01936,0.01936,0.01936,0.01936,-0.00036,-1.83%,0
2019-09-26,0.01972,0.01972,0.01972,0.01972,-0.0001,-0.50%,0
2019-09-25,0.01982,0.01982,0.01982,0.01982,0.00031,+1.59%,0
2019-09-24,0.01951,0.01951,0.01951,0.01951,-0.00019,-0.96%,0
2019-09-23,0.0197,0.0197,0.0197,0.0197,-0.00086,-4.18%,0
2019-09-20,0.02056,0.02056,0.02056,0.02056,0.00083,+4.21%,0
2019-09-19,0.01973,0.01973,0.01973,0.01973,-0.00014,-0.70%,0
2019-09-18,0.01987,0.01987,0.01987,0.01987,-0.00003,-0.15%,0
2019-09-17,0.0199,0.0199,0.0199,0.0199,0.00028,+1.43%,0
2019-09-16,0.01962,0.01962,0.01962,0.01962,-0.00006,-0.30%,0
2019-09-13,0.01968,0.01968,0.01968,0.01968,-0.00005,-0.25%,0
2019-09-12,0.01973,0.01973,0.01973,0.01973,-0.00013,-0.65%,0
2019-09-11,0.01986,0.01986,0.01986,0.01986,-0.00006,-0.30%,0
2019-09-10,0.01992,0.01992,0.01992,0.01992,-0.00012,-0.60%,0
2019-09-09,0.02004,0.02004,0.02004,0.02004,0.00003,+0.15%,0
2019-09-06,0.02001,0.02001,0.02001,0.02001,0.00007,+0.35%,0
2019-09-05,0.01994,0.01994,0.01994,0.01994,-0.00027,-1.34%,0
2019-09-04,0.02021,0.02021,0.02021,0.02021,-0.00012,-0.59%,0
2019-09-03,0.02033,0.02033,0.02033,0.02033,-0.00014,-0.68%,0
2019-08-30,0.02047,0.02047,0.02047,0.02047,-0.00005,-0.24%,0
2019-08-29,0.02052,0.02052,0.02052,0.02052,-0.00033,-1.58%,0
2019-08-28,0.02085,0.02085,0.02085,0.02085,0.00004,+0.19%,0
2019-08-27,0.02081,0.02081,0.02081,0.02081,0.00005,+0.24%,0
2019-08-26,0.02076,0.02076,0.02076,0.02076,-0.00038,-1.80%,0
2019-08-23,0.02114,0.02114,0.02114,0.02114,0.00002,+0.09%,0
2019-08-22,0.02112,0.02112,0.02112,0.02112,-0.00043,-2.00%,0
2019-08-21,0.02155,0.02155,0.02155,0.02155,-0.00004,-0.19%,0
2019-08-20,0.02159,0.02159,0.02159,0.02159,0.00014,+0.65%,0
2019-08-19,0.02145,0.02145,0.02145,0.02145,-0.00027,-1.24%,0
2019-08-16,0.02172,0.02172,0.02172,0.02172,-0.00021,-0.96%,0
2019-08-15,0.02193,0.02193,0.02193,0.02193,-0.00001,-0.05%,0
2019-08-14,0.02194,0.02194,0.02194,0.02194,0,0.00%,0
2019-08-13,0.02194,0.02194,0.02194,0.02194,0.00011,+0.50%,0
2019-08-12,0.02183,0.02183,0.02183,0.02183,0.00004,+0.18%,0
2019-08-09,0.02179,0.02179,0.02179,0.02179,0.00003,+0.14%,0
2019-08-08,0.02176,0.02176,0.02176,0.02176,-0.00014,-0.64%,0
2019-08-07,0.0219,0.0219,0.0219,0.0219,-0.00008,-0.36%,0
2019-08-06,0.02198,0.02198,0.02198,0.02198,-0.0001,-0.45%,0
2019-08-05,0.02208,0.02208,0.02208,0.02208,-0.00012,-0.54%,0
2019-08-02,0.0222,0.0222,0.0222,0.0222,0.00035,+1.60%,0
2019-08-01,0.02185,0.02185,0.02185,0.02185,-0.00004,-0.18%,0
2019-07-31,0.02189,0.02189,0.02189,0.02189,0.00006,+0.27%,0
2019-07-30,0.02183,0.02183,0.02183,0.02183,-0.00022,-1.00%,0
2019-07-29,0.02205,0.02205,0.02205,0.02205,-0.00001,-0.05%,0
2019-07-26,0.02206,0.02206,0.02206,0.02206,0.00001,+0.05%,0
2019-07-25,0.02205,0.02205,0.02205,0.02205,-0.00022,-0.99%,0
2019-07-24,0.02227,0.02227,0.02227,0.02227,-0.00001,-0.04%,0
2019-07-23,0.02228,0.02228,0.02228,0.02228,0.00023,+1.04%,0
2019-07-22,0.02205,0.02205,0.02205,0.02205,-0.00019,-0.85%,0
2019-07-19,0.02224,0.02224,0.02224,0.02224,-0.00017,-0.76%,0
2019-07-18,0.02241,0.02241,0.02241,0.02241,-0.00017,-0.75%,0
2019-07-17,0.02258,0.02258,0.02258,0.02258,0.00007,+0.31%,0
2019-07-16,0.02251,0.02251,0.02251,0.02251,-0.00006,-0.27%,0
2019-07-15,0.02257,0.02257,0.02257,0.02257,-0.00021,-0.92%,0
2019-07-12,0.02278,0.02278,0.02278,0.02278,-0.00017,-0.74%,0
2019-07-11,0.02295,0.02295,0.02295,0.02295,-0.00046,-1.96%,0
2019-07-10,0.02341,0.02341,0.02341,0.02341,0.00013,+0.56%,0
2019-07-09,0.02328,0.02328,0.02328,0.02328,-0.00012,-0.51%,0
2019-07-08,0.0234,0.0234,0.0234,0.0234,0.00002,+0.09%,0
2019-07-05,0.02338,0.02338,0.02338,0.02338,-0.00012,-0.51%,0
2019-07-03,0.0235,0.0235,0.0235,0.0235,-0.00013,-0.55%,0
2019-07-02,0.02363,0.02363,0.02363,0.02363,0.00005,+0.21%,0
2019-07-01,0.02358,0.02358,0.02358,0.02358,-0.00043,-1.79%,0
2019-06-28,0.02401,0.02401,0.02401,0.02401,-0.00014,-0.58%,0
2019-06-27,0.02415,0.02415,0.02415,0.02415,0.00001,+0.04%,0
2019-06-26,0.02414,0.02414,0.02414,0.02414,0.00001,+0.04%,0
2019-06-25,0.02413,0.02413,0.02413,0.02413,0.00002,+0.08%,0
2019-06-24,0.02411,0.02411,0.02411,0.02411,0.00005,+0.21%,0
2019-06-21,0.02406,0.02406,0.02406,0.02406,0.00036,+1.52%,0
2019-06-20,0.0237,0.0237,0.0237,0.0237,-0.00001,-0.04%,0
2019-06-19,0.02371,0.02371,0.02371,0.02371,-0.00005,-0.21%,0
2019-06-18,0.02376,0.02376,0.02376,0.02376,-0.00001,-0.04%,0
2019-06-17,0.02377,0.02377,0.02377,0.02377,-0.00009,-0.38%,0
2019-06-14,0.02386,0.02386,0.02386,0.02386,-0.0001,-0.42%,0
2019-06-13,0.02396,0.02396,0.02396,0.02396,-0.00017,-0.70%,0
2019-06-12,0.02413,0.02413,0.02413,0.02413,0.00005,+0.21%,0
2019-06-11,0.02408,0.02408,0.02408,0.02408,0.00014,+0.58%,0
2019-06-10,0.02394,0.02394,0.02394,0.02394,-0.00013,-0.54%,0
2019-06-07,0.02407,0.02407,0.02407,0.02407,0.00002,+0.08%,0
2019-06-06,0.02405,0.02405,0.02405,0.02405,-0.00019,-0.78%,0
2019-06-05,0.02424,0.02424,0.02424,0.02424,-0.00008,-0.33%,0
2019-06-04,0.02432,0.02432,0.02432,0.02432,-0.00015,-0.61%,0
2019-06-03,0.02447,0.02447,0.02447,0.02447,-0.00011,-0.45%,0
2019-05-31,0.02458,0.02458,0.02458,0.02458,-0.00002,-0.08%,0
2019-05-30,0.0246,0.0246,0.0246,0.0246,0.00005,+0.20%,0
2019-05-29,0.02455,0.02455,0.02455,0.02455,0.00004,+0.16%,0
2019-05-28,0.02451,0.02451,0.02451,0.02451,0.00005,+0.20%,0
2019-05-24,0.02446,0.02446,0.02446,0.02446,0.00002,+0.08%,0
2019-05-23,0.02444,0.02444,0.02444,0.02444,0.00001,+0.04%,0
2019-05-22,0.02443,0.02443,0.02443,0.02443,-0.00002,-0.08%,0
2019-05-21,0.02445,0.02445,0.02445,0.02445,0.00009,+0.37%,0
2019-05-20,0.02436,0.02436,0.02436,0.02436,-0.00007,-0.29%,0
2019-05-17,0.02443,0.02443,0.02443,0.02443,0.00002,+0.08%,0
2019-05-16,0.02441,0.02441,0.02441,0.02441,0.00014,+0.58%,0
2019-05-15,0.02427,0.02427,0.02427,0.02427,0.00012,+0.50%,0
2019-05-14,0.02415,0.02415,0.02415,0.02415,-0.00005,-0.21%,0
2019-05-13,0.0242,0.0242,0.0242,0.0242,-0.00006,-0.25%,0
2019-05-10,0.02426,0.02426,0.02426,0.02426,-0.0001,-0.41%,0
2019-05-09,0.02436,0.02436,0.02436,0.02436,0.00005,+0.21%,0
2019-05-08,0.02431,0.02431,0.02431,0.02431,0.00003,+0.12%,0
2019-05-07,0.02428,0.02428,0.02428,0.02428,-0.00008,-0.33%,0
2019-05-06,0.02436,0.02436,0.02436,0.02436,-0.0001,-0.41%,0
2019-05-03,0.02446,0.02446,0.02446,0.02446,-0.00009,-0.37%,0
2019-05-02,0.02455,0.02455,0.02455,0.02455,0.00004,+0.16%,0
2019-05-01,0.02451,0.02451,0.02451,0.02451,-0.00002,-0.08%,0
2019-04-30,0.02453,0.02453,0.02453,0.02453,0.00001,+0.04%,0
2019-04-29,0.02452,0.02452,0.02452,0.02452,0.00002,+0.08%,0
2019-04-26,0.0245,0.0245,0.0245,0.0245,0.00005,+0.20%,0
2019-04-25,0.02445,0.02445,0.02445,0.02445,-0.00002,-0.08%,0
2019-04-24,0.02447,0.02447,0.02447,0.02447,-0.00006,-0.24%,0
2019-04-23,0.02453,0.02453,0.02453,0.02453,0.00006,+0.25%,0
2019-04-22,0.02447,0.02447,0.02447,0.02447,0,0.00%,0
2019-04-18,0.02447,0.02447,0.02447,0.02447,0.00013,+0.53%,0
2019-04-17,0.02434,0.02434,0.02434,0.02434,0.00006,+0.25%,0
2019-04-16,0.02428,0.02428,0.02428,0.02428,0.00003,+0.12%,0
2019-04-15,0.02425,0.02425,0.02425,0.02425,0,0.00%,0
2019-04-12,0.02425,0.02425,0.02425,0.02425,-0.00001,-0.04%,0
2019-04-11,0.02426,0.02426,0.02426,0.02426,0,0.00%,0
2019-04-10,0.02426,0.02426,0.02426,0.02426,0.00006,+0.25%,0
2019-04-09,0.0242,0.0242,0.0242,0.0242,-0.00003,-0.12%,0
2019-04-08,0.02423,0.02423,0.02423,0.02423,0.00004,+0.17%,0
2019-04-05,0.02419,0.02419,0.02419,0.02419,0.00009,+0.37%,0
2019-04-04,0.0241,0.0241,0.0241,0.0241,0.00007,+0.29%,0
2019-04-03,0.02403,0.02403,0.02403,0.02403,0.00002,+0.08%,0
2019-04-02,0.02401,0.02401,0.02401,0.02401,-0.00004,-0.17%,0
2019-04-01,0.02405,0.02405,0.02405,0.02405,-0.00017,-0.70%,0
2019-03-29,0.02422,0.02422,0.02422,0.02422,-0.00004,-0.16%,0
2019-03-28,0.02426,0.02426,0.02426,0.02426,-0.00001,-0.04%,0
2019-03-27,0.02427,0.02427,0.02427,0.02427,-0.00005,-0.21%,0
2019-03-26,0.02432,0.02432,0.02432,0.02432,-0.00008,-0.33%,0
2019-03-25,0.0244,0.0244,0.0244,0.0244,-0.00012,-0.49%,0
2019-03-22,0.02452,0.02452,0.02452,0.02452,0.00021,+0.86%,0
2019-03-21,0.02431,0.02431,0.02431,0.02431,0.00007,+0.29%,0
2019-03-20,0.02424,0.02424,0.02424,0.02424,-0.00009,-0.37%,0
2019-03-18,0.02433,0.02433,0.02433,0.02433,-0.00004,-0.16%,0
2019-03-15,0.02437,0.02437,0.02437,0.02437,-0.00003,-0.12%,0
2019-03-14,0.0244,0.0244,0.0244,0.0244,-0.00009,-0.37%,0
2019-03-13,0.02449,0.02449,0.02449,0.02449,0.00003,+0.12%,0
2019-03-12,0.02446,0.02446,0.02446,0.02446,0.00005,+0.20%,0
2019-03-11,0.02441,0.02441,0.02441,0.02441,0.00001,+0.04%,0
2019-03-08,0.0244,0.0244,0.0244,0.0244,-0.00009,-0.37%,0
2019-03-07,0.02449,0.02449,0.02449,0.02449,-0.00012,-0.49%,0
2019-03-06,0.02461,0.02461,0.02461,0.02461,-0.00004,-0.16%,0
2019-03-05,0.02465,0.02465,0.02465,0.02465,0.00004,+0.16%,0
2019-03-04,0.02461,0.02461,0.02461,0.02461,-0.00007,-0.28%,0
2019-03-01,0.02468,0.02468,0.02468,0.02468,0,0.00%,0
2019-02-28,0.02468,0.02468,0.02468,0.02468,-0.00002,-0.08%,0
2019-02-27,0.0247,0.0247,0.0247,0.0247,-0.00001,-0.04%,0
2019-02-26,0.02471,0.02471,0.02471,0.02471,0.00006,+0.24%,0
2019-02-25,0.02465,0.02465,0.02465,0.02465,0.00002,+0.08%,0
2019-02-22,0.02463,0.02463,0.02463,0.02463,0,0.00%,0
2019-02-21,0.02463,0.02463,0.02463,0.02463,0,0.00%,0
2019-02-20,0.02463,0.02463,0.02463,0.02463,-0.00002,-0.08%,0
2019-02-19,0.02465,0.02465,0.02465,0.02465,0.00003,+0.12%,0
2019-02-15,0.02462,0.02462,0.02462,0.02462,0.00005,+0.20%,0
2019-02-14,0.02457,0.02457,0.02457,0.02457,0.00004,+0.16%,0
2019-02-13,0.02453,0.02453,0.02453,0.02453,-0.00001,-0.04%,0
2019-02-12,0.02454,0.02454,0.02454,0.02454,0.00006,+0.25%,0
2019-02-11,0.02448,0.02448,0.02448,0.02448,0.00004,+0.16%,0
2019-02-08,0.02444,0.02444,0.02444,0.02444,0.00003,+0.12%,0
2019-02-07,0.02441,0.02441,0.02441,0.02441,-0.00003,-0.12%,0
2019-02-06,0.02444,0.02444,0.02444,0.02444,-0.00002,-0.08%,0
2019-02-05,0.02446,0.02446,0.02446,0.02446,0.00002,+0.08%,0
2019-02-04,0.02444,0.02444,0.02444,0.02444,-0.00007,-0.29%,0
2019-02-01,0.02451,0.02451,0.02451,0.02451,0,0.00%,0
2019-01-31,0.02451,0.02451,0.02451,0.02451,0.00001,+0.04%,0
2019-01-30,0.0245,0.0245,0.0245,0.0245,-0.00003,-0.12%,0
2019-01-29,0.02453,0.02453,0.02453,0.02453,-0.00002,-0.08%,0
2019-01-28,0.02455,0.02455,0.02455,0.02455,-0.00001,-0.04%,0
2019-01-25,0.02456,0.02456,0.02456,0.02456,0.00003,+0.12%,0
2019-01-24,0.02453,0.02453,0.02453,0.02453,0.00005,+0.20%,0
2019-01-23,0.02448,0.02448,0.02448,0.02448,0.00004,+0.16%,0
2019-01-22,0.02444,0.02444,0.02444,0.02444,0.00004,+0.16%,0
2019-01-18,0.0244,0.0244,0.0244,0.0244,0.00004,+0.16%,0
2019-01-17,0.02436,0.02436,0.02436,0.02436,0.00004,+0.16%,0
2019-01-16,0.02432,0.02432,0.02432,0.02432,-0.00002,-0.08%,0
2019-01-15,0.02434,0.02434,0.02434,0.02434,0.00003,+0.12%,0
2019-01-14,0.02431,0.02431,0.02431,0.02431,0,0.00%,0
2019-01-11,0.02431,0.02431,0.02431,0.02431,-0.00002,-0.08%,0
2019-01-10,0.02433,0.02433,0.02433,0.02433,0.00008,+0.33%,0
2019-01-09,0.02425,0.02425,0.02425,0.02425,0.00003,+0.12%,0
2019-01-08,0.02422,0.02422,0.02422,0.02422,-0.00002,-0.08%,0
2019-01-07,0.02424,0.02424,0.02424,0.02424,-0.00014,-0.57%,0
2019-01-04,0.02438,0.02438,0.02438,0.02438,-0.00008,-0.33%,0
"Downloaded from Barchart.com as of 03-24-2026 08:09am CDT"
